u,g,r,i,z,redshift
21.62983,21.98876,21.04943,19.93906,19.17808,0.859018
22.88334,21.53452,19.62278,18.91462,18.48158,0.4182161
26.49967,24.87605,22.14463,20.44383,19.47936,0.7249785
19.14868,17.75976,16.88184,16.40138,16.04989,0.08341331
25.08648,22.43489,22.4695,20.19162,19.29297,0.4655308
22.70639,21.61799,19.87142,19.04157,18.60549,0.446822
26.02915,23.10771,21.19041,20.19319,19.63966,0.5020403
19.2468,17.40371,16.37675,15.91971,15.5553,0.1351003
23.56488,20.95903,19.11746,18.37934,17.98592,0.425164
24.03304,22.4207,20.71708,19.73387,19.11408,0.4915724
22.21777,20.35271,19.02954,18.50294,18.08986,0.1827142
22.34012,22.03411,21.07709,19.9096,19.67106,0.7339134
17.81661,16.86976,16.53884,16.19576,16.08668,0.07277206
23.98407,22.87586,20.98058,19.84581,19.44941,0.7065533
21.05829,18.93913,17.65446,17.11477,16.72478,0.1602119
22.12567,21.4219,20.43525,19.64009,19.25849,0.5048032
22.45882,22.59752,20.75354,19.84827,19.28332,0.5222368
19.63902,17.70278,16.75971,16.31807,16.00097,0.1047586
20.86178,20.72445,20.49611,20.35727,20.15846,0.7662979
18.99579,17.84767,17.41374,17.21564,17.0409,0.03594115
23.00808,21.73048,20.39829,19.50148,19.06412,0.5968496
23.76435,22.10803,20.39083,19.43677,18.89482,0.495328
20.357,18.13789,16.94952,16.41857,15.99974,0.13617
21.13529,19.14179,17.90847,17.38075,16.99253,0.1696374
24.01601,21.49918,19.65333,19.00508,18.7248,0.3220871
21.3063,19.48057,18.08123,17.51187,17.11085,0.2360673
25.59852,22.1001,20.734,19.87671,19.48395,0.5057719
20.52631,18.59811,17.63379,17.19586,16.8038,0.1063906
22.58935,21.96582,20.43052,19.57128,19.29285,0.5417354
19.55634,18.02719,17.18931,16.89634,16.71333,0.2158133
24.58019,20.60474,18.98383,18.92474,22.82658,0.07438198
19.07068,17.82891,17.22108,16.86427,16.63586,0.1168613
20.92939,18.51675,17.1587,16.64246,16.23504,0.1685506
20.3381,18.57937,17.68758,17.27777,16.9587,0.07277419
24.36466,23.51515,20.64113,19.54487,18.94656,0.6043289
18.41275,16.41211,15.39821,14.88834,14.50716,0.06612448
18.54732,17.45159,16.97853,16.64967,16.4966,0.05823163
19.25625,17.18024,16.06401,15.60862,15.22456,0.1224884
24.96957,21.65351,19.86486,18.99365,18.5352,0.4719779
22.26109,23.84254,21.55035,20.05554,19.34628,0.6775313
19.14455,18.24567,17.76194,17.37677,17.40249,0.07250893
19.83699,18.59277,17.77787,17.34097,17.02734,0.1378882
23.12897,21.66299,20.43476,19.80605,19.47007,0.2687375
25.22962,22.02407,20.40972,19.50211,18.97591,0.5005111
22.41442,21.92676,20.30728,19.42111,18.86772,0.5373566
22.29147,19.08313,17.46027,16.85997,16.46144,0.3008811
20.40546,18.86302,17.5429,16.96569,16.54022,0.2108453
21.63937,20.47736,19.96518,19.26629,19.09925,0.08112783
23.43509,21.39673,19.67368,18.8923,18.40677,0.437746
20.4386,18.35083,17.12656,16.62139,16.2441,0.1652647
19.89237,18.57446,17.73863,17.2626,16.92421,0.152978
19.64653,17.76246,16.81127,16.35822,16.03629,0.1064522
20.76025,18.6469,17.66177,17.247,16.89311,0.1020122
22.51434,19.30406,17.77114,17.23857,16.87481,0.2630797
21.71554,19.57651,18.03895,17.5104,17.16813,0.2613815
22.79144,22.39899,20.66102,19.75126,19.21852,0.5575433
19.38853,17.67984,16.85282,16.44194,16.12658,0.06401734
19.20849,17.7398,16.88828,16.4864,16.17032,0.1072668
20.57721,18.60331,17.58051,17.15952,16.76744,0.1242138
20.92794,19.78006,18.91119,18.56629,18.26939,0.2672658
19.42164,17.97906,17.23171,16.84944,16.56407,0.09179686
23.03168,23.2106,21.38886,20.27658,19.84045,0.5632229
20.20056,18.26893,17.18741,16.70919,16.39137,0.1505248
22.65451,21.60033,20.57157,19.72731,19.23701,0.567069
22.55796,22.40504,20.58557,19.49952,18.95911,0.5489793
19.87001,17.90517,16.93169,16.49078,16.11882,0.09331674
22.3092,22.013,21.95285,21.99253,21.70576,0.9255035
19.18577,18.00513,17.63232,17.33785,17.21149,0.07647134
20.26027,18.28248,17.34311,16.91733,16.57376,0.08428302
17.50796,15.86984,15.13024,14.75347,14.4774,0.02895827
19.39541,17.3649,16.27467,15.73435,15.32291,0.0778772
25.48994,22.15184,20.3029,19.42365,18.94107,0.5113469
21.13345,20.53955,19.6405,19.4524,19.2165,0.317708
22.63747,21.89533,20.75168,19.49045,18.81414,0.6800922
21.12385,19.36044,17.89835,17.35837,16.99774,0.2731616
21.81584,21.70106,21.46836,21.4164,22.57272,0.01533972
22.21259,21.19081,20.72015,19.72401,19.41151,0.1596193
19.47824,18.28514,17.54713,17.13289,16.86502,0.1621697
18.97089,17.63996,16.88006,16.44113,16.17152,0.1606576
19.88667,18.04897,17.2093,16.81571,16.5044,0.05253008
26.27179,22.50757,20.95283,20.10129,19.6025,0.5716243
22.96243,22.35576,20.68645,19.68022,19.21983,0.5306728
19.26677,18.16813,17.80857,17.51017,17.42209,0.06894143
17.97657,16.4535,15.71211,15.31671,15.00458,0.04702791
24.01229,22.35834,20.72154,19.70251,19.41581,0.5629466
20.25021,18.15434,17.12872,16.68585,16.31807,0.1305501
27.65219,21.71958,20.11121,18.97594,18.27995,0.5846833
20.54356,18.78204,17.62811,17.04341,16.66484,0.1489446
24.39234,23.61608,21.28397,20.11043,19.69923,0.5673512
23.8687,22.3136,21.61989,20.16913,19.86174,0.7697648
19.28395,17.34927,16.46821,16.06713,15.76421,0.07592352
18.37519,16.2956,15.33285,14.85617,14.49351,0.02783617
21.61384,21.11452,20.31808,19.46436,19.34415,0.6838267
22.18848,22.29929,21.20057,19.6585,19.08531,0.7574086
19.58236,18.16424,17.61038,17.29964,17.05062,0.07967152
25.27542,21.06925,19.28058,18.57194,18.16888,0.3011687
24.63609,22.30995,20.97274,19.89654,19.40849,0.5351464
22.71428,22.0072,20.15091,19.16046,18.70397,0.5419294
18.9487,18.06031,17.6497,17.43219,17.30771,0.0235806
23.40783,23.19246,20.91706,19.89569,19.25903,0.5595118
18.17915,16.95059,16.34499,15.92679,15.72616,0.07850926
23.3524,22.89122,21.37449,20.27931,19.63397,0.6195953
22.77928,22.54375,20.73975,19.6144,19.04826,0.5381031
18.82215,17.78672,17.26291,16.88925,16.68503,0.1063798
20.17376,18.29117,17.22979,16.76032,16.35075,0.1182997
22.50948,20.43818,18.67403,18.03815,17.57851,0.3642415
19.89047,18.28827,17.50035,17.22814,16.95867,0.04257753
20.83887,18.84694,17.77775,17.25413,16.89036,0.1772547
20.53559,18.27308,17.07608,16.57043,16.19427,0.1466523
19.23595,18.00301,17.55998,17.28092,17.17517,0.08275779
19.93694,18.37053,17.31381,16.85765,16.50855,0.1769731
18.97285,17.4531,16.65532,16.2455,15.9763,0.08236475
19.9042,17.87559,16.88584,16.43191,16.06501,0.1006792
23.61703,23.26384,21.62474,20.3684,19.72578,0.6889471
22.25819,21.13992,20.14368,19.38781,19.01592,0.5964609
21.368,18.95167,18.0284,17.61255,17.27497,0.1118439
25.91835,22.01141,20.34533,19.3702,19.08768,0.5121254
23.38586,21.49483,20.04852,19.04187,18.45699,0.5215362
24.26334,22.4563,21.03476,20.10658,19.84506,0.4817612
20.71588,18.09968,26.27825,25.72778,24.42436,0.1508046
25.96736,22.08325,20.36611,19.56567,19.11847,0.5485751
22.53754,22.05606,20.60671,19.695,19.22592,0.4447733
23.07293,22.53386,21.44228,20.419,19.65638,0.7012784
20.52072,18.43552,17.40654,16.95961,16.58029,0.1267255
23.85098,22.32872,20.9212,20.00255,19.52442,0.5049798
21.88753,21.64339,21.51958,21.86776,21.91567,0.0129316
22.86683,22.90668,21.16321,19.77472,19.40796,0.6495835
23.94201,21.64119,20.4921,19.66261,19.35313,0.5908269
18.98516,17.34394,16.56421,16.20214,15.89514,0.02013018
18.86904,17.33856,16.6038,16.20782,15.95463,0.08185956
19.43545,17.93626,17.13148,16.72516,16.40298,0.08919691
24.10483,23.76773,21.9227,20.57549,19.68316,0.725993
25.49442,21.68591,20.01934,19.14583,18.78275,0.4950394
23.61333,22.10288,20.2135,19.30401,18.67311,0.5024474
22.64933,20.86569,19.95803,19.5724,19.12731,0.09752622
23.76784,22.90275,21.13334,19.95488,19.42675,0.6071722
23.66544,21.82942,20.07822,19.24685,18.86833,0.4606665
25.18559,22.54041,20.97248,19.96778,19.44798,0.585405
24.75162,22.65071,21.27908,20.23658,19.47945,0.5407062
22.7722,20.43802,18.84529,18.22345,17.83413,0.2961533
22.64723,20.94764,19.41917,18.8487,18.56115,0.305647
18.49069,18.0791,18.03934,17.66487,17.99057,0.09905367
25.49627,22.50939,20.95074,19.89563,19.31838,0.6523193
18.71709,16.68054,15.72432,15.28335,14.94289,0.0817799
22.39298,21.94659,20.56364,19.80892,19.78198,0.6025966
23.71852,23.42159,21.06581,19.8265,19.09418,0.624424
24.66489,22.32919,20.64038,19.7849,19.40656,0.4520902
25.0825,22.09985,20.19817,19.30379,18.60932,0.5391683
22.53779,21.82743,20.85481,19.8073,19.04399,0.7422971
19.16173,17.70902,16.97973,16.59971,16.327,0.08806665
21.91942,21.41624,20.64714,19.82661,19.50936,0.580314
22.97491,22.04099,20.25553,19.40389,18.85654,0.5414596
23.41459,21.52198,19.9889,19.07776,18.55759,0.5247762
19.72742,18.4175,17.74107,17.35452,17.11783,0.132967
25.63057,23.15524,21.40502,20.35188,19.6767,0.6536729
19.0535,17.68436,16.94936,16.5463,16.24973,0.131236
23.24652,23.64057,22.03416,20.38918,23.02182,0.2833855
23.32893,20.71346,18.81694,18.17518,17.70987,0.3554933
24.12785,22.46222,21.11654,20.17359,19.78018,0.3953151
20.31026,18.52072,17.44175,16.88471,16.45945,0.124394
19.2723,17.28528,16.29763,15.89044,15.52971,0.09792546
22.04181,22.28613,21.85151,21.55171,22.79009,0.07002574
19.8118,18.33955,17.65051,17.31983,17.05992,0.1621091
20.47603,18.63272,17.63058,17.16108,16.79741,0.1437633
26.83182,22.51903,20.74764,19.62352,19.29872,0.6313781
19.58351,18.307,17.55432,17.1507,16.87822,0.1388665
18.21078,17.01647,16.61431,16.38274,16.33875,0.03112363
23.65146,22.70678,20.69274,19.44372,18.84867,0.6687653
19.66282,18.3277,17.5725,17.09847,16.79785,0.06025022
24.44333,21.57279,20.05094,19.26199,18.70857,0.3940141
23.5365,22.82364,21.79726,20.95314,21.20784,0.5515397
24.37253,22.04249,20.37338,19.75618,19.36231,0.4105153
23.72216,22.68267,21.25725,19.94914,19.18218,0.6562622
22.13678,20.4018,18.60537,17.99866,17.50467,0.3333696
23.41295,22.21544,20.22015,19.36329,18.97088,0.4486186
22.25036,21.744,20.06245,19.1122,18.6554,0.5572587
20.01242,18.41632,17.75452,17.37166,17.08978,0.07470006
21.69088,20.58606,18.86243,18.27062,17.86426,0.405037
18.93981,17.26571,16.36699,15.88269,15.52176,0.06031544
19.89182,17.86359,16.71941,16.21463,15.79613,0.124316
24.72185,21.53489,19.78205,19.09266,18.62971,0.2597129
20.59237,18.22011,16.87237,16.36202,16.08219,0.2188129
24.06177,22.03394,20.20461,19.13837,18.47593,0.5485017
24.80666,23.82722,21.37827,20.21617,19.59908,0.6446907
25.49704,22.66205,21.19126,20.11374,19.45301,0.5111138
18.50465,17.88639,17.69642,17.38303,17.41173,0.1056686
22.99156,21.98523,20.46443,19.48753,19.19727,0.4667077
20.40665,18.43211,17.45365,17.01959,16.66479,0.1161023
19.32045,17.40391,16.4832,16.05353,15.70895,0.05819335
20.28365,18.78819,18.2776,17.89518,17.7027,0.09756941
23.02685,21.21514,19.43206,18.60176,18.0582,0.4457436
19.4301,17.75789,16.91805,16.51355,16.20284,0.08149272
23.59965,21.58764,19.95899,19.15542,18.67127,0.4711015
25.26176,22.10741,20.39272,19.38543,18.95618,0.5270289
23.38771,22.37646,20.58309,19.56087,19.21497,0.5428544
23.71818,22.92858,22.22134,20.3488,20.22439,0.7665219
26.82022,21.79404,20.5654,19.59481,19.22437,0.5270074
19.73132,17.51002,16.39967,15.94477,15.58448,0.1335346
24.14642,21.43071,20.20021,19.36941,19.01738,0.5601001
25.45575,22.33834,20.9911,19.75507,19.13252,0.7734714
19.06687,18.04725,17.50876,17.15615,16.95123,0.1300338
22.89977,21.67736,20.26563,19.34356,18.77853,0.5499076
23.91697,22.55824,21.17331,20.12249,19.42035,0.5574463
18.08182,16.40516,15.61448,15.17521,14.85927,0.06064306
18.49344,16.91171,16.01138,15.5017,15.11791,0.07842979
25.96556,23.12857,21.40281,20.30654,19.58363,0.657568
19.50069,17.4236,16.53175,16.09165,15.86524,0.08288758
23.82398,21.75976,20.34333,19.51949,19.02017,0.5237113
23.51512,21.67279,20.05348,19.25385,18.97968,0.4391628
19.31312,17.59047,16.71713,16.28831,16.00516,0.08424968
22.67798,21.50582,19.95579,19.17343,18.71073,0.4440374
20.09082,18.5352,17.70898,17.33368,17.02567,0.07141046
18.46657,16.59985,15.65318,15.14989,14.68322,0.03804831
19.98974,18.42702,17.56436,17.05227,16.67429,0.0921118
23.07218,22.29809,20.79694,19.92889,19.43925,0.5283846
17.89386,16.11245,15.34051,15.00042,14.70411,0.09642068
24.60294,22.60737,20.42151,19.11737,18.8226,0.5881991
20.21312,18.31372,17.33307,16.86298,16.50037,0.09288623
18.11115,16.53094,15.67091,15.23422,14.87831,0.1061958
20.70354,18.72231,17.65706,17.20918,16.81936,0.1311559
25.70719,20.97977,19.18584,18.43619,18.03027,0.4598066
19.69106,17.71071,16.61954,16.15718,15.81648,0.1513453
17.64924,16.49497,16.07693,15.8102,15.66839,0.03966612
19.54414,18.32205,17.31414,16.84672,16.53323,0.2224094
23.27514,23.36436,21.84183,20.62008,20.19613,0.6463181
19.57485,17.80504,16.76533,16.2564,15.89275,0.1410736
17.68562,16.21163,15.54412,15.15459,14.86991,0.04742543
24.75507,22.31698,20.93365,20.14632,19.67897,0.4470545
19.44475,18.22838,17.58501,17.20427,16.93722,0.1269461
18.3487,16.56643,15.71013,15.33806,15.03524,0.08317761
23.75065,21.97201,20.52423,19.29388,18.90499,0.583773
23.90431,22.78755,20.79662,19.92155,19.14371,0.6031657
17.05424,15.56767,14.90774,14.53095,14.28518,0.06192431
19.28462,18.15754,17.5493,17.1875,16.96003,0.1517965
19.80651,17.97992,17.14468,16.75455,16.41967,0.04232889
22.13144,21.04081,19.81906,19.41955,19.24524,0.2482088
22.16746,21.30772,20.26351,19.44548,19.03626,0.6322535
20.84347,18.613,17.37907,16.80939,16.3687,0.1532173
23.85603,22.47175,20.62187,19.66026,19.05722,0.512094
18.91716,17.20417,16.34522,15.90251,15.58279,0.07719435
19.47841,18.30359,17.34458,16.90624,16.64591,0.2101539
23.87942,22.74096,21.43024,20.25228,19.9535,0.5154579
20.209,18.13825,16.99668,16.50987,16.13952,0.157879
17.39736,16.11545,15.52495,15.17717,14.99923,0.07287213
22.17576,21.99784,20.30511,19.34908,18.87108,0.6178927
26.2674,22.31379,20.51276,19.69769,19.36128,0.4509145
24.01377,22.40796,20.86676,19.62419,19.14874,0.5961109
19.87867,17.80488,16.64135,16.16825,15.7715,0.125227
23.51498,20.90257,18.8958,18.0785,17.55682,0.4762199
26.01566,22.05792,20.3407,19.48907,19.03254,0.4874804
17.3818,16.28699,15.86345,15.60879,15.44028,0.03810148
23.23841,21.07478,19.69164,18.62809,18.34633,0.5489395
20.50559,18.48607,17.31686,16.84368,16.45447,0.1546073
21.62307,21.66269,20.11227,19.27282,18.8588,0.5742838
22.81925,22.06732,20.52429,19.3731,18.89224,0.6261203
20.96685,18.66494,18.30285,17.62442,24.14536,0.1537517
20.28678,18.61244,17.51559,17.03694,16.67099,0.2024067
22.62324,21.45821,20.67485,19.77448,19.19366,0.04603851
22.20058,19.98862,18.22307,17.62288,17.24718,0.3403298
18.7569,17.4133,16.80495,16.39171,16.28268,0.1084747
22.18643,19.8975,18.60158,18.12275,17.8137,0.1822708
19.0881,17.75493,17.15038,16.82282,16.57432,0.08544985
22.12278,21.54462,20.11279,19.34004,18.90016,0.5367392
24.8877,21.72773,19.99375,18.97614,18.43967,0.5216325
20.0058,18.1188,17.18003,16.71806,16.39706,0.1823632
20.85163,18.45322,17.01914,16.47153,16.1092,0.2193648
21.27189,19.04059,17.63769,17.11332,16.78031,0.2603649
20.03711,18.1584,17.28183,16.8257,16.5104,0.06240857
19.38695,17.81896,17.00409,16.53639,16.2599,0.06992436
24.98542,22.45744,20.59691,19.33855,18.59563,0.6881217
26.86093,20.89113,19.13587,18.38046,17.80507,0.4138506
26.38721,22.1908,20.40822,19.32073,18.88828,0.5487474
22.54156,20.73239,18.97272,18.29818,17.83772,0.4144616
22.14088,21.61359,19.76816,18.96132,18.51306,0.4669564
23.61516,23.69777,22.30281,20.86641,19.83668,0.8748945
19.7377,18.05974,17.40733,16.99284,16.76559,0.1120263
21.46608,19.44445,17.89332,17.33777,16.99036,0.2654219
23.30482,20.99506,19.1769,18.54003,18.15164,0.3397128
23.25145,22.43799,20.86875,19.88485,19.64007,0.530122
20.28279,17.96944,16.9627,16.56545,16.16561,0.1205768
23.58124,22.76309,21.66068,21.21134,20.88943,0.3116077
25.04457,22.36809,20.67218,19.52583,18.87569,0.6950566
26.08775,23.33409,21.95806,20.66425,19.99302,0.7714253
22.81977,20.79221,19.0476,18.37657,17.86527,0.37544
19.8242,18.16661,17.374,16.95294,16.68089,0.08531589
25.89512,22.07136,20.64573,19.85837,19.34088,0.4210852
22.26814,19.42219,17.90623,17.37563,17.03765,0.2641742
19.34652,17.49284,16.6798,16.31855,16.01687,0.04520881
18.99152,17.471,16.6255,16.10415,15.79107,0.09091548
22.57347,20.39121,18.79311,18.05226,17.55857,0.2960663
19.89806,18.01023,16.93975,16.47582,16.09128,0.1348605
20.77484,18.6689,17.55013,17.07713,16.67045,0.1279715
22.63462,22.6401,20.37018,19.11619,18.51849,0.7229145
22.39787,21.61136,20.474,19.62581,19.12441,0.5609094
22.1359,21.77008,20.83166,19.76111,19.14944,0.7670076
24.22813,22.69165,20.45935,19.43697,19.02173,0.5322236
23.55778,21.95101,20.43107,19.52622,19.13245,0.5574679
20.35045,18.6087,17.61492,17.21386,16.8635,0.1252593
19.97892,18.37035,17.49778,17.09564,16.76079,0.1024124
22.32094,21.1863,19.49375,18.48701,17.94003,0.535487
22.19386,21.70326,20.58917,19.58848,18.8854,0.6192781
21.83748,20.2107,18.61685,18.05866,17.72011,0.3314984
20.19831,18.33648,17.47336,17.08312,16.75509,0.0827219
19.85677,17.94048,17.33028,16.94342,16.66309,0.06770632
22.49244,21.68562,20.45916,19.73489,19.17771,0.5844404
23.53829,22.19061,20.50577,19.59555,19.23159,0.5335996
25.23443,22.46332,21.11282,19.80701,19.65491,0.65534
24.5785,26.2657,22.51432,21.26847,19.98018,0.645686
19.03568,17.10217,16.21664,15.75258,15.43717,0.05450086
19.60521,18.09684,17.29472,16.89012,16.58844,0.07130479
20.30779,18.17025,17.21215,16.79587,16.4419,0.08365857
23.61078,21.97389,20.6598,19.73776,19.24957,0.5604237
19.55315,17.69362,16.72261,16.30935,15.98058,0.09858389
18.38806,17.26729,16.76876,16.43032,16.30887,0.06713881
23.27914,22.10753,20.52731,19.66613,19.26531,0.4645922
23.57053,22.05915,20.70441,19.89771,19.50142,0.5221282
21.78087,21.62963,19.76428,19.03288,18.61439,0.4337192
20.25107,18.46716,17.19081,16.70152,16.36518,0.2068974
22.699,20.99429,19.22293,18.5934,18.11614,0.3915381
19.31039,18.21644,17.69363,17.51861,17.18712,0.04780856
23.53629,22.56935,20.46402,19.54799,19.05789,0.552456
20.81333,18.70045,17.63068,17.16467,16.7852,0.1246078
22.75217,20.80279,19.80389,19.2746,18.90775,0.2521404
24.96346,20.14915,18.27913,17.59926,17.20294,0.3826952
22.8381,19.77759,18.36418,17.68249,17.24819,0.1813731
23.50239,22.48906,20.91681,19.89504,19.45308,0.5883481
23.68934,21.73804,20.00486,19.35481,18.96305,0.3883558
19.50682,18.34811,17.73306,17.3422,17.11904,0.1423473
20.63281,18.61642,17.61599,17.1702,16.79907,0.1125359
21.06924,18.37634,16.9283,16.35142,15.98641,0.2294039
20.86728,18.73813,17.6132,17.16538,16.80629,0.1522566
18.51735,17.48384,17.06217,16.82633,16.60761,0.03890887
18.82022,17.77765,17.38575,17.11128,16.9354,0.08633461
20.74777,18.76857,17.6009,17.12789,16.759,0.168676
20.09483,18.43499,17.71305,17.39224,17.1363,0.1455106
21.08415,19.00674,17.74447,17.23851,16.89033,0.1922261
24.40577,20.46966,18.58641,17.97859,17.52364,0.3879543
23.90055,22.53365,20.86813,19.97302,19.48823,0.5533286
22.40758,21.98896,20.59526,19.77662,20.24312,0.3551003
25.26877,23.45652,21.85079,20.62781,20.11431,0.7741643
25.61382,21.81741,20.2318,19.35267,18.87639,0.4820904
18.9985,17.85492,17.28891,16.95271,16.75707,0.0812085
23.58369,23.443,22.06594,20.53009,20.16672,0.5520661
22.32603,20.63977,18.7192,18.08809,17.67736,0.3733322
22.68678,21.76539,20.34206,19.39276,18.94706,0.4929163
22.33474,22.8025,21.289,20.03279,19.25608,0.8684766
20.07874,18.69612,17.78497,17.35784,17.08168,0.1629644
20.0248,18.12777,17.19118,16.74505,16.41169,0.08128621
19.90958,18.35621,17.39699,16.96537,16.67216,0.1220537
18.68314,17.3202,16.57447,16.16867,15.89158,0.1032257
24.6803,21.20762,19.18901,18.47636,17.99793,0.3892646
23.8809,23.21214,21.40164,20.09503,19.72938,0.6004177
18.9411,17.78809,17.40729,17.1468,17.02588,0.07623333
25.24815,22.41998,20.66697,19.58758,19.01671,0.5944023
23.08074,20.59497,18.95699,18.30386,17.87591,0.3799873
19.11118,17.95108,17.54824,17.32599,17.16966,0.04106522
23.14883,21.90556,20.32972,19.36579,19.05215,0.4747555
21.85242,21.28725,20.13625,19.40981,18.9894,0.6267465
21.45531,18.8386,17.20434,16.63713,16.25324,0.2743216
23.78055,22.3778,20.64963,19.74602,19.22062,0.5451815
19.76295,18.22811,17.24939,16.8859,16.48256,0.1226221
20.29762,18.70003,17.63444,17.11775,16.72854,0.1828813
22.94113,21.79474,20.47843,19.25839,18.88385,0.6791561
25.14311,22.32966,21.06593,20.05793,19.69366,0.4886564
20.19108,18.12336,16.78304,16.20603,15.78033,0.1593094
24.34994,22.38756,20.95479,19.6273,19.0123,0.8087612
23.02815,22.20726,20.68387,19.55983,19.09237,0.5578192
25.71026,19.37232,17.90718,17.34825,17.09281,0.2130303
23.8451,22.49116,20.61693,19.50969,19.02504,0.5903633
21.54929,19.3798,17.96845,17.43249,16.99396,0.2127296
18.86694,16.89172,15.9012,15.47136,15.10452,0.08704937
25.99244,21.8652,20.24811,19.41587,18.8545,0.5573665
19.52953,17.4015,16.41828,15.9281,15.54064,0.05899673
18.16746,16.84846,16.2298,15.82586,15.54955,0.05352432
23.72254,22.9748,20.93558,19.76705,19.18761,0.6425999
20.48706,18.90289,17.79595,17.33059,16.99898,0.2316139
22.71693,22.47279,20.57026,19.4511,19.01336,0.6337785
19.50972,18.36381,17.8925,17.5799,17.44651,0.1074706
19.66617,18.46032,18.04557,17.72231,17.5884,0.06096138
23.67086,22.07536,20.27381,19.44309,18.82177,0.4783263
24.63451,23.6562,21.48066,20.47967,20.03772,0.5236138
19.88251,17.82724,16.74535,16.26693,15.90477,0.1266894
19.62545,18.18049,17.39317,16.98569,16.65924,0.07636304
19.26072,17.97265,17.27236,16.8894,16.6526,0.1032497
19.98079,18.03731,17.0778,16.64716,16.29061,0.09004945
23.20408,21.06101,19.83097,19.02688,18.59126,0.5235062
22.79253,20.7246,18.97918,18.2696,17.82165,0.4130451
18.89173,16.86748,15.95955,15.52783,15.19633,0.05263862
25.9491,21.76402,20.15123,19.2576,18.70422,0.4584496
21.95897,20.4278,18.73429,18.11562,17.7474,0.330729
25.45757,21.51466,19.57522,18.80284,18.30875,0.452852
23.17808,21.67538,20.21771,19.45754,18.91424,0.4732902
24.55772,21.29317,20.4531,19.41887,18.95479,0.4499865
20.78781,18.81384,17.74727,17.3206,16.95881,0.1230656
22.75822,21.47144,19.57037,18.88848,18.46787,0.3859267
19.98147,18.48709,17.64974,17.26988,16.9702,0.1246892
24.346,22.36235,20.7037,19.6894,19.39544,0.5055885
25.50976,21.57665,20.16142,19.26838,18.79314,0.5998926
24.5783,22.37471,20.84226,19.58494,18.96641,0.6340035
24.79452,22.0654,20.40176,19.44597,19.00089,0.5026799
19.31188,17.8168,17.10814,16.75123,16.47878,0.1305486
23.54196,22.95643,21.1214,19.95021,19.50434,0.560912
25.12859,22.23681,20.33765,19.40303,19.1361,0.511146
24.50739,22.69879,20.44545,19.55597,19.10962,0.4784946
19.15195,17.94258,17.30023,16.91934,16.62581,0.09483168
23.7023,23.20723,20.81284,19.7403,19.09693,0.6365224
18.8722,17.52619,17.07585,16.88231,16.78888,0.01786385
22.86545,20.96319,19.27267,18.57626,18.22807,0.3469219
19.58852,18.27225,17.641,17.26272,17.06217,0.1245439
21.91397,21.84395,20.67572,19.82329,19.55978,0.491482
20.55415,18.63515,17.47382,16.9844,16.61977,0.1554699
25.87277,22.85929,21.1774,20.09336,19.44121,0.7347714
24.5519,22.42184,20.92916,19.84612,19.55166,0.5148382
23.99743,20.51815,18.80651,18.1634,17.75747,0.3219294
20.62036,18.64897,17.57505,17.01331,16.60016,0.1242367
25.32393,22.29357,20.75958,19.76942,19.08458,0.5013509
20.20549,18.54008,17.47727,17.00866,16.68317,0.1493856
20.07549,19.18799,18.85612,18.53633,18.47965,0.08693908
25.22575,21.72572,19.84981,18.96999,18.53829,0.466567
25.29964,22.14296,20.31272,19.4953,18.97765,0.4877634
20.72442,18.59656,17.4618,17.02094,16.63685,0.1403735
21.23169,20.49996,19.50064,19.11764,18.83039,0.2230291
25.20812,22.08029,20.1893,19.33491,18.83178,0.4486277
23.83504,22.18416,20.40055,19.2612,18.7224,0.5810351
25.41252,21.98217,20.43256,19.6713,19.1373,0.5509844
24.54097,21.94024,20.2419,19.15179,18.72683,0.6110501
22.78077,21.54478,20.11152,19.11481,18.70775,0.4895739
23.74236,20.79147,19.11701,18.28714,17.81655,0.4645058
23.31586,22.91316,20.56187,20.43759,20.31595,0.01811974
22.08126,21.17114,19.27708,18.26394,17.8074,0.5156041
26.13477,22.14583,21.03421,19.6572,19.12427,0.5969722
24.00005,22.13476,20.52223,19.22956,18.98962,0.5440168
22.365,21.26546,19.58805,18.93595,18.68947,0.3206727
18.52936,17.7419,17.41445,17.26286,17.20387,0.01382665
18.85399,17.44323,16.78887,16.39801,16.13158,0.0775177
19.43084,17.71259,16.76803,16.22858,15.77959,0.05208707
18.39317,17.28114,16.81574,16.47314,16.32967,0.08500416
22.02382,21.36206,20.14312,19.41117,18.81928,0.5540471
19.90203,18.46016,17.64675,17.19508,16.8629,0.1295223
19.32801,17.38264,16.36317,15.91777,15.55646,0.1083905
23.83202,22.28831,20.61751,19.62272,19.18053,0.5035996
26.32851,21.80323,20.09432,19.12502,18.56309,0.5232755
19.54133,17.65355,16.74457,16.36646,16.05812,0.09629201
24.5987,22.96247,21.34656,20.01489,19.36731,0.6695341
23.65027,23.03184,21.44938,20.45118,20.53066,0.4811812
25.84968,22.32915,20.75392,19.77522,19.20425,0.561511
24.24165,21.33228,19.61139,18.6854,18.13367,0.482764
21.3396,20.66292,20.01312,19.60274,19.41456,0.1959593
23.68229,22.59457,21.10485,19.92509,19.53869,0.5596636
22.05337,22.07075,20.51379,19.60051,19.42513,0.5316428
20.34606,18.47644,17.45641,17.04757,16.73219,0.1250942
19.0283,17.84319,17.37463,17.08003,16.94883,0.04701209
19.9376,18.24867,17.45753,17.08006,16.78941,0.04471629
20.28443,18.41,17.38201,16.98245,16.63604,0.108734
22.24388,21.30514,20.77698,20.56329,20.29593,0.2332814
20.09973,18.30745,17.52377,17.15908,16.88722,0.0744343
20.97547,19.02432,17.73713,17.22996,16.90593,0.2071493
24.25537,20.2841,18.66214,18.11324,17.86567,0.3197377
20.27345,18.35833,17.30661,16.85205,16.45218,0.125938
22.67423,22.01057,20.47998,19.65989,19.23995,0.473036
26.17384,22.31069,20.59721,19.56691,19.07878,0.4980901
21.30107,19.02937,17.60633,17.04571,16.68989,0.2012372
24.24692,22.3216,20.62575,19.66866,19.1258,0.5022979
23.24939,21.96608,20.46418,19.33862,18.81236,0.6026742
26.33545,23.01126,21.68588,20.55359,19.70408,0.6945035
22.18774,21.56975,20.20476,19.2008,18.73569,0.5680384
21.6694,22.03593,19.82905,18.95174,18.30404,0.5234812
25.3224,22.85472,20.4996,19.33202,18.91354,0.5329952
19.75459,18.21321,17.56383,17.2011,17.08034,0.1747319
20.97641,18.84983,17.76472,17.31802,16.92852,0.127874
23.20247,22.64296,21.33435,20.11227,19.62309,0.5648978
21.92616,20.55442,19.00043,18.38663,18.06018,0.319007
19.94019,18.26224,17.43789,16.97826,16.62706,0.07943142
19.06279,17.36686,16.32109,15.83229,15.41381,0.1328582
19.79778,18.15247,17.29062,16.8509,16.48046,0.04503284
23.66354,22.77653,21.06551,20.01042,19.70979,0.5096848
21.19201,20.31654,19.21616,18.75988,18.4438,0.2897872
20.46145,18.36093,17.21267,16.75006,16.40659,0.1483337
23.58861,22.03366,20.6775,19.71386,19.13164,0.5001592
26.68747,20.76773,19.04195,18.35488,17.91499,0.3174305
25.16018,21.76123,19.95624,19.11484,18.60383,0.4724604
25.64212,22.15079,20.24864,19.41059,19.11016,0.4169905
24.10804,22.072,20.44374,19.40837,18.75789,0.5218515
25.67153,21.37457,19.47077,18.52076,18.10513,0.4878898
26.69145,22.48189,20.84126,19.57586,18.892,0.6477726
21.57508,19.29389,17.9798,17.46313,17.07549,0.1888533
20.13688,18.31262,17.32447,16.91961,16.5872,0.1436602
24.98743,22.89753,21.45977,20.39957,19.59195,0.6549796
22.66263,21.05058,19.45059,18.63087,18.17281,0.4241867
22.85626,21.68681,20.26242,19.52141,19.13638,0.4810633
23.55244,22.21301,20.60138,19.32892,18.78304,0.6096331
22.32472,21.03278,19.7608,19.22998,18.70999,0.2679581
21.23579,18.70251,17.62892,17.027,16.69348,0.1088364
27.04993,22.67194,20.79904,19.8285,19.17715,0.566848
21.2202,19.2,17.86162,17.29442,16.88126,0.1880758
24.10096,21.17403,19.61751,18.67789,18.16375,0.4422526
18.68978,17.45983,16.9766,16.62937,16.46981,0.1031646
23.10098,21.78143,20.184,19.27738,18.81319,0.4521954
23.05899,21.77523,20.69038,19.72772,19.15202,0.575166
21.9008,21.51553,19.63171,18.91998,18.53438,0.4059783
24.42244,21.73996,20.25467,19.46756,19.08639,0.4021631
21.91646,19.92886,18.2438,17.68815,17.2963,0.3051426
20.10349,18.43108,17.54441,17.09497,16.77984,0.07972959
19.63453,18.51933,17.73838,17.31973,17.04664,0.162824
23.34103,22.52239,21.03741,19.79094,19.18417,0.7933241
25.04141,22.18001,20.48211,19.38749,18.82913,0.5092367
25.08857,22.13377,20.29256,19.46509,19.16665,0.4130709
20.31223,18.67464,17.54337,17.03156,16.65994,0.1931399
21.70585,20.94496,19.33368,18.66559,18.27108,0.3311663
19.11346,17.65247,16.86749,16.43507,16.1023,0.09634069
18.9329,17.69632,17.09156,16.69799,16.55924,0.06929038
22.07209,21.63275,21.83319,22.06816,22.8268,0.02990197
24.55246,22.96582,20.77824,19.49054,18.71449,0.6004536
23.55113,22.56665,21.49847,20.52045,20.01795,0.7727107
19.27377,17.53024,16.66502,16.25797,15.94014,0.0768301
20.13884,18.38641,17.55206,17.16057,16.83531,0.106155
24.45652,22.24783,20.52967,19.62605,19.14073,0.5454812
24.12144,21.76801,20.09217,19.21746,18.71238,0.4757553
22.14458,20.14051,18.499,17.89032,17.46852,0.3052073
22.75212,21.17449,19.55533,18.96904,18.56595,0.4239217
19.3612,17.32921,16.26753,15.80273,15.40525,0.116953
19.60805,18.27553,17.57413,17.21716,17.00282,0.1030256
19.30396,17.90978,17.3391,16.97143,16.8371,0.02466382
19.81957,17.83595,16.71681,16.246,15.8776,0.1454718
18.30759,17.08434,16.37737,15.959,15.70102,0.07475369
24.20216,22.37985,21.00731,20.00525,19.45134,0.6563609
17.62196,15.89371,15.04587,14.57785,14.21068,0.04769054
25.39561,22.55986,20.96547,20.10448,19.68252,0.4715309
22.43089,19.84681,18.20441,17.60449,17.27542,0.3102637
25.21353,21.8997,20.10571,19.20268,18.57042,0.4962049
19.50301,17.60821,16.75515,16.33747,16.03454,0.05176524
23.53952,21.61141,19.90145,19.03273,18.47777,0.4682323
23.98317,20.24018,18.49777,17.85011,17.43064,0.33463
19.57973,17.50369,16.5422,16.07555,15.71129,0.07298487
25.00253,22.81521,21.23052,20.31848,19.98705,0.5698335
20.16263,18.24666,17.30078,16.86418,16.53278,0.1184742
23.17797,22.23922,20.22694,19.07898,18.66005,0.604169
19.35641,17.48652,16.62889,16.2119,15.95843,0.06142393
21.9075,20.79693,18.92775,18.29741,17.82759,0.3508736
23.61759,20.5087,18.63022,18.01752,17.65854,0.3456734
19.50839,18.05319,17.36991,16.99501,16.74015,0.1100008
22.47834,20.10424,18.38294,17.79507,17.43909,0.3198412
20.7418,18.8146,17.73834,17.27561,16.90705,0.1224482
25.53649,23.2972,20.93355,19.63968,19.06371,0.5928424
18.97078,17.98908,17.76875,17.58968,17.4608,0.03662616
20.04102,18.2511,17.36866,16.92334,16.5616,0.04385466
22.17004,21.04282,19.57304,19.05235,18.55653,0.2358246
21.82146,21.80385,21.73409,20.8458,21.51418,0.4426832
19.4152,18.27085,17.52328,17.10783,16.82305,0.1580751
23.91864,20.18575,18.35727,17.74266,17.3204,0.3558666
19.83622,18.01707,17.21071,16.80381,16.52302,0.07886983
19.79184,17.85879,16.86556,16.44433,16.10523,0.09782708
20.39521,18.52506,17.50939,17.07638,16.75335,0.1343323
18.51147,16.82645,15.95773,15.4733,15.09211,0.06102053
22.67949,20.40241,19.29667,18.74717,18.37178,0.1779446
19.51185,18.0714,17.31311,16.88136,16.5844,0.09940682
23.76846,21.41603,20.30568,19.80778,19.48231,0.1922021
22.42979,19.69237,18.09531,17.52411,17.10776,0.2748894
18.7352,17.50551,16.88299,16.43497,16.20848,0.08005305
19.91717,18.18554,17.02209,16.53164,16.1742,0.1500348
19.76953,18.37444,17.62522,17.2044,16.94796,0.1083538
19.81746,18.13378,17.25883,16.79462,16.4905,0.1234472
20.09971,18.12259,16.86658,16.37741,16.01295,0.1825878
22.30475,20.79662,19.44675,18.96352,18.67378,0.2069383
25.27336,22.90066,20.98356,19.79308,19.43222,0.5471749
20.36829,18.31421,17.16352,16.5552,16.06586,0.1046262
19.03568,17.83315,17.27136,16.9555,16.68215,0.04451566
20.3652,18.51857,17.70681,17.32907,17.03621,0.09771052
24.60053,22.37996,20.87786,19.9272,19.28552,0.5121582
20.78444,19.47099,19.05324,18.69145,18.55573,0.07032809
19.73132,17.51002,16.39967,15.94477,15.58448,0.1334986
20.25211,18.30148,17.28839,16.84271,16.45238,0.1121694
25.71268,20.76982,19.00941,18.2333,17.6776,0.4593117
19.51015,18.07377,17.17081,16.65936,16.28457,0.1149178
23.35078,22.75949,20.80231,19.73819,19.40772,0.5602645
23.65394,21.34848,19.41885,18.67619,18.25533,0.4144105
16.76933,15.27483,14.49357,14.10266,13.72914,0.02542609
25.37808,22.52024,21.32423,20.23011,19.7195,0.4741648
21.79101,21.99647,21.31642,21.26143,20.98619,0.5143158
22.96104,20.22894,18.41325,17.79599,17.37301,0.3405544
24.47265,21.89461,20.04292,19.1829,18.76148,0.483921
19.73506,17.9373,17.02042,16.61392,16.27267,0.08277205
19.11371,17.37997,16.71033,16.23288,16.00918,0.1143793
21.88714,21.3315,20.41144,19.69945,19.31171,0.6593978
19.43402,17.44498,16.36351,15.90026,15.56799,0.1272539
19.71971,18.2985,17.13056,16.59018,16.21578,0.246992
24.31112,22.82265,21.2235,20.14359,19.65455,0.7024781
20.32591,19.33834,18.79022,18.42124,18.26366,0.06669576
20.89286,18.67138,17.40303,16.90018,16.57713,0.1693602
22.60324,21.9927,20.63305,19.96878,19.57183,0.5537264
20.52559,18.64978,17.56066,17.09242,16.74472,0.1382588
19.47995,18.33195,17.8382,17.54281,17.37165,0.05405472
23.47217,22.923,20.92722,19.92618,19.40225,0.557622
19.08187,18.07715,17.77485,17.49957,17.05432,0.03260085
24.80776,23.23248,21.79023,20.73959,19.97785,0.5603563
19.48372,17.9773,17.27134,16.87289,16.60576,0.05949812
20.97532,18.88577,17.74619,17.3054,16.96865,0.1612099
24.61975,21.30426,19.65185,18.85695,18.32708,0.4586844
25.58945,21.35469,19.57333,18.78297,18.35035,0.4470926
25.8878,21.12364,19.33864,18.62613,18.15211,0.4371478
27.0976,21.45259,19.84613,18.724,18.25751,0.5497552
19.35275,17.61613,16.91251,16.58504,16.35427,0.08043766
23.81806,21.04522,20.05819,19.16027,18.69068,0.556818
25.10354,22.42232,20.51654,19.63512,19.31184,0.4898503
22.82851,21.47565,19.6242,18.94083,18.47215,0.4220384
25.86349,21.75833,20.12585,19.25623,18.90768,0.4281768
19.58103,19.1453,18.64347,18.60476,18.87996,0.1529569
19.24574,17.24813,16.28436,15.8329,15.47112,0.08228271
19.81544,18.09768,17.08905,16.5219,16.13154,0.09406783
22.04323,21.80059,21.06989,20.80909,20.90325,0.2633918
20.59246,19.43024,18.6395,17.9631,17.73429,0.1511871
22.24072,20.81057,19.22153,18.55524,18.13224,0.3861878
25.50503,25.62737,22.31889,20.23116,19.13686,0.8847483
19.29363,18.06708,17.55297,17.24682,17.03784,0.04799371
24.12346,21.89541,20.27952,19.24608,18.75767,0.6045653
26.06425,21.13607,19.32299,18.68125,18.26509,0.3836008
20.10486,18.09364,17.07704,16.64059,16.27658,0.1045165
19.16559,17.45569,16.60459,16.18875,15.8806,0.07771524
22.23409,21.63509,20.26428,19.43405,18.89488,0.5749096
23.22786,23.08509,21.31004,20.16087,19.65239,0.6211327
26.05687,23.48496,21.44704,20.15999,19.51018,0.7027921
20.64466,18.54434,17.48005,17.00005,16.57922,0.1246183
23.74339,22.48677,20.5141,19.84322,19.50871,0.3498434
18.90957,17.6294,17.01465,16.62059,16.35239,0.08624943
19.86721,18.38413,17.58475,17.16068,16.8428,0.1220513
19.88094,18.49401,17.63085,17.18814,16.92787,0.1792064
19.25236,17.58337,16.84414,16.48812,16.20908,0.06314352
23.63338,21.88194,20.45548,19.59499,19.20573,0.5398312
19.81533,18.35088,17.43642,16.97247,16.61167,0.1130655
17.3818,16.28699,15.86345,15.60879,15.44028,0.03809563
18.97833,17.91414,17.30535,16.88135,16.70584,0.1497489
19.0725,18.0419,17.38479,17.02726,16.83342,0.1447889
19.36532,17.41616,16.41868,15.96238,15.61185,0.07592582
23.57008,20.79746,19.04638,18.36492,17.93011,0.4221642
22.57695,20.89439,19.12305,18.42257,17.9447,0.3322059
21.99153,20.26672,18.5112,17.87634,17.49647,0.3174812
26.00419,22.45467,21.37262,20.47533,19.98037,0.6162643
23.42944,22.23547,20.45623,19.6399,19.20271,0.4794434
26.13478,22.50059,21.107,19.78233,19.05186,0.7125991
20.47657,18.42553,17.35034,16.98495,16.63369,0.08144604
24.90967,21.64194,20.06907,19.27925,18.84964,0.3216012
18.86407,17.22196,16.31322,15.92973,15.63436,0.05427057
20.53385,19.46902,18.75415,18.26444,18.04203,0.1381027
24.30602,22.35204,20.96548,19.98888,19.47805,0.552126
25.28102,23.07013,20.96212,19.89983,19.14507,0.6008701
25.0319,22.23736,20.49575,19.77664,19.29648,0.4358035
23.13565,22.1836,20.56955,19.73854,19.61723,0.5631168
23.69389,22.51113,20.58592,19.53069,18.89196,0.601038
22.545,21.42352,19.73944,19.0472,18.62,0.3736167
18.30007,17.23738,16.80516,16.52239,16.38174,0.08127881
22.36014,20.40036,18.68685,18.08572,17.74661,0.327312
19.64824,18.43501,17.80174,17.44705,17.19327,0.1096594
19.92446,18.20961,17.25945,16.812,16.42826,0.08997367
23.19497,20.10723,18.41701,17.67846,17.24557,0.4198143
18.46474,17.49734,17.19947,17.02278,16.93612,0.03988486
23.99495,22.22532,21.29755,20.269,19.56526,0.7225337
16.48195,14.72526,13.87299,13.45767,13.14266,0.01704831
21.99027,22.14071,20.79645,19.84408,19.52487,0.4751593
19.79742,18.34457,17.37129,16.9525,16.60895,0.1617098
18.9787,17.31523,16.40698,15.89781,15.50581,0.0658669
23.54309,21.94269,20.41741,19.58085,19.2793,0.4730887
24.03171,23.00902,20.88411,19.80255,19.22946,0.5751175
19.31502,17.26949,16.2505,15.81529,15.43567,0.1076187
20.526,18.58392,17.49915,17.04218,16.70368,0.1515847
24.63142,21.37608,19.39526,18.82015,18.42048,0.3383816
19.0495,17.91093,17.32628,17.00492,16.79522,0.1145671
20.68318,18.28974,17.02474,16.4503,15.95673,0.1233328
17.5503,15.49198,14.48992,13.96454,13.50053,0.02725112
18.95073,17.98828,17.81506,17.57298,17.52479,0.04588205
22.93727,22.41322,21.20712,20.18243,19.58611,0.6713554
22.20215,21.55497,19.78781,18.94537,18.22133,0.4777508
23.98909,21.37574,19.51197,18.8331,18.35171,0.3708895
24.1897,22.25598,20.41736,19.30295,18.65318,0.5735328
19.43003,18.01859,17.2354,16.82892,16.48574,0.1213938
22.72379,22.38593,20.78366,19.80983,19.61343,0.451805
24.03387,20.70733,18.97634,18.28132,17.91992,0.384371
22.78499,21.07439,19.20754,18.49139,18.01151,0.3663864
23.39584,22.42601,20.66271,19.61636,19.35649,0.550594
20.0857,17.99736,16.95665,16.48957,16.11648,0.1123349
19.27164,17.72126,16.88318,16.38929,16.03131,0.0670743
18.77667,17.89857,17.64021,17.37638,17.31829,0.07232233
22.89404,22.26965,21.04313,19.93532,19.35054,0.5910314
23.52282,21.63489,20.22888,19.46103,18.93385,0.4362522
19.65614,18.0088,17.05016,16.59942,16.25888,0.08501793
19.28289,17.79428,16.98922,16.53812,16.23682,0.07001343
22.57884,21.72122,20.56555,19.6326,19.17267,0.6136789
23.04632,21.44809,19.78631,19.225,18.78163,0.3182118
25.74731,22.17254,20.38949,19.50715,19.04005,0.4820189
25.07062,22.33722,20.74816,19.93625,19.51027,0.4265529
25.01726,22.5638,20.9675,19.85619,19.49372,0.5841828
20.52026,18.8079,17.83978,17.36647,17.01541,0.1184668
19.45098,18.1438,17.53701,17.12113,16.92474,0.08351402
23.14924,22.33741,20.3431,19.20782,18.76389,0.5439224
18.85215,17.82149,17.41576,17.05296,17.02879,0.09467963
25.76752,20.57442,18.81764,18.18839,17.83818,0.4098467
20.20119,18.13313,17.07095,16.59157,16.21276,0.1157399
21.9811,20.5656,18.74594,18.09421,17.61414,0.3582934
23.40859,21.90862,20.58542,19.69218,19.50839,0.4975942
20.65818,19.04708,17.54779,17.00348,16.65439,0.2446464
19.14675,17.94899,17.56178,17.33134,17.20718,0.03501943
20.55712,18.44024,17.37538,16.93942,16.57545,0.1477285
22.93921,20.50823,18.6448,17.98491,17.61263,0.3809457
24.67271,22.49536,20.39399,19.53804,19.42276,0.4727646
22.73569,22.18042,20.46063,19.41936,18.77837,0.5701827
20.40999,18.64218,17.73946,17.2975,16.96361,0.08771852
22.55267,23.59468,21.43248,20.18404,19.3492,0.6838332
25.21564,21.17958,19.15697,18.51122,18.12695,0.3767875
20.59013,18.92687,17.9808,17.5184,17.24737,0.1528858
19.19104,18.03685,17.35069,16.98583,16.75275,0.108915
19.32012,17.50076,16.51872,16.06493,15.71134,0.1281469
22.40994,21.86488,21.0211,20.76339,20.46981,0.3902141
22.32732,21.52714,20.6134,19.6472,19.26743,0.6715352
21.08987,19.90253,18.72124,18.2069,17.97037,0.2154262
20.08325,18.05162,17.06178,16.55239,16.1775,0.07756328
25.30489,22.02854,20.25539,19.129,18.72285,0.5835819
22.83247,21.2946,19.524,18.54974,18.11643,0.5065521
19.31854,18.03506,17.42109,17.00215,16.74664,0.09115966
23.6531,21.65562,20.72928,20.00871,19.47858,0.5711089
25.70298,22.31413,21.33073,20.19723,19.75402,0.5670167
23.60878,23.875,20.78927,19.37533,18.70308,0.6005455
16.22864,15.0852,14.46472,14.17312,13.91586,0.01865457
24.92707,22.04757,19.83082,19.16014,18.74216,0.3901983
18.96532,17.22351,16.283,15.81159,15.46003,0.09664925
23.98805,21.37524,19.86405,18.79565,18.38441,0.5722577
25.25134,21.84619,20.43336,19.57839,19.15481,0.4352142
21.22814,18.89989,17.82455,17.33862,16.98929,0.1248483
20.33662,18.334,17.21324,16.73117,16.30908,0.1302056
19.39823,18.00199,17.61859,17.46143,17.42423,0.00595112
24.33467,24.16055,21.20585,20.47787,19.59595,0.5397047
22.15262,19.90197,18.26955,17.67736,17.32333,0.3130478
22.57009,21.80129,20.19758,19.37125,18.81504,0.5786259
18.60023,17.42636,16.85349,16.50371,16.28803,0.1117795
23.66932,23.08072,21.25596,20.04862,19.60304,0.5702472
24.74525,20.43821,18.68849,18.09224,17.63815,0.3450661
23.23837,20.40132,18.68644,18.09674,17.79179,0.3095377
19.57633,17.57911,16.52567,16.05646,15.64862,0.10788
23.40628,22.58459,20.21698,19.26519,18.68821,0.5562009
23.36354,23.10602,20.71431,19.71964,19.22303,0.6086656
26.30974,21.6792,19.94522,19.01686,18.66284,0.498084
19.35068,17.80075,16.90954,16.47473,16.14264,0.08039006
20.43655,18.48297,17.4067,16.96972,16.46882,0.1365863
23.11315,22.02548,20.72115,19.8942,19.52627,0.6468033
24.80612,22.91932,21.06538,19.92026,19.4842,0.613784
18.05788,16.93728,16.4169,16.03893,15.82816,0.05974493
23.35446,21.60572,19.79739,18.85194,18.30132,0.536923
24.30997,21.37911,19.72449,18.8664,18.44932,0.4907935
22.37554,20.57301,18.82091,18.17032,17.81404,0.3547071
21.64268,20.23175,18.83115,18.28605,17.79376,0.3349876
17.85248,16.69362,16.23265,15.94208,15.75667,0.04547205
22.07586,19.91696,18.20244,17.63902,17.2211,0.3435958
22.00698,20.15823,18.42198,17.86335,17.43843,0.3432523
22.36508,21.93429,20.38748,19.54863,19.22932,0.4618045
22.9601,19.90194,18.20998,17.54242,17.18699,0.3717796
22.22471,19.98101,18.12796,17.45745,17.06305,0.3447443
20.11492,18.52115,17.75845,17.37708,17.10236,0.05042036
23.32135,22.07068,20.78634,19.56263,18.91001,0.6712881
19.53273,17.53898,16.51537,16.07366,15.72347,0.1077848
19.97929,18.03451,16.88273,16.37138,15.95497,0.1222976
18.51891,17.25058,16.68086,16.34006,16.16329,0.05327781
20.79792,18.72906,17.68127,17.27291,16.90616,0.1351965
24.59544,22.7755,20.67057,19.35585,18.86148,0.6163604
24.84999,22.4651,20.46498,19.52363,19.18621,0.4985411
24.01421,22.21191,21.13021,20.07757,19.45822,0.6690945
22.9411,21.12293,19.37556,18.71578,18.23499,0.4228801
19.4266,18.17702,17.39777,17.01737,16.79407,0.1226982
19.03429,17.12211,16.34555,15.91689,15.55057,0.03775897
19.25279,17.35141,16.40585,15.99625,15.67891,0.108235
24.18608,21.74926,20.12007,19.32271,19.01864,0.3577814
22.67805,21.80592,20.22505,19.21839,18.66462,0.5672296
19.92903,18.4379,17.68885,17.26071,16.98941,0.09787405
20.58858,18.47403,17.50687,17.07291,16.72297,0.09412367
22.50201,20.68405,18.94203,18.32586,17.86374,0.2692555
21.67083,19.37127,17.81631,17.24294,16.79239,0.2024813
22.19466,20.79984,19.45628,18.9079,18.56462,0.2185698
21.8892,20.10913,18.57056,17.98427,17.68125,0.3046581
24.49906,23.3496,20.92142,19.77987,19.02907,0.7265795
19.61157,17.65328,16.70494,16.28574,15.95705,0.08562641
20.24826,18.12386,16.89824,16.40532,16.0257,0.182699
23.75883,20.70499,19.02369,18.38255,17.95727,0.3943537
20.61491,18.7481,17.87329,17.27483,16.91445,0.1310251
19.86063,17.97429,16.96856,16.55254,16.19592,0.1089272
20.53202,18.59363,17.59939,17.16068,16.81351,0.1287724
23.54856,21.02556,19.20377,18.52686,18.03903,0.413326
24.49512,20.40103,18.25958,17.67176,16.86876,0.2237379
22.38868,21.66343,20.42435,19.63591,19.2756,0.5667945
26.1725,22.57807,20.99629,19.95436,19.49632,0.5830082
22.35254,22.36701,20.7797,19.74934,18.95559,0.5300865
20.25909,18.48353,17.58712,17.17163,16.84472,0.1242831
24.21078,22.08571,20.60192,19.77264,19.31046,0.3520862
23.70914,21.91975,20.65479,19.75195,19.37273,0.6067827
22.72448,22.10284,20.34042,19.38885,19.04286,0.4633867
20.54835,18.57175,17.49435,17.01394,16.60069,0.1188509
19.43332,18.25107,17.54479,17.19168,16.90235,0.1668539
22.40288,20.45481,18.69936,18.05091,17.63484,0.3076783
23.56704,21.13191,19.48219,18.58112,18.10197,0.5688794
22.79295,21.78911,20.5567,19.78701,19.57389,0.5242338
25.14672,22.67062,21.10683,20.02467,19.61797,0.4925634
24.71002,24.38195,22.12463,20.52565,20.14056,0.7107462
26.27813,22.6536,20.82156,19.61757,19.4141,0.5244226
22.47453,20.52362,18.7108,18.00949,17.57924,0.4244494
20.93799,19.99494,18.97159,18.5926,18.20837,0.1963654
18.63507,16.75659,15.90261,15.48871,15.17374,0.05330259
18.88042,17.72951,17.37799,17.09844,17.07469,0.05223256
19.49749,18.01691,17.45764,17.10353,16.94522,0.07665356
20.32438,18.57331,17.63534,17.21143,16.83712,0.09531177
24.95926,22.07121,20.47381,19.61576,19.10871,0.5249118
19.94513,18.11522,17.27114,16.80152,16.45623,0.09011156
22.67529,20.07605,18.42345,17.7982,17.46902,0.3197906
16.20415,14.48584,13.77155,13.41108,13.17842,0.01902536
22.944,21.99327,20.36222,19.4052,18.85322,0.4778912
22.86314,22.38863,21.07982,19.93161,19.64391,0.5797443
23.18194,21.97237,20.35229,19.53724,18.97227,0.5173407
20.11226,18.2303,17.19128,16.73886,16.34033,0.09865533
19.64305,18.2339,17.46044,16.98611,16.70344,0.1260125
19.21801,18.18647,17.63965,17.29683,17.14857,0.1261482
25.19821,23.45061,21.53255,20.32174,19.73024,0.6328357
23.84184,24.20422,21.53308,20.42715,19.47755,0.7962341
23.20471,20.99348,19.1775,18.56823,18.18595,0.3922433
26.92727,21.70975,19.67672,18.76361,18.2398,0.4764192
23.65043,21.36012,19.98092,19.26675,18.69405,0.3602639
23.52197,23.16418,21.322,20.18229,19.95959,0.5298797
25.16998,20.49907,18.83734,18.25934,17.93981,0.3617477
24.02118,20.90596,19.00106,18.3477,17.98299,0.3559296
22.66202,21.49661,20.05856,19.31391,18.92545,0.4642251
17.8633,16.52378,15.9621,15.62532,15.42867,0.07387197
21.02971,19.0116,17.76044,17.27461,16.8958,0.1699674
19.93702,18.22339,17.17441,16.6481,16.28455,0.1534076
19.51733,18.46873,17.9776,17.60107,17.51163,0.08886714
22.59772,21.68695,19.88368,19.07144,18.44952,0.4632706
22.42464,20.56526,20.40932,20.84138,22.82655,0.1715178
23.74236,20.79147,19.11701,18.28714,17.81655,0.4649163
19.96152,18.2699,17.26283,16.79735,16.44988,0.1706121
19.25172,17.60332,16.70472,16.25019,15.92517,0.07911754
17.72716,16.72115,16.27539,16.09477,15.91439,0.0234992
19.00925,17.52294,16.78535,16.41184,16.16119,0.06382966
25.03875,23.19924,21.05216,19.88949,19.57863,0.5521436
23.26125,20.56891,18.7134,18.03465,17.58446,0.3660841
25.7094,21.65161,20.07222,19.22951,18.87711,0.4635224
22.98399,20.71839,18.85421,18.19559,17.84157,0.3748625
25.31491,25.28668,21.77502,20.53047,19.90165,0.6215578
20.04948,18.35937,17.31391,16.85577,16.51575,0.1357928
22.21785,22.08612,20.87823,20.05634,19.75613,0.5242049
19.38734,17.44977,16.50718,16.08099,15.75364,0.1072254
24.13942,22.18922,19.99583,19.07732,18.71207,0.5075634
25.6211,21.54208,19.72882,18.9093,18.5394,0.4778425
19.42416,17.89869,17.02091,16.62897,16.35468,0.1227462
20.16984,18.48766,17.48736,17.02468,16.73277,0.1411491
21.06284,19.047,17.93293,17.43601,17.06404,0.1288365
22.52112,22.18918,20.60802,19.55943,19.20169,0.6191621
20.2231,18.39179,17.26729,16.77602,16.51976,0.1991676
18.92176,17.50009,16.81148,16.44872,16.17148,0.09816772
19.58551,17.953,16.91977,16.44349,16.13788,0.1831349
24.59682,19.7584,18.02046,17.41549,17.05936,0.3126984
21.58961,20.5653,19.23922,18.78785,18.27879,0.3610798
23.94617,21.98168,17.67159,17.05567,16.76921,0.3053917
23.68237,22.18655,20.61794,19.75045,19.24897,0.2237482
24.24396,22.55037,20.90694,20.1675,19.60011,0.4179782
18.86462,17.61471,17.12044,16.79736,16.58192,0.07442889
20.56473,18.53936,17.31484,16.77269,16.40226,0.17406
23.96496,22.35554,20.53165,19.37208,18.98013,0.5832555
21.9181,20.01135,18.28284,17.63481,17.12596,0.3705104
20.10794,18.49648,17.68937,17.29804,16.97748,0.09188654
26.26625,22.15007,20.54116,19.63275,19.34451,0.4861369
22.16335,21.06376,19.22328,18.60015,18.19179,0.3464603
20.55054,18.57241,17.58856,17.1314,16.72202,0.09277169
22.58036,21.53997,20.6619,19.90906,19.61863,0.6151125
21.55532,19.57591,17.9867,17.40547,17.04036,0.2849222
19.61434,18.32665,17.6248,17.22034,16.9351,0.1002611
24.04963,22.47177,20.52869,19.41797,18.74327,0.5785912
23.29001,21.65927,19.81236,18.99461,18.45709,0.364342
20.40052,18.51476,17.59424,17.17856,16.84675,0.08112979
22.0088,20.43146,18.78919,18.15774,17.81056,0.3212124
22.72943,22.45697,20.98077,19.84817,19.33182,0.6129602
22.06369,21.72549,20.13366,19.28094,18.84089,0.6442199
22.40038,21.52076,20.61499,20.21056,19.80686,0.2404412
23.12424,22.36468,20.5498,19.32893,18.5127,0.6184661
19.89004,18.23808,17.2567,16.82222,16.50704,0.1561408
19.78651,18.34659,17.64557,17.25275,17.00746,0.07428517
23.04938,21.75845,20.33412,19.42623,18.9436,0.5018169
24.07406,22.72087,20.81313,19.82502,19.43581,0.5847627
22.92443,23.4852,21.02366,19.91657,19.45249,0.5597175
20.84621,18.78564,17.55284,17.03169,16.67175,0.1818732
22.00246,20.73949,18.95255,18.05793,17.69875,0.4844034
25.68973,23.54421,21.85312,20.61591,19.60915,0.8042768
18.36118,16.58584,15.78386,15.40607,15.1436,0.0648491
25.68853,22.42646,20.45969,19.28641,18.75244,0.5844942
21.83126,20.50802,18.92127,18.35794,17.85148,0.3791833
22.50929,22.00257,20.47459,19.61245,19.42676,0.4513738
23.83345,23.14751,21.16051,19.95581,19.49479,0.567203
24.77036,22.31943,20.81895,19.94651,19.48965,0.4704732
20.84288,18.90838,17.70031,17.22883,16.84071,0.1757882
22.33826,21.40062,19.81968,19.01401,18.67318,0.4517863
22.77712,21.88506,20.84707,20.01462,20.04376,0.5133919
21.88969,21.84031,20.3785,19.40172,18.97335,0.5216101
19.90776,18.53918,17.72788,17.3135,17.05511,0.1534547
19.48142,18.05297,17.32274,16.9342,16.72224,0.1218345
19.24109,17.25217,16.26806,15.82149,15.4561,0.07845433
22.58457,20.89553,19.5531,19.00733,18.62887,0.2333302
20.39164,18.48366,17.27672,16.82824,16.46981,0.2025895
24.02335,22.16488,20.8,19.72186,19.19243,0.6138928
20.21964,18.07532,16.835,16.33678,15.97429,0.1656152
18.35994,16.75965,16.0056,15.60248,15.29887,0.06208162
22.47495,21.87994,20.70114,19.82451,19.35612,0.6915435
22.45298,20.64077,18.87463,18.23186,17.78743,0.3758062
23.12937,22.13783,20.62405,19.66401,19.2322,0.4777442
21.76778,19.96904,18.27568,17.69478,17.29561,0.2971015
22.95761,22.55704,21.53431,20.49657,20.03189,0.7087535
20.31713,18.4044,17.31144,16.8431,16.46582,0.1353791
21.94971,19.80656,18.16109,17.5288,17.1275,0.2908105
19.32522,17.49798,16.65889,16.29346,15.96196,0.05433347
23.024,22.41871,22.05491,22.00911,21.76439,0.3314397
20.09809,18.45505,17.58724,17.14724,16.84228,0.07868871
17.5731,15.8834,15.00187,14.52975,14.17158,0.04273795
24.76342,22.99066,21.4756,20.20169,19.72932,0.6333334
20.24974,18.45378,17.6275,17.26622,16.97272,0.08153969
18.76355,17.16526,16.33764,15.86864,15.56125,0.06320937
22.36622,19.84266,18.31269,17.72846,17.30554,0.2729416
23.93215,20.74368,19.04807,18.40353,17.92054,0.3182919
19.59008,17.68417,16.70043,16.2958,15.93392,0.09756846
23.07577,21.80634,20.15437,19.20654,18.72852,0.5713441
19.62183,17.67967,16.79071,16.36463,16.05297,0.08705722
19.23513,18.90752,18.65898,18.51986,18.67,0.1805947
26.25597,21.07776,19.29133,18.62179,18.1672,0.3749838
23.22681,21.22537,19.4866,18.48475,18.07388,0.5299535
23.63191,22.36823,20.88563,19.83132,19.31095,0.4701161
21.48277,20.38802,18.79366,18.17193,17.74823,0.3192264
23.18362,20.80394,22.61004,24.36181,22.82691,0.01155029
21.94369,19.69798,18.09509,17.52181,17.13144,0.2702716
18.15861,17.15563,16.67003,16.3404,16.22118,0.09668779
22.42205,21.30202,20.00057,19.23385,18.84353,0.5011956
25.53473,21.33419,19.5622,18.7814,18.31794,0.4516661
22.62412,22.33876,20.57375,19.41298,18.93828,0.6077979
19.85639,18.52176,17.84064,17.43704,17.27723,0.09589694
23.34374,21.18539,19.40796,18.74798,18.37314,0.320411
19.99044,17.9959,17.01523,16.59361,16.27858,0.114642
23.40264,22.10569,20.46775,19.51037,18.9099,0.4996891
21.13771,19.61045,18.17023,17.55893,17.19684,0.2235879
17.3434,15.49599,14.63372,14.25109,13.92436,0.04692396
25.75401,22.28637,20.11471,19.07542,18.55988,0.5038472
19.97229,18.5913,17.45066,17.08355,16.77024,0.05272808
24.58151,20.78247,18.88335,18.24216,17.80736,0.3888465
19.21152,17.93215,17.35266,16.95938,16.7974,0.06903543
22.4943,20.41547,18.60021,17.96742,17.53977,0.3337131
20.6444,18.36936,17.43927,16.89614,16.52748,0.1007745
20.6854,18.66501,17.62991,17.23549,16.90247,0.154197
22.86368,21.79737,20.29112,19.43647,18.91838,0.4954927
25.08346,24.21546,21.4545,20.33256,20.3254,0.5672123
20.82418,19.04723,17.72771,17.15303,16.70949,0.1720544
18.41247,16.90843,16.12824,15.71475,15.43447,0.05609871
24.42127,23.25945,21.27158,19.94415,19.51334,0.6323431
24.0669,20.97182,19.20366,18.56215,18.1622,0.3484051
24.43718,24.10962,21.78047,20.12737,19.67969,0.6358984
22.38651,20.26327,19.11132,18.62923,18.2956,0.1580273
23.01073,21.8311,20.04469,18.89746,18.4232,0.5427961
21.03051,18.34666,17.13586,16.59756,16.17124,0.145606
24.78332,22.03162,20.39438,19.58025,19.13494,0.450767
18.22407,16.88184,16.31845,16.04536,15.8513,0.03511519
21.12,19.26763,17.68822,17.07914,16.69696,0.3103464
25.50994,20.55084,18.76978,18.10432,17.66624,0.3840488
23.35266,22.80604,20.73475,19.77472,19.28714,0.4680144
25.52054,21.55365,19.60496,18.69652,18.28323,0.4881903
25.63127,22.79103,20.94,19.71676,19.22835,0.6054323
16.5371,15.3721,14.84985,14.51799,14.3162,0.03481079
18.88475,17.79689,17.54931,17.44415,17.37053,0.004117378
21.47793,19.55429,18.02159,17.47436,17.10583,0.2766
20.62104,18.50421,17.4385,16.82269,16.44004,0.1427351
20.95971,18.97654,17.86823,17.40847,17.02067,0.1221694
23.16028,19.27848,17.59675,16.98784,16.64099,0.3297995
18.71073,16.72,15.70418,15.17392,14.73341,0.03969164
22.2293,22.41155,20.97837,20.0488,19.29519,0.6081039
20.01951,18.01209,16.93111,16.4543,16.11044,0.1779907
23.94397,22.91214,21.59239,20.51035,19.86831,0.5623677
24.17297,22.62689,20.89397,19.76147,19.27149,0.629917
19.21193,18.02415,17.38804,17.01591,16.76182,0.1117589
23.49343,22.93097,20.99146,19.71155,18.87989,0.7732974
19.16423,17.92847,17.47962,17.10993,16.93403,0.07272497
24.9247,23.86456,21.6726,20.37716,20.86652,0.5080683
19.83732,18.57562,17.82368,17.41833,17.1436,0.1330712
23.69673,21.89268,20.14051,19.01848,18.62089,0.6034718
25.03955,20.84721,19.1329,18.51735,18.12007,0.366879
18.97401,17.73543,16.94365,16.53529,16.32155,0.1712184
24.36518,21.09665,19.34813,18.69722,18.36571,0.3505013
24.94727,22.92708,21.08571,20.0423,19.61282,0.6186455
20.71804,18.79018,17.51131,16.98228,16.61089,0.1889983
22.43336,22.09364,20.63723,19.8188,19.48989,0.43928
19.78867,18.93599,18.24247,17.84875,17.63338,0.2275259
23.75614,21.74824,20.41039,19.8089,19.19548,0.4454925
20.86415,18.82805,17.59363,17.10493,16.71901,0.1828649
21.87396,19.68611,18.23771,17.6884,17.28207,0.2762659
22.48982,20.03183,19.48647,19.22257,19.40076,0.05024349
24.71772,21.5721,19.98595,18.92309,18.56574,0.5212382
18.39406,16.70914,15.79313,15.33141,14.96939,0.105091
19.90932,18.31689,17.39313,16.93721,16.63228,0.1471866
20.89392,18.76862,17.58896,17.11262,16.73001,0.1581193
25.45481,22.46469,20.55841,19.67436,19.34406,0.4981708
18.82021,17.10981,16.23647,15.78057,15.4484,0.08363478
24.72653,22.06654,20.27547,19.42688,18.83746,0.4520176
19.73856,18.0725,17.23686,16.85428,16.57846,0.09256237
19.67909,18.34895,17.44501,16.97661,16.69715,0.1533255
25.41936,22.47621,20.73666,19.63621,19.23495,0.5760116
26.53055,21.96097,20.2457,19.14815,18.69942,0.5745838
23.8033,22.65207,20.90839,19.82374,19.39402,0.6079707
20.07882,19.22441,18.76237,18.4468,18.34514,0.1918016
25.34505,22.12934,20.42323,19.33277,18.85084,0.548846
21.27106,19.39572,17.80538,17.21518,16.87586,0.2690748
24.88079,21.49935,19.93793,19.0962,18.56793,0.4993256
19.81187,17.69222,16.38121,15.89813,15.55003,0.198796
22.4502,21.70629,19.97681,18.96203,18.48701,0.5020803
22.61201,22.1504,20.57032,19.75701,19.28061,0.4901589
20.00047,18.47034,17.56761,17.0799,16.7024,0.1376228
26.92405,21.95445,20.86041,19.76412,19.11358,0.5688921
19.48001,17.28375,16.16003,15.68931,15.31875,0.1362475
23.08069,21.56502,20.01395,19.0118,18.55459,0.5314904
18.9386,17.58953,16.93414,16.54495,16.27874,0.07887494
20.35715,18.28294,17.19896,16.74902,16.36142,0.1385223
26.00768,22.12029,20.42225,19.54461,19.27173,0.4785247
22.96636,22.11958,20.74004,19.68271,19.06482,0.5755516
24.53574,21.9368,20.01749,19.17901,18.66336,0.5392835
19.96087,18.31073,17.8658,17.41186,17.24672,0.1451953
20.39799,18.72746,17.65996,17.17444,16.82161,0.1497455
24.49917,21.56038,20.16188,19.27621,18.82883,0.5142114
20.35436,18.72009,17.85006,17.41723,17.09075,0.1070021
23.82486,22.14612,20.44853,19.45009,18.93042,0.4797462
26.19547,22.65315,21.0896,19.9159,19.58321,0.5653412
25.35018,23.34423,21.78627,20.68412,19.97269,0.584934
19.36918,18.02738,17.53441,17.23723,17.04132,0.05533386
19.0955,17.78101,17.20741,16.84984,16.62137,0.06185643
25.00122,23.0152,21.16979,20.11566,19.84081,0.5400454
22.89673,21.95533,20.27296,19.21746,18.79236,0.5600443
24.42612,22.78879,21.03068,19.91431,19.62316,0.5222706
20.29976,18.82949,17.62433,17.07633,16.87182,0.2680584
22.45274,21.55654,20.10854,19.31132,18.85093,0.4937446
26.20498,23.17772,21.0229,19.68958,19.08432,0.69031
23.94736,21.25715,19.4964,18.77641,18.29875,0.3955519
25.31964,23.10752,21.54548,20.06989,19.36438,0.6699566
23.75981,21.32096,19.46572,18.86436,18.51008,0.3614804
23.84261,21.62849,19.78796,18.90717,18.60144,0.5325776
22.48026,20.62638,18.94791,18.34203,18.00625,0.3505173
22.73512,21.22089,19.53477,18.7597,18.25537,0.4451884
25.81709,21.2965,19.33678,18.59276,18.18105,0.4498852
19.50343,17.59721,16.603,16.12247,15.76647,0.1142851
23.91822,22.64637,21.13012,20.27388,19.55482,0.544081
19.40539,18.27197,17.75757,17.41528,17.19035,0.08622202
18.3842,17.42729,17.11569,16.89645,16.79791,0.04456387
20.19964,18.43268,17.57531,17.16176,16.82822,0.06923166
23.07718,21.70435,20.57943,19.79127,19.23448,0.5284379
23.50202,22.95526,21.03277,19.96959,19.42565,0.5490955
19.88669,17.86054,16.90142,16.47638,16.1393,0.09497028
23.04843,21.99295,20.59147,19.67877,19.50866,0.5946434
22.46433,21.44283,19.70252,18.92712,18.36074,0.4100704
23.33669,22.22176,20.45426,19.36021,18.80566,0.5488238
24.99994,22.94038,21.09032,19.93756,19.13435,0.6203367
23.86409,22.04233,20.21868,19.25041,18.85612,0.5861862
24.46447,22.61229,20.8932,19.81044,19.23936,0.5244128
22.70557,20.73898,19.04708,18.39625,18.01024,0.394633
18.88608,18.27747,17.92417,17.51963,17.57079,0.197414
19.95291,18.39495,17.47212,16.96,16.63688,0.1707446
25.22333,21.10081,19.27101,18.63985,18.30496,0.3906254
24.35021,22.03432,20.7436,19.60752,19.24544,0.6471752
19.23673,17.70894,17.24336,16.90893,16.79221,0.07236782
25.28181,22.62568,20.95389,19.88585,19.4108,0.4892329
22.40604,21.81313,20.31236,19.75244,19.22187,0.4411373
20.31022,18.69355,17.84471,17.348,16.92449,0.08304734
19.62706,18.31053,17.64714,17.18992,16.99657,0.1049157
22.88948,23.51325,21.44919,20.45595,19.994,0.6212154
20.64075,18.97248,17.88046,17.41479,16.9783,0.1161219
22.69045,21.396,19.59939,18.6869,18.19692,0.509685
19.08721,17.3978,16.49332,16.05025,15.77281,0.1171262
22.06922,19.76859,18.45028,18.20152,17.5062,0.145674
23.33527,22.07399,20.31654,19.26725,18.73189,0.5487186
23.06069,21.06217,19.20774,18.467,18.19494,0.3300673
23.67285,22.89367,21.26381,20.05274,19.57481,0.6517185
23.23529,23.81851,21.12166,19.99714,19.60258,0.6268241
19.21774,17.19611,16.16648,15.7315,15.35785,0.1150431
24.4755,21.00472,19.26013,18.55444,18.11207,0.4152153
18.60792,17.54641,17.13568,16.76884,16.64853,0.08190598
24.25723,22.70044,20.95562,19.95503,19.61902,0.4860135
19.96314,18.21282,17.34899,16.93806,16.62312,0.06879028
24.31266,23.95569,20.73034,19.37778,18.88883,0.6173604
18.17485,16.16745,15.19847,14.7566,14.40484,0.07252388
19.50129,17.4714,16.47805,16.0424,15.69495,0.1041546
23.06327,22.79859,20.36779,19.4653,18.83821,0.540614
23.2774,22.57899,20.9005,19.6788,19.16806,0.5585293
19.78153,17.69416,16.67626,16.18358,15.81553,0.07595737
23.51252,22.24361,21.44646,20.41266,19.66135,0.7269897
21.76578,21.35363,19.5253,18.80048,18.38802,0.4246979
26.21559,22.32272,20.71033,19.78385,19.36123,0.5418171
23.64561,22.08896,20.36912,19.3645,18.95626,0.5167397
22.2742,20.72757,19.11678,18.56377,18.1404,0.246095
21.01219,19.10434,17.71857,17.20417,16.82018,0.2003652
20.44823,18.60346,17.57243,17.11946,16.7454,0.1382075
21.25665,20.92307,20.56042,19.83631,19.2848,0.9455689
23.66353,22.41401,20.78119,19.71876,19.33095,0.5806781
20.83862,20.71027,20.3213,19.98417,19.84027,0.5681835
21.74937,19.22283,17.6763,17.12263,16.80011,0.2794406
20.69372,18.5789,17.66521,17.24564,16.91498,0.08405665
25.21656,23.89623,21.89982,20.5943,19.68698,0.744987
23.41339,21.88454,20.3203,19.51501,19.04222,0.4777435
20.90577,20.01965,19.83987,19.15635,18.96378,0.1306151
21.54652,20.0828,18.59013,18.03106,17.65034,0.2726507
26.74206,22.11685,20.32345,19.37842,18.77422,0.5381281
20.44899,18.39777,17.03599,16.52202,16.14915,0.2049555
20.04774,18.06643,16.96642,16.53162,16.20625,0.1576771
26.5156,22.38137,21.22874,19.97646,19.04189,0.7737121
19.09033,17.78463,17.18127,16.8466,16.61194,0.1015825
17.59056,16.54917,16.06579,15.61509,15.44563,0.07530677
20.11746,18.35729,17.45633,16.97693,16.60428,0.08426986
25.00423,22.31599,20.61718,19.74,19.33658,0.3257534
23.17097,21.84276,20.89966,20.03133,19.52397,0.7853183
22.74716,21.6444,19.84159,18.98222,18.51278,0.4641221
23.34874,22.51896,20.8693,19.99545,19.64351,0.4585192
23.93215,20.74368,19.04807,18.40353,17.92054,0.3181024
19.11601,17.03947,15.99138,15.53339,15.17124,0.1237138
20.55405,18.54532,17.54834,17.11753,16.80255,0.1144623
25.06188,22.17263,20.71879,19.5427,19.19996,0.5761589
22.3308,21.30966,20.50204,19.61712,18.78422,0.8114445
23.55745,22.7259,21.34645,20.35832,21.10797,0.5656502
22.96936,20.93527,19.27419,18.47054,17.96777,0.4389208
22.03114,21.54199,20.55204,19.86644,19.56207,0.586661
22.44931,21.9737,20.41518,19.5914,19.24459,0.4820558
19.46927,18.3042,17.65043,17.22307,16.99882,0.09481806
23.38872,21.51285,19.69623,18.98231,18.55814,0.386149
23.04799,20.97476,19.10232,18.3845,17.97001,0.3941841
19.79638,17.7851,16.80202,16.34548,15.99119,0.09620388
24.78788,22.86432,21.18211,20.018,19.56744,0.5612818
20.24025,18.32492,17.31622,16.92005,16.61769,0.1710199
20.44929,18.46793,17.34797,16.85969,16.47566,0.09155164
22.34992,19.91194,18.40928,17.82437,17.38201,0.2457703
26.01745,22.64589,20.82422,19.68015,19.18122,0.5732989
20.15533,18.12264,16.98724,16.52594,16.18394,0.1545711
20.28181,18.29577,17.2422,16.81175,16.44629,0.1152081
19.08736,17.0746,16.15171,15.67194,15.34388,0.04565065
22.07151,20.18968,18.51193,17.9251,17.59776,0.3308053
21.47965,19.52315,17.90982,17.30808,16.96523,0.289216
24.58952,23.15421,20.98836,19.93165,19.32893,0.6349046
19.67849,17.53175,16.48302,16.00605,15.62938,0.1170218
24.12368,22.52638,21.64099,20.51859,19.91427,0.7617472
22.3752,21.86353,20.41904,19.43519,18.96046,0.5783554
20.09922,18.47079,17.44847,16.92549,16.50577,0.09570225
19.99403,18.46467,17.65714,17.21578,16.88814,0.1020009
25.14813,21.26879,19.63935,18.78205,18.36331,0.4343971
21.74747,18.34067,16.837,16.28893,15.89492,0.2469284
20.72182,18.82343,17.78048,17.32349,17.02706,0.1375224
18.08598,16.8793,16.55986,16.3096,16.18607,0.04880419
22.93653,21.56202,19.69382,18.9566,18.45923,0.4582242
24.2924,21.88488,20.05318,19.08361,18.56259,0.5125555
19.03359,17.76301,17.01717,16.59702,16.32538,0.09942314
24.48799,23.87037,22.21612,20.95274,20.31381,0.7089049
22.81818,22.06641,20.72415,19.84339,19.49083,0.4802903
19.49941,17.52264,16.36648,15.87868,15.51336,0.1432167
19.4095,18.67537,18.46903,18.17624,18.1178,0.05284212
23.62363,21.54755,19.95293,18.74637,18.42535,0.5675625
22.95168,22.47521,20.65808,19.6532,19.2354,0.5379958
17.44304,16.36939,15.86234,15.55192,15.33612,0.04510751
20.33578,18.69555,17.77551,17.30992,16.94802,0.09428345
20.68797,18.64471,17.45187,16.97392,16.6676,0.181227
19.81818,18.04997,17.24018,16.82953,16.54068,0.097227
16.56948,14.71932,13.77979,13.23206,12.81701,0.03049331
24.74319,22.19201,20.49533,19.55126,19.19915,0.4902236
19.41744,17.3108,16.16957,15.6957,15.32304,0.1062192
23.0691,22.61419,21.14369,20.14854,19.57237,0.6130199
23.15284,22.53863,20.77219,19.79738,19.34302,0.4849513
22.86948,20.88985,19.19591,18.44042,18.11367,0.4700166
20.73523,18.85085,17.56961,17.08212,16.70905,0.2118236
22.24483,22.2916,20.92197,19.8452,19.17938,0.7978004
19.50768,17.89494,17.0623,16.63843,16.32681,0.1064332
22.80969,21.48909,20.54051,19.81644,19.1403,0.5239419
23.37896,20.89572,19.02979,18.41842,18.10302,0.3522927
20.44154,18.41016,17.1557,16.58695,16.20269,0.1619753
19.96183,18.4313,17.42835,16.95036,16.56672,0.1439694
22.27718,22.04669,20.7327,19.94599,19.83133,0.5658562
22.05162,21.83293,20.75934,19.81322,19.29292,0.7288899
23.95716,22.61738,20.94525,19.87192,19.31473,0.5932536
23.32671,22.68503,21.27114,20.10318,19.76278,0.6881865
23.95361,22.6125,20.66636,19.59179,19.0949,0.6052926
23.48254,22.19158,20.2989,19.42782,19.05674,0.4883055
18.91484,16.89636,15.94211,15.51015,15.15124,0.08389093
23.39724,22.59339,20.82445,19.91031,19.44185,0.5481364
24.1731,22.28419,20.38054,19.38141,18.91813,0.4990511
19.51907,18.36065,17.76809,17.42816,17.22681,0.10514
24.09582,22.38673,20.67555,19.78333,19.30807,0.5251004
25.75719,22.93554,20.84945,19.74736,19.17575,0.568817
17.42361,16.74066,16.7125,16.55505,16.465,0.03961598
17.98878,16.99282,16.59793,16.38165,16.19337,0.02500002
21.11966,20.62372,19.54206,19.17801,18.64096,0.3496942
22.84868,22.47106,20.38173,19.45866,18.91651,0.5234789
18.16848,16.45686,15.64913,15.26141,14.93918,0.03486632
19.79259,18.50587,17.87541,17.51318,17.25055,0.05858746
22.78976,22.59871,21.15151,19.71807,19.27202,0.6702114
19.62175,17.9177,16.88734,16.44549,16.07946,0.1284464
24.21258,22.51038,19.94953,19.0058,18.54432,0.533914
22.64404,20.57739,18.90255,18.22202,17.87902,0.3853681
25.43573,20.54407,18.89171,18.28928,17.86912,0.2985055
20.55115,19.27098,18.69047,18.2809,18.28283,0.07621771
19.68059,18.48562,17.7522,17.35954,17.12668,0.1511484
22.33342,21.62567,20.33684,19.53654,18.96876,0.5493947
22.46655,21.87876,20.63951,19.46637,19.04727,0.7929884
21.95488,20.64256,20.35036,19.20266,18.67202,0.7765393
25.50163,21.75967,20.06354,19.09942,18.64403,0.5034381
17.99271,16.93887,16.53021,16.30923,16.21102,0.0186225
19.68265,18.10669,17.38246,17.04848,16.80095,0.08758263
19.34079,18.16904,17.74122,17.54371,17.4508,0.06753261
19.61522,18.11832,17.56721,17.28137,17.08601,0.05377433
24.10701,21.50293,19.99797,19.21869,18.92346,0.4720942
20.21737,18.60727,17.48455,16.97832,16.63583,0.1638039
22.5516,21.9163,20.41223,19.78995,19.4485,0.3901265
23.13266,21.9728,20.40058,19.63388,19.16852,0.3911436
23.31219,22.91329,20.27079,19.10227,18.42904,0.6167219
19.36353,18.14835,17.49545,17.11134,16.89111,0.1460312
19.38782,18.23771,17.75071,17.37686,17.46386,0.06122857
22.80515,21.60379,20.0563,19.10417,18.5177,0.5132145
23.23392,20.92558,19.1509,18.43414,18.0415,0.4052841
17.73206,16.65501,16.25067,16.03716,15.86815,0.0211381
26.22041,23.14622,20.80164,19.39941,18.97669,0.6575816
21.70424,20.8589,19.61424,19.11459,18.6592,0.3464308
25.7725,23.16778,21.92604,20.85478,19.80216,0.7356328
20.26143,18.3802,17.41088,17.01179,16.6739,0.1147959
24.47209,23.01928,21.11635,19.94287,19.46422,0.6914277
22.7861,21.08798,18.89296,18.15633,17.72626,0.3492885
25.69652,23.83049,21.89003,20.71628,19.90072,0.6884853
19.66945,18.3388,17.88053,17.57778,17.4621,0.06715275
22.9851,22.96343,20.93793,19.75362,19.29322,0.601186
23.11836,22.92978,20.87887,19.73197,19.23209,0.5494218
25.72058,19.92547,18.30361,17.71154,17.47896,0.2771569
19.89999,18.05282,17.26112,16.90346,16.65378,0.06026089
21.89552,20.98087,20.07706,19.36555,19.19342,0.5500764
19.23684,17.54853,16.77027,16.40261,16.10551,0.06047346
24.00776,22.04045,20.16527,19.04854,18.71252,0.5631346
24.87589,22.6355,21.1854,19.87933,19.65783,0.5553803
19.21734,18.27869,17.56783,17.18556,16.99607,0.1937813
20.68627,18.82409,17.76634,17.26079,16.8987,0.1557681
18.38804,17.13193,16.51061,16.13158,15.89143,0.09889681
19.68769,17.80966,16.63806,16.16053,15.77824,0.207514
18.85881,17.48091,16.79157,16.35425,16.06317,0.08542085
25.59992,21.80471,20.19947,19.18319,18.72464,0.5138113
22.50112,22.39987,20.86533,19.44458,18.94956,0.7048279
23.27966,20.85178,19.07738,18.39965,18.02818,0.3732484
24.66263,22.69994,20.3349,19.08741,18.41258,0.6480154
23.13289,22.309,20.64786,19.75323,19.23469,0.6060553
20.42595,18.69919,17.51926,17.02276,16.67411,0.1695907
26.62261,22.06894,20.50654,19.60156,19.14902,0.5694091
18.99098,17.33706,16.44996,15.94307,15.60082,0.08015788
23.17109,21.41952,19.89322,19.13535,18.8091,0.4185737
19.65346,18.37601,17.50446,17.10045,16.82066,0.1794934
22.88404,21.73944,20.81774,19.96637,19.41489,0.5965686
24.94675,22.23565,20.53001,19.52196,19.07045,0.486217
24.50158,22.40631,20.56889,19.38006,18.80737,0.5504527
22.98414,22.55057,20.58901,19.52119,18.99909,0.5250939
23.81907,21.54619,19.90475,19.11703,18.68172,0.4187824
20.64457,18.77276,17.57627,17.0576,16.71469,0.1751031
26.24024,21.74101,19.83698,19.00064,18.59216,0.4453979
27.00703,21.42611,19.7529,18.91088,18.46821,0.4654796
23.4306,22.94324,20.99828,19.87849,19.42337,0.591257
22.47398,21.2536,19.64134,18.86749,18.39782,0.4670949
24.63079,22.29762,20.7573,19.53502,19.17025,0.73507
23.37514,22.96146,21.07331,19.93286,19.47414,0.6819628
22.86392,21.17541,21.22744,19.59204,19.11597,0.2926731
24.56573,22.49406,20.83605,19.82712,19.38306,0.6072477
24.47148,21.5241,19.88913,19.09844,18.65821,0.4019703
19.03693,17.58156,16.84579,16.45738,16.20189,0.07541034
23.35323,21.79341,20.28887,19.51025,18.93107,0.4409453
23.33236,23.45588,21.43726,20.12595,19.72393,0.6239231
24.13137,23.65025,21.87823,20.49704,19.74882,0.8689232
25.88009,21.63626,20.02501,19.13244,18.68964,0.4906452
23.68223,22.6005,20.64025,19.64965,19.46774,0.4805304
22.34897,21.54282,21.02655,20.26217,19.95994,0.6343848
20.30597,18.2513,16.82869,16.28284,15.90058,0.2141092
23.4558,22.89643,21.06515,19.81566,19.35826,0.6212728
19.3682,17.90857,17.16034,16.78418,16.49896,0.1078843
23.62312,21.53617,20.18909,19.50616,18.92686,0.2669337
23.12676,21.94555,20.37722,19.60685,19.04581,0.4823723
23.47651,22.29981,20.83278,19.8489,19.57365,0.5310853
20.547,18.54919,17.40069,16.9421,16.56348,0.1449612
20.01585,19.44726,19.01629,18.92195,19.03805,0.1861692
24.97521,22.99667,21.03594,19.85397,19.26308,0.5653153
19.47943,17.79344,16.83748,16.33366,15.98224,0.1277199
22.69547,21.42287,19.87144,19.04426,18.67368,0.4785388
20.32063,18.4162,17.15875,16.67931,16.31165,0.1964256
25.76671,23.05324,21.35535,19.98932,19.41415,0.7065282
18.72606,17.46576,16.727,16.27238,15.99303,0.1206335
20.80782,18.84221,17.33339,16.77116,16.43143,0.2635258
19.45097,18.10487,17.33546,16.96016,16.6697,0.1307774
19.47342,17.28898,16.13322,15.6401,15.22758,0.1209088
18.86436,17.35356,16.61464,16.14317,15.94033,0.1143297
25.48954,21.53143,19.87009,19.07965,18.67716,0.459109
22.84728,22.26918,21.01871,19.92194,19.71839,0.7308545
20.78709,18.60313,17.4926,17.06006,16.60692,0.1185099
23.47318,21.31572,20.11538,19.36869,18.85652,0.4821424
19.78517,17.92597,16.99352,16.59735,16.24621,0.07699655
19.74446,17.82041,16.93876,16.49925,16.18703,0.05755247
17.06486,15.50511,14.73543,14.33414,14.00501,0.02617838
24.95985,22.17035,20.53207,19.59757,19.20922,0.4805949
19.61232,17.95846,17.03537,16.44825,16.03175,0.06282964
25.6735,22.35962,20.46843,19.42974,18.89026,0.5657321
25.08261,21.73477,20.00342,19.34481,18.9487,0.35379
23.71394,20.74894,18.94338,18.35862,17.96447,0.321961
19.54742,17.66027,16.64222,16.13396,15.76256,0.08538088
22.78401,21.74829,21.18905,21.00018,20.41244,0.3007762
18.62882,17.63196,17.30486,16.99532,16.89513,0.06922865
22.96833,20.00724,18.42539,17.80803,17.42857,0.3280518
23.30583,22.99698,20.85054,19.5888,19.06022,0.6312567
22.44976,22.04572,21.4005,19.84919,19.44731,0.4964929
25.4588,20.78466,19.07874,18.31439,17.85629,0.4365958
24.34544,22.37041,20.39159,19.39502,19.003,0.5696787
25.46142,22.56112,20.58143,19.66002,19.19013,0.4590521
24.16677,22.5687,20.62251,19.62679,19.08204,0.4962364
22.25434,20.24127,18.89048,18.35986,17.99734,0.2524508
19.62016,17.6985,16.7247,16.33028,15.99638,0.1237014
23.58265,23.57757,21.84193,20.5283,19.82999,0.7437423
23.22202,21.57796,19.85122,19.20174,18.98375,0.3559197
19.24536,17.22138,16.25779,15.81657,15.45252,0.06452296
19.97998,18.08373,17.1307,16.66089,16.29786,0.08477004
24.93975,22.75498,20.81735,19.69227,19.27604,0.5707555
20.64674,18.64431,17.45094,16.99446,16.67151,0.1891429
22.82323,22.40331,20.62231,19.49045,19.17256,0.5696102
21.97015,21.48311,20.134,19.35112,19.06784,0.5664162
22.16757,20.26027,18.6099,18.02101,17.6772,0.3058594
23.31386,21.58294,20.54989,19.59329,19.16115,0.6104491
25.52133,21.4418,20.22193,19.47216,18.96033,0.5227953
22.36993,20.16825,18.59368,18.01801,17.59052,0.2429839
19.83253,17.76759,16.74019,16.26893,15.87399,0.1043909
21.02506,18.39194,17.10813,16.58672,16.19981,0.1799312
24.29958,21.0653,19.12739,18.384,18.03806,0.4165141
19.86566,17.82915,16.7568,16.26589,15.86637,0.09411468
23.902,23.10155,21.85427,20.75944,19.85693,0.7237533
23.55066,22.14848,20.61946,19.64497,19.26174,0.545317
21.70308,20.23274,18.79996,18.22277,17.88528,0.2633029
19.14968,18.00277,17.52143,17.18342,16.95866,0.04187129
20.05762,18.20801,17.20531,16.71013,16.29343,0.08008874
19.59908,17.62207,16.57038,16.09308,15.7233,0.1175129
22.76026,22.60326,20.97707,19.78872,19.22722,0.6088582
18.43388,16.5025,15.58259,15.1522,14.82316,0.06491802
24.32605,22.08583,20.41685,19.63139,19.23322,0.4029185
19.17821,17.98434,17.46381,17.20576,16.94245,0.04781106
23.03644,21.67094,20.25092,19.01595,18.38417,0.6287515
24.38507,25.47016,22.09605,21.06843,19.84098,0.8161569
22.65031,21.46931,19.66349,18.80895,18.28471,0.484981
23.34218,21.13666,19.40012,18.70047,18.22011,0.409855
19.77291,18.41827,17.73771,17.38911,17.09894,0.1086359
19.65622,17.52949,16.45127,15.97264,15.60885,0.1256574
23.70396,21.36339,19.75937,18.96854,18.5143,0.4625712
17.84906,15.89466,14.94347,14.49597,14.15972,0.07545102
20.67337,18.7568,17.66989,17.21012,16.79338,0.1227933
20.77781,18.79521,17.72104,17.26094,16.88745,0.1206197
26.18045,22.50385,21.06773,20.15114,20.07195,0.5634844
24.86536,23.65556,21.59676,20.53643,19.83138,0.672492
23.26423,21.34389,19.39603,18.74319,18.48176,0.4029471
22.49648,21.7441,20.6153,19.72926,19.78461,0.6274198
19.85661,18.24298,17.33698,16.92967,16.58472,0.1187428
25.42462,22.55009,20.84275,19.8334,19.33331,0.5505933
25.7475,22.58684,20.62034,19.3794,19.37078,0.6588687
24.0942,24.08866,21.8339,20.7703,19.8408,0.6789882
24.16315,21.35153,19.45498,18.77395,18.29668,0.4087499
23.1188,21.66624,19.77808,19.06512,18.63462,0.3727722
23.90996,23.21997,21.37366,20.21267,19.55997,0.6494528
24.87842,21.44489,19.8604,19.24733,18.72903,0.3828307
24.69938,21.09604,19.15553,18.48671,18.11612,0.328981
25.51613,22.42699,20.62146,19.54693,19.00618,0.5764961
22.03971,22.36118,20.75085,19.51276,19.05665,0.667676
24.99177,22.36478,20.71141,19.66618,19.30492,0.5400829
24.03201,23.10527,21.1166,19.80451,19.31314,0.6411494
25.79885,22.14214,20.7614,19.86348,19.52943,0.5741983
24.1963,22.68921,21.05521,19.87835,19.39342,0.5978665
26.24287,21.53703,19.95368,18.73476,18.28979,0.5518352
19.49244,18.06462,17.34268,16.90516,16.61002,0.07263607
23.28506,22.37894,20.52874,19.60651,19.03197,0.5412033
20.89008,20.04932,19.97095,19.69611,20.00606,0.08301303
24.57182,23.18802,21.05493,19.91804,19.40192,0.6679617
18.68265,17.48576,16.8274,16.44533,16.243,0.09936547
23.83755,22.72158,21.03325,20.15575,19.77331,0.4274338
24.05079,21.62456,20.01389,19.48872,19.1671,0.3363247
20.07545,18.43986,17.70511,17.31948,17.03813,0.05428021
18.33534,17.28177,16.89804,16.71807,17.17163,0.02917497
23.27684,22.69533,20.84587,19.80408,19.1489,0.532055
18.75145,17.65675,17.14518,16.80061,16.62646,0.07573777
23.36525,20.55972,18.89786,18.292,17.85639,0.3452088
21.90263,22.24214,20.80186,19.89873,19.51723,0.5436384
19.74399,18.02105,17.0727,16.61633,16.18884,0.09717272
23.02309,22.05174,20.47951,19.58143,19.39957,0.5520275
20.13692,18.21491,17.29157,16.88116,16.55056,0.0812843
27.65219,21.71958,20.11121,18.97594,18.27995,0.5844451
23.65811,19.83851,18.31241,17.76429,17.42848,0.2470947
25.69552,22.63236,20.72905,19.8163,19.23974,0.5034262
24.18658,22.42377,20.56038,19.57926,18.94787,0.5190132
18.76488,16.75557,15.72566,15.272,14.89623,0.1041698
23.7323,20.91919,20.4395,19.72212,19.74734,0.1944178
22.74833,22.00471,20.56202,19.70548,19.35845,0.512039
20.75311,18.71303,17.49648,17.01111,16.56213,0.1557858
24.10028,21.65232,20.06975,19.16561,18.69974,0.5379248
23.23132,19.87699,18.0888,17.44938,17.02326,0.3207301
22.95101,21.56199,20.33371,19.36807,19.00656,0.5655771
20.22799,18.34377,17.28376,16.77013,16.38803,0.1570227
23.37475,21.96736,20.46137,19.46747,19.04724,0.5590096
24.58783,22.48932,20.72939,19.69421,19.20207,0.4616462
24.41343,20.66748,18.96929,18.36127,18.0199,0.3754292
23.96204,21.73133,20.42334,19.43546,19.16803,0.505527
18.05212,16.79111,16.1737,15.7934,15.55958,0.07853378
23.24861,21.90944,20.4789,19.66999,19.45884,0.5166702
19.82206,18.19492,17.39043,17.0,16.71689,0.06722397
23.50156,20.996,19.31477,18.60199,18.20203,0.3151953
19.85394,18.3353,17.55657,17.15456,16.90964,0.09715212
25.93208,22.67353,21.06295,19.77466,19.31964,0.5879006
21.19291,18.98343,17.86956,17.34708,16.96934,0.1310607
19.0652,17.92513,17.46409,17.2496,17.09537,0.0633766
23.07961,21.76471,20.21111,19.34544,18.91181,0.5575852
22.5367,23.27715,21.28045,19.87002,19.39563,0.6202662
17.34052,15.62808,14.8367,14.4435,14.09861,0.05577905
21.57152,19.67509,18.33681,17.82029,17.44907,0.1848957
24.00499,21.91489,20.62359,19.54819,19.0915,0.5736952
19.40327,18.01708,17.21407,16.75884,16.43312,0.1321567
20.15575,18.37493,17.49857,17.10712,16.8056,0.1103252
19.86221,17.96366,17.13169,16.73417,16.43651,0.08673545
18.73561,17.80627,17.3703,17.09661,16.89618,0.1050774
25.28207,23.47587,21.48649,20.16465,19.61931,0.6961271
19.12165,17.92816,17.18219,16.72976,16.4595,0.1289186
25.93258,23.20105,21.03539,19.89585,19.40482,0.6071099
25.60983,23.49227,21.54532,20.63155,19.93984,0.6256071
24.11305,22.31694,20.70318,19.81411,19.10492,0.5837808
22.64769,21.31073,19.52555,18.64248,18.18212,0.5130154
25.17459,20.26816,18.4712,17.83361,17.44314,0.357008
22.78579,21.85788,20.41689,19.60677,19.20733,0.5094584
21.75236,21.23452,20.30732,19.53772,19.47651,0.3313465
20.24615,18.1573,17.07116,16.60029,16.20583,0.1236159
20.76403,18.7717,17.35635,16.80947,16.45251,0.2370575
20.047,18.1307,17.17859,16.7557,16.40928,0.09490905
22.36848,21.3313,19.68349,19.04943,18.55969,0.4167521
20.72439,18.7518,17.61304,17.15295,16.83437,0.1796876
21.98082,20.29784,19.23178,18.81934,18.46945,0.1508187
25.35682,21.35794,19.53218,18.85406,18.38404,0.4076327
23.585,22.04996,20.54076,19.54864,19.00714,0.5599101
24.27905,22.64611,20.83715,19.76522,19.45653,0.6561006
21.59109,19.36922,17.87587,17.32677,16.91847,0.2600363
20.48246,18.46081,17.38241,16.94647,16.60465,0.1430822
18.31148,16.58225,15.61559,15.18515,14.83041,0.1232783
22.72959,21.81669,20.61172,19.58142,19.10803,0.5045677
19.0875,17.45376,16.71953,16.3354,16.04523,0.07899182
25.41538,22.32855,20.65524,19.72155,19.27927,0.494069
23.2796,21.96325,20.48088,19.46155,18.93051,0.4983013
24.60254,22.56613,20.41387,19.42082,18.95642,0.499517
24.94183,22.31187,20.73958,19.73672,19.34169,0.4983779
25.98845,22.9901,21.09536,20.12677,19.492,0.5482265
23.19512,21.91261,20.55853,20.00882,19.44001,0.5297846
25.54866,21.34761,19.89897,19.129,18.72999,0.4344175
19.0356,17.61734,16.86319,16.44796,16.15911,0.0859554
22.84711,21.66137,20.14227,19.31407,18.70814,0.5071908
18.73468,16.87773,15.9586,15.55689,15.23007,0.08575411
24.17617,22.83088,21.05449,19.86812,19.37125,0.5839531
19.11077,17.84998,17.13147,16.70921,16.38087,0.07957479
22.18514,19.60754,18.0551,17.50377,17.11433,0.2632903
24.71414,22.37624,20.37216,19.40637,19.10839,0.4765281
23.95387,21.23753,19.37813,18.67547,18.19325,0.4088263
23.78466,21.22726,19.25885,18.60098,18.24424,0.3804685
22.85143,22.51755,20.85146,19.8978,19.47546,0.5005689
20.64522,18.69343,17.61526,17.12674,16.78204,0.1420989
24.86666,21.90962,20.17718,19.38268,18.93822,0.4640225
21.88733,19.13634,17.73919,17.16047,16.75004,0.2445002
26.0109,23.21982,23.11987,21.00677,19.99257,0.7286554
23.13791,22.39114,20.81823,19.67252,19.18908,0.5834653
22.59834,20.79994,18.96129,18.28992,17.85024,0.362159
26.16024,22.33203,20.98757,20.00407,19.38171,0.5432208
22.78539,21.13367,19.22001,18.50829,18.00907,0.4267305
24.59237,21.64214,20.05088,19.18003,18.83004,0.4668091
19.25978,18.12268,17.69294,17.4802,17.30092,0.01576504
22.36127,20.46675,18.79331,18.21514,17.82959,0.2606877
22.55965,22.55561,20.52816,19.58502,19.07107,0.518944
20.63297,18.63529,17.62467,17.15588,16.81326,0.09273437
25.50421,22.33123,20.76089,19.80677,19.21663,0.5523044
22.10187,21.38358,20.33755,19.55882,18.89993,0.6785874
26.7428,22.65129,20.62678,19.57263,19.03152,0.610426
19.944,18.05271,17.12808,16.72,16.42596,0.0810817
17.5434,15.58319,14.66213,14.16591,13.80773,0.02544205
19.65877,17.9137,17.02965,16.58477,16.24553,0.09406404
26.35162,24.96392,21.32275,20.25486,19.6016,0.6897694
23.22873,21.90971,20.04276,19.09733,18.63104,0.5729026
22.22176,21.13957,19.15498,18.51274,18.13567,0.356553
23.1041,22.06915,21.00569,20.01775,19.8101,0.6282346
25.15672,22.32995,20.51694,19.59801,19.06307,0.5372054
22.15747,20.43118,18.61898,18.00376,17.64803,0.3589176
25.50562,22.65212,21.00898,19.81819,19.43882,0.6251643
21.15915,19.46661,17.93421,17.2337,16.6605,0.2052168
18.53336,17.60458,17.24651,16.91649,16.80258,0.0824862
19.69433,18.13728,17.28575,16.81822,16.57319,0.1076708
22.47018,21.99325,20.17339,19.37094,18.93887,0.4512731
19.36409,18.19739,17.74801,17.42597,17.33434,0.06674289
19.5437,17.60891,16.5561,16.12821,15.78142,0.1439614
21.30664,19.21594,17.81981,17.29702,16.93848,0.1969276
19.61454,18.49382,17.74463,17.34802,17.07225,0.1889112
20.22359,18.42276,17.27069,16.77839,16.46155,0.1695858
23.97799,20.84105,19.0373,18.36283,17.96956,0.365368
24.05423,22.57844,20.55355,19.55416,18.9992,0.5889007
18.12414,16.42994,15.59719,15.21012,14.89716,0.07965787
22.78573,21.57076,20.14957,19.27094,19.02887,0.4968293
24.56159,22.31562,20.60947,19.79801,19.50288,0.4072447
22.67296,20.4017,18.74062,18.13589,17.8054,0.2817779
19.74052,18.36282,17.70914,17.29902,17.15508,0.1365702
24.33985,23.25086,21.22472,20.27169,19.79928,0.5377088
19.86562,17.64533,16.39873,15.9022,15.55749,0.1798101
18.98866,17.66985,17.02966,16.63292,16.36942,0.07885005
24.01392,22.28863,20.75721,19.78151,19.34927,0.6157287
22.88748,20.55611,19.00969,18.41784,18.11608,0.2515768
25.50248,20.95655,19.71336,19.23874,18.82359,0.2258697
20.5665,19.2767,18.92219,18.06291,17.76222,0.1596647
25.5385,22.46261,20.80247,19.76061,19.34404,0.4998722
23.98291,22.09511,20.19884,19.09922,18.52813,0.5941445
18.22954,16.70776,15.92355,15.49705,15.16471,0.04251731
22.03683,20.33273,18.63741,18.03444,17.67394,0.3222955
22.22709,22.593,20.52289,19.59618,19.09564,0.5026055
20.40281,18.6907,17.78814,17.31628,16.9816,0.06552027
22.62967,22.04593,20.36394,19.50497,19.12675,0.5094261
19.8113,18.10251,17.26426,16.78637,16.43253,0.07407503
22.94566,21.64594,19.95922,19.09324,18.59206,0.484014
23.01373,20.87164,19.15198,18.47372,18.09927,0.3648314
22.78535,21.91559,20.53186,19.7377,19.50316,0.3049047
22.37498,21.60373,20.13314,19.35868,18.91175,0.4777165
21.84821,21.05685,20.14054,19.20461,19.13724,0.4174385
24.14917,22.54209,20.65801,19.504,19.0498,0.6208074
22.84653,19.72462,18.2057,17.6493,17.27761,0.2582518
19.59302,18.7398,18.37708,18.07425,18.04808,0.1075584
22.43078,21.1767,19.96691,19.09574,18.60009,0.507418
19.34875,17.93066,17.14234,16.75306,16.41893,0.07732517
22.36127,21.15633,19.43564,18.78219,18.30855,0.3869398
25.14677,22.06847,20.28483,19.35365,19.04856,0.5038069
25.33143,22.60885,20.68029,19.99462,19.70582,0.3869078
21.75865,19.69952,18.08175,17.49489,17.087,0.2599812
19.14868,17.75976,16.88184,16.40138,16.04989,0.08334593
23.42135,21.70182,19.94415,19.16706,18.71486,0.4754971
25.28395,22.41582,20.17931,19.10914,18.57944,0.5127041
22.77469,21.97634,20.67625,19.84821,19.57141,0.4467043
22.18558,20.87055,19.66357,19.17165,18.78999,0.3753065
19.21902,17.91867,17.19979,16.79121,16.53082,0.09277341
23.69712,20.87164,19.1363,18.51198,18.12138,0.3413952
21.55582,20.6398,19.70038,19.34551,18.89989,0.3181792
19.38564,18.18843,17.56255,17.22724,17.02377,0.1204103
23.38778,22.8408,20.78759,19.76904,19.48724,0.5162282
18.82215,17.78672,17.26291,16.88925,16.68503,0.1063945
22.50044,21.08765,19.71711,19.19777,18.84107,0.2486438
22.89324,21.47454,19.90949,19.49431,19.19604,0.475374
22.59032,21.84012,21.68382,21.7609,21.29425,0.7678263
18.92216,17.72036,17.24022,16.96904,16.7753,0.02399611
23.14561,21.87888,20.12698,19.33744,18.73757,0.4700437
19.40578,17.61941,16.70273,16.21548,15.85477,0.07848489
18.7747,17.5781,17.0159,16.62524,16.40615,0.06841835
17.68574,16.51124,16.06249,15.83234,15.69381,0.0158543
22.24127,21.40834,20.40809,19.54278,19.16748,0.5932782
20.16204,18.5295,17.44906,16.99114,16.64531,0.1827959
19.18111,18.07685,17.51451,17.1215,16.92723,0.07235648
26.19756,22.76248,21.22746,20.05889,19.29701,0.6033534
23.92017,23.05789,21.9549,20.83879,20.34101,0.5485876
25.40628,24.16445,20.80644,19.51243,18.96712,0.5948071
23.90712,21.42179,20.35201,19.63674,19.12098,0.4911806
20.79353,19.20311,17.86621,17.30474,16.88929,0.292903
22.90218,22.6454,21.028,20.02177,19.52338,0.5722363
19.13318,17.44713,16.58476,16.18788,15.89446,0.09405337
25.00965,22.54063,20.66376,19.72301,19.09464,0.5979804
18.6294,17.46801,17.00274,16.67105,16.50145,0.06113762
21.38395,19.67851,18.54415,18.10523,17.75949,0.1545423
19.13073,17.62082,16.74747,16.24528,15.86517,0.06666758
26.47689,23.36139,21.20008,20.11092,19.70544,0.578163
22.29866,21.93123,20.87214,19.96168,19.36416,0.6375036
25.17578,21.46938,19.672,18.66388,18.1159,0.4969416
19.87097,17.79886,16.77693,16.34792,15.99396,0.1002846
23.82596,23.02502,20.87669,19.80191,19.15679,0.7180158
24.60135,23.14176,21.14451,19.87861,19.46609,0.6554539
18.43672,17.8558,17.92877,17.64199,17.69975,0.05865194
25.66466,22.89573,20.56118,19.54242,18.84005,0.5982686
21.8309,19.41262,17.83151,17.29666,16.93312,0.2940749
21.37824,19.16294,17.77944,17.28553,16.94445,0.2178926
18.89824,17.09877,16.21249,15.80259,15.48896,0.07700895
20.54351,18.58265,17.41889,16.94594,16.65572,0.1757713
23.2008,23.72841,22.24847,20.55937,19.87972,0.8082819
26.25231,20.35604,18.79648,18.08507,17.6815,0.3069755
17.95032,16.55394,15.78342,15.33585,14.99424,0.05777124
23.34283,22.34299,20.86188,19.77493,19.18081,0.5466469
18.49354,16.36974,15.29719,14.74521,14.35927,0.07537281
25.41826,22.15309,20.29064,19.40708,19.11024,0.4391095
18.88969,17.34772,16.43116,15.99244,15.64539,0.163879
24.21552,21.48695,19.51995,18.88799,18.5935,0.4167833
24.80306,20.96754,19.21341,18.59307,18.23915,0.3321264
19.48861,18.18197,17.45039,16.99798,16.70116,0.1530975
21.96318,20.68934,19.46636,18.81545,18.41253,0.2222916
24.14564,21.9232,20.49006,19.64408,19.00393,0.5223328
18.91655,17.41823,16.71201,16.31721,16.012,0.07619952
23.0267,26.75811,21.36842,20.36133,19.54716,0.6588295
17.02505,15.07137,14.19486,13.78339,13.48647,0.06780265
19.23847,17.75489,17.00267,16.61804,16.36191,0.1072695
18.43657,16.43923,15.50401,15.05564,14.6918,0.06300561
25.74055,22.24637,20.87459,19.68801,19.25676,0.5458938
23.03748,21.00523,19.1916,18.54283,18.04678,0.3642223
22.89141,22.20548,20.26074,19.16758,18.6506,0.5617434
24.25196,20.77728,19.04635,18.43881,18.10594,0.3820645
23.72896,22.41488,20.76689,19.92722,19.53699,0.4765247
23.24665,23.17584,21.06735,20.00903,19.38666,0.5431102
22.55647,20.78695,18.99914,18.35296,17.94736,0.2742982
18.33875,17.12709,16.71467,16.43315,16.27706,0.06063185
20.00472,18.03335,16.98403,16.53305,16.16477,0.1239727
19.78325,17.95873,16.88894,16.42315,16.07184,0.1615019
23.52837,22.24044,20.53543,19.68854,19.04224,0.5213179
21.7523,21.3943,20.6237,19.75703,19.34876,0.7274925
17.86546,15.69004,14.62792,14.13005,13.7438,0.06201774
20.62218,18.3302,16.9742,16.47512,16.10122,0.2049624
22.09307,21.0438,19.89938,19.16844,18.71904,0.5256901
22.74771,21.45155,19.34433,18.5771,18.09097,0.3684698
26.0996,22.88589,20.64504,19.61183,19.10665,0.5662884
19.63779,17.69607,16.63156,16.10056,15.65992,0.08043782
20.41521,18.46997,17.38599,16.94005,16.57101,0.1415896
23.47651,21.4929,19.87127,19.09792,18.62971,0.4202756
25.04211,23.29018,20.71434,19.55081,18.95432,0.6158457
22.51801,20.32519,18.68614,18.08166,17.67095,0.3188561
22.44509,20.71933,18.90436,18.25315,17.7699,0.3728402
18.30758,17.02949,16.52495,16.28264,16.18938,0.02986431
25.11793,22.6071,20.8292,19.84487,19.37458,0.5360368
20.29586,18.99559,17.81884,17.27179,16.88367,0.2352944
21.60862,27.44199,17.87051,17.20807,16.77263,0.3086102
22.06635,21.57887,19.94867,19.09429,18.87425,0.2933377
19.45917,17.53952,16.58455,16.09305,15.72758,0.07946505
23.44964,22.25648,20.82878,19.91719,19.29008,0.5243712
19.44908,18.03621,17.17448,16.77708,16.49965,0.1603235
18.39669,16.54496,15.64997,15.21418,14.84181,0.06281523
26.89671,21.18029,19.27888,18.56044,18.26024,0.3921041
19.95583,18.53842,17.65634,17.20355,16.92111,0.1469922
23.05876,24.43745,21.83403,20.68131,19.60384,0.8091028
16.80083,15.54789,14.93372,14.5881,14.35326,0.04904643
19.8102,18.03497,17.15391,16.75846,16.41596,0.07440992
20.005,18.51439,17.69936,17.2417,16.89346,0.1025019
21.52771,20.26473,19.55693,19.1268,18.86871,0.1588084
19.4928,18.07904,17.29152,16.87825,16.62464,0.1230781
19.55854,17.79595,16.80951,16.33778,15.94787,0.1183743
22.43013,21.38488,19.65602,18.69991,18.00194,0.5781208
23.84759,22.69028,21.59317,20.63035,20.23645,0.6582993
25.21322,23.14962,21.02945,19.85122,19.36361,0.6004014
25.02311,21.66115,20.10528,19.13904,18.82026,0.5299062
19.70161,18.21633,17.41322,16.97787,16.68209,0.1087588
20.35839,18.4266,17.31751,16.83303,16.4624,0.1343474
20.17549,19.01712,18.5431,18.26763,18.08782,0.1151391
23.35704,21.4405,19.7176,18.75916,18.2845,0.4893917
19.38219,18.20107,17.8056,17.4992,17.41172,0.06565089
19.52921,18.36285,17.85088,17.52905,17.35709,0.02771324
22.35024,22.2659,21.06875,20.12967,19.78843,0.6600012
26.042,21.4077,20.18376,19.39022,18.96293,0.5394476
19.8334,18.40865,17.59881,17.17417,16.93512,0.1218891
25.59734,20.90872,18.97668,18.2999,17.91465,0.3736521
26.76223,22.09635,20.50999,19.57177,19.11102,0.4788068
19.11805,17.96643,17.47935,17.11852,16.97849,0.07768781
24.38268,22.66133,20.71944,19.75268,19.31606,0.5089031
24.16573,22.02291,20.45419,19.5566,19.18077,0.4211893
18.12191,16.94231,16.46729,16.18091,15.95211,0.02760175
18.52171,16.40026,15.26318,14.81319,14.42543,0.1377244
22.04156,19.68496,18.00174,17.4211,17.02192,0.3115449
22.70587,19.81962,18.16395,17.58518,17.26712,0.2946373
23.13768,21.85592,20.49408,19.45156,18.91087,0.5405021
21.73277,19.77611,18.27324,17.66699,17.30722,0.2889722
24.51992,21.89928,20.48138,19.5875,19.19897,0.4740889
23.61757,21.70295,19.92785,19.08984,18.48894,0.4460273
20.15089,18.27959,17.2416,16.78968,16.42761,0.1647301
19.36214,18.25699,17.86618,17.5977,17.42193,0.05709761
19.47156,17.57511,16.64373,16.20744,15.8409,0.1129527
17.96784,16.77961,16.3312,16.13302,16.02277,0.0214001
18.97065,17.7977,17.1036,16.71181,16.47643,0.117452
23.18269,22.42941,20.79449,19.66117,19.15943,0.5428609
20.22861,19.38509,19.05252,18.77617,19.20994,0.0564657
24.4497,22.52192,20.81453,19.93978,19.51715,0.4706134
23.52421,20.80127,18.97139,18.29793,17.93799,0.3843101
24.33779,22.33328,20.90257,19.88028,19.59208,0.5289086
23.77908,22.56643,20.57756,19.91528,19.55814,0.4784501
25.55738,21.74335,19.77286,18.9703,18.50846,0.4360056
20.19155,19.27772,18.62267,18.30868,18.1728,0.088664
26.96624,22.35057,20.35962,19.29909,18.75384,0.5189721
23.69547,22.1619,20.77668,19.89961,19.49931,0.5028439
18.38115,16.66425,15.79927,15.3051,14.92105,0.042782
19.14305,17.57172,16.68049,16.24619,15.87292,0.1059338
20.60953,18.43391,17.07422,16.56182,16.18997,0.2064
22.79157,20.28064,18.68914,18.0853,17.7006,0.2790049
24.0076,21.73407,20.31694,19.48117,19.06596,0.4938512
23.63307,22.10793,20.52114,19.45663,18.92332,0.533268
23.16583,21.79475,20.34931,19.48448,18.8527,0.4815536
21.62043,19.07538,18.08889,17.55372,17.09026,0.05755688
20.32824,18.36311,17.35002,16.91079,16.56253,0.1083538
24.49546,22.12533,20.26638,19.28435,18.8727,0.5812005
23.43284,21.51852,19.67503,18.80914,18.36561,0.4964592
25.15266,21.93896,20.46457,19.3472,18.8334,0.6106549
19.70622,18.32965,17.51932,17.09293,16.8089,0.1342342
23.09976,22.21047,20.66331,19.65344,19.26648,0.5598248
22.22758,20.77391,18.93082,18.13157,17.61106,0.3927982
24.38745,22.40408,21.23526,20.55346,19.74702,0.4066687
22.39813,21.55126,19.9623,19.17711,18.8081,0.5312117
22.65053,19.92561,18.2403,17.62561,17.2023,0.337617
23.57765,22.98321,21.25615,20.27714,19.77271,0.4897845
18.16587,17.09403,16.67676,16.44368,16.25431,0.02231555
23.2303,20.74994,18.94541,18.30217,17.84517,0.3694476
20.57212,19.83428,18.85823,18.403,18.17252,0.2904149
24.35571,22.24034,20.49166,19.51952,19.00174,0.4993349
23.04673,21.82879,20.1622,19.3585,18.96311,0.4244884
24.78741,23.03338,20.95861,19.79871,19.31795,0.6124296
24.45867,20.82124,19.12143,18.37444,17.99646,0.4345843
25.91378,25.09191,22.16034,20.74911,19.73811,0.8349064
23.43565,21.53501,19.72449,18.91113,18.50605,0.4679983
24.57342,23.25052,21.49778,20.26577,19.61433,0.6484437
21.64246,20.40459,19.10574,18.59002,18.16279,0.391816
23.55969,22.4169,21.05773,20.09065,19.60903,0.6010866
24.50479,21.66224,19.94102,19.1307,18.63691,0.4625982
20.21545,18.22907,17.24111,16.80956,16.44768,0.1012299
19.05934,17.76269,17.05818,16.61329,16.35399,0.1188047
25.90785,22.26355,20.83636,19.87803,19.54235,0.5928274
24.09946,23.15201,21.24546,20.13788,19.87055,0.5854106
20.90247,18.91047,17.71731,17.20325,16.79288,0.1660956
23.09726,22.27859,20.39448,19.55116,19.13173,0.4744129
23.27248,23.31433,21.22269,19.85645,19.21866,0.6378084
23.1598,22.87132,20.57332,19.62882,19.14157,0.4529564
21.87176,20.28553,18.95836,18.22696,17.67255,0.2281765
19.01687,22.38177,18.45766,17.30597,16.9638,0.8282363
20.93121,18.67373,17.2797,16.76597,16.43479,0.2218676
19.42148,17.43426,16.40028,15.97458,15.62027,0.1009633
23.25792,21.4551,19.9136,19.1277,18.66659,0.4300652
23.55603,22.6005,20.52891,19.64042,19.01524,0.4726733
22.50382,20.66193,18.81777,18.18611,17.9085,0.3245387
20.16507,18.51028,17.4677,17.00171,16.63512,0.1386083
25.0292,19.90705,18.33848,17.73845,17.32048,0.2471593
24.21581,21.84591,19.7233,19.15447,18.89985,0.3300917
25.00515,21.38331,19.77201,18.91329,18.47726,0.5139228
23.25537,22.52298,20.60749,19.58913,18.98667,0.5318542
20.13147,18.1682,17.19318,16.7581,16.42255,0.1051612
19.34189,17.73284,16.89899,16.39699,16.04832,0.0594144
20.80582,18.89423,17.94999,17.42769,17.03443,0.1169366
22.89496,21.43265,19.54437,18.84027,18.42928,0.4085964
22.99849,21.854,20.57883,19.7495,19.52972,0.4227113
20.33942,18.48243,17.38883,16.9607,16.60783,0.1382738
26.33579,23.94805,22.25204,20.80353,19.81207,0.5735742
22.44081,21.48901,19.81832,18.8406,18.42341,0.5172549
22.96245,22.21313,20.29178,19.18308,18.64921,0.5587419
21.45221,20.08146,18.45823,17.87653,17.47488,0.3265116
20.31868,18.85364,18.02894,17.58599,17.29383,0.03566019
25.50514,23.00886,20.92733,19.73565,19.33445,0.5810308
24.87904,23.21285,21.04227,19.74809,19.0826,0.6910906
23.66069,22.12238,20.94996,20.07606,19.70202,0.5554035
17.2818,15.37901,14.51735,14.10834,13.77661,0.02548059
19.82132,18.51342,17.40178,16.87722,16.49166,0.1949328
19.11343,17.9653,17.61373,17.31045,17.45056,0.08184123
24.89533,22.92293,20.86238,19.70559,19.21208,0.5292665
22.98144,22.30889,20.98077,20.00393,19.62983,0.6010182
21.06575,19.29412,17.94397,17.32431,16.83791,0.1792051
25.62963,22.09453,20.82671,19.94502,19.49314,0.5807214
26.181,22.75314,21.04453,20.1318,19.67705,0.5143422
23.19476,22.09096,20.40139,19.42419,18.87834,0.6069791
19.51019,18.11712,17.21795,16.75144,16.39646,0.1510452
23.64708,22.10995,20.61745,19.71211,19.35328,0.6000463
23.91622,23.28231,22.04974,20.6413,19.66395,0.7231194
17.83027,16.14777,15.26662,14.75535,14.38123,0.03129549
23.42092,22.8175,20.70777,19.82546,19.21761,0.4702372
23.9911,22.22548,20.53808,19.67235,19.40762,0.5303048
23.57228,20.61646,18.9603,18.3453,17.95742,0.3295862
19.11286,18.19433,17.62006,17.21913,17.04043,0.2003851
24.20699,20.53442,19.7245,18.79658,18.22692,0.5308133
21.05606,18.75869,17.49221,16.9413,16.43643,0.1318706
24.82483,22.19582,20.48689,19.60535,19.08094,0.4772924
24.88691,21.33783,19.54653,18.84662,18.44892,0.4373682
24.53538,22.25322,20.65753,19.84859,19.40614,0.4920419
19.3582,17.30827,16.31116,15.87073,15.50528,0.1112667
19.28098,17.95939,17.23902,16.79056,16.46409,0.1045658
20.57743,18.60067,17.7956,17.34576,17.05482,0.1023425
19.9243,18.01065,17.07721,16.63101,16.22668,0.1048569
20.58629,18.68451,17.50476,17.02167,16.69595,0.1576609
25.46312,22.72117,20.99028,19.9883,19.52232,0.6150305
26.13168,22.54412,21.24901,20.212,19.53851,0.6316053
23.37498,20.88513,19.05078,18.36684,18.27817,0.4435945
21.87764,20.57073,18.84698,18.22798,17.80548,0.3680045
22.94392,20.45565,18.95458,18.24301,17.7777,0.2306725
19.22559,17.70686,16.95789,16.49657,16.18619,0.06586132
22.76328,23.19582,20.52988,19.22481,18.42844,0.7125966
24.92615,22.44752,20.89462,19.9027,19.51956,0.493949
20.45632,18.62899,17.50364,16.98586,16.61893,0.151277
24.05757,21.95561,21.04687,20.1308,19.79498,0.3706967
22.82702,21.49192,19.74297,18.92582,18.49869,0.4894104
22.80191,21.40608,20.03926,19.29238,18.81458,0.4103514
24.32676,22.40412,21.0608,19.6407,19.23028,0.7233498
26.05863,22.51099,20.81409,19.93066,19.42474,0.4964151
23.89131,22.32984,21.31993,20.23327,19.49399,0.6889324
22.65031,21.46931,19.66349,18.80895,18.28471,0.4851423
20.20708,18.30441,17.24043,16.79957,16.4275,0.1344587
22.19785,20.19547,19.28227,18.82001,18.68326,0.08536135
19.49545,18.18188,17.58574,17.17134,16.98039,0.07483314
22.17577,21.13028,20.04449,19.31351,18.88613,0.5615814
23.80058,21.59988,20.38833,19.12181,19.35527,0.4101013
27.61056,21.55992,19.74692,18.90767,18.46308,0.4745799
22.43979,20.14988,18.80976,18.19767,17.77867,0.1788761
19.94858,18.2991,17.31811,16.88614,16.58824,0.1781497
21.74441,19.13674,17.63106,17.11614,16.7193,0.2245434
23.26759,22.1736,21.09414,20.22076,19.79008,0.5903088
19.72014,17.72169,16.75945,16.32319,15.9613,0.08441045
19.47673,18.35997,17.73605,17.35137,17.15196,0.08221254
19.42873,18.07407,17.32836,16.92355,16.67863,0.1157491
22.50624,20.54786,18.85388,18.25193,17.95868,0.3002725
19.68312,17.6185,16.71352,16.28008,15.95644,0.06025428
23.95887,22.6836,20.73473,19.63563,19.13648,0.5617049
23.60008,23.19869,21.00233,19.85087,19.3095,0.5855822
22.99192,22.2548,20.6458,19.62553,19.08934,0.5415268
22.56863,20.62049,18.87979,18.19182,17.8125,0.3983148
22.39701,21.0688,20.07861,19.34651,19.08563,0.7542511
23.26024,21.16018,19.48323,18.64394,18.09339,0.4737006
25.37569,22.04116,20.22146,19.34059,18.78931,0.4550881
22.71771,21.5175,19.96102,19.06679,18.57667,0.4835108
23.15566,20.27292,18.55805,17.99013,17.59908,0.3257706
23.87259,22.56768,20.45009,19.4649,18.97796,0.5108624
20.51729,18.23123,16.77541,16.21131,15.83055,0.2141508
23.41153,22.13681,20.37388,19.45371,19.00858,0.4867193
22.58916,23.6141,20.60055,19.35335,18.89856,0.5911406
24.43957,20.6943,18.96155,18.35684,17.94877,0.3557697
22.49898,21.1759,19.31291,18.53484,18.07783,0.4598607
23.02159,24.23587,21.58812,20.29098,19.60655,0.7020306
19.95464,19.31775,18.91228,18.57092,18.59799,0.1265118
20.30759,18.42824,17.3566,16.81193,16.44244,0.1491551
20.48723,18.5399,17.45004,16.99675,16.6583,0.1532907
19.60009,18.26035,17.63047,17.25607,16.99769,0.1403058
19.78721,17.84786,16.82952,16.37684,16.02746,0.1016239
22.40483,22.18851,21.04971,20.03737,19.52426,0.6372879
18.09856,16.8324,16.3771,16.07061,15.92745,0.05723223
19.81434,18.10299,17.14297,16.67091,16.32786,0.1399581
23.66015,24.16466,21.70287,20.51377,19.75537,0.7323272
23.52299,22.65704,21.01077,19.72815,19.37751,0.5986409
21.55884,19.60612,18.15544,17.54642,17.26485,0.2268378
24.43957,22.5465,20.91461,19.91827,19.40478,0.5764477
22.36519,21.19601,20.38256,19.67658,19.42368,0.6522831
19.42211,17.37038,16.35717,15.89526,15.52449,0.08447308
20.75014,18.60656,17.40796,16.9374,16.56841,0.1765105
22.09076,22.28272,20.34134,19.24253,18.67466,0.6473626
24.31752,22.39322,20.79932,19.96512,19.50441,0.4896052
23.12983,22.05589,20.40236,19.32239,18.82049,0.5487051
19.20304,18.11504,17.65447,17.36217,17.24827,0.10494
20.41987,18.59399,17.32723,16.80735,16.44002,0.2018542
25.07573,22.00781,20.37761,19.26664,18.80522,0.5854422
20.56087,18.95527,17.67577,17.13164,16.80846,0.2060495
22.70163,20.04713,18.51961,17.94447,17.60688,0.3375107
22.67399,21.80544,20.45734,19.5865,19.58042,0.5218211
19.48157,17.43959,16.38665,15.90888,15.5377,0.1069756
26.30279,21.48256,20.07907,19.25705,18.85151,0.4707262
17.50226,16.33651,15.83297,15.60197,15.41695,0.03634867
17.8263,15.94364,15.01791,14.55187,14.1946,0.05541833
22.2634,20.07747,18.51896,17.89439,17.43842,0.279087
20.04681,17.96113,16.81923,16.36283,16.01488,0.1520817
19.35308,18.17266,17.55359,17.19433,16.92494,0.08156604
19.06345,16.96259,15.90956,15.43513,15.03913,0.09252898
25.50268,22.73254,20.88974,19.87009,19.4441,0.5265008
24.90127,22.50424,20.66381,19.60791,18.99223,0.530987
22.0819,20.18632,18.25709,17.62458,17.12499,0.363975
24.23656,24.17925,21.81473,20.74648,20.03496,0.5281819
21.5671,21.01628,19.84795,19.09286,19.09354,0.5725316
24.43195,21.3395,19.64552,18.84688,18.60573,0.478857
22.5734,19.94976,18.44265,17.80441,17.40703,0.2665528
20.41046,18.55486,17.53386,17.08727,16.77644,0.1236034
19.15741,18.09235,17.60701,17.41449,17.33616,0.02973948
18.45648,17.67382,17.56332,17.34292,17.34037,0.05329718
22.51921,21.22104,19.88282,19.40856,19.17071,0.3207296
24.5674,22.23335,20.75454,19.58394,18.98297,0.5865258
23.78379,21.35188,20.59626,19.6771,19.41393,0.1521016
20.36033,18.3597,17.26833,16.81119,16.45298,0.1446316
23.00205,21.21201,19.35657,18.57033,18.13065,0.4448161
23.15399,21.48624,20.09631,19.32913,18.87579,0.4990444
25.04311,22.43143,20.73363,19.70735,19.17622,0.6577836
19.79573,17.9664,17.05353,16.61088,16.233,0.1080767
24.23739,22.08195,20.61285,19.59396,19.0479,0.6659741
21.74098,19.58191,18.10957,17.52323,17.11797,0.2537881
18.72623,16.8351,15.90857,15.45894,15.13513,0.06756625
22.3495,20.30737,18.59074,17.948,17.6377,0.3188031
23.35128,23.29839,21.37073,19.91086,19.44904,0.7266989
22.01779,19.91924,18.30448,17.75539,17.41132,0.274424
21.69284,19.7304,18.16102,17.6041,17.19738,0.2674713
23.27692,21.84403,20.15131,19.27263,18.94294,0.5039595
20.35457,18.48624,17.52673,17.03287,16.66935,0.07617894
26.61307,23.80292,22.05803,20.60902,19.81041,0.7680607
19.66306,18.12266,17.07533,16.59913,16.20492,0.15806
17.54676,15.54189,14.61211,14.14917,13.79508,0.05581399
24.84628,21.42258,20.27232,19.51975,19.04738,0.2698782
25.52277,22.8873,20.89034,19.76381,19.42637,0.5328533
24.65146,22.39256,21.1234,20.08928,19.59418,0.493806
25.28914,21.41006,20.14915,19.20249,18.70502,0.5168234
22.58616,22.43882,20.7317,19.76649,19.46347,0.582999
23.46763,22.13375,20.72612,19.69088,19.19113,0.5308484
22.50956,22.73728,22.22004,20.4624,19.50726,0.7738883
25.10247,22.11687,20.71192,19.84338,19.43151,0.497695
20.22368,18.74553,17.79967,17.37472,17.03413,0.1235753
22.11732,19.49187,17.95254,17.37584,17.02932,0.2625837
24.00985,22.24065,21.38088,21.07976,22.01922,0.262695
20.43476,18.7624,17.96344,17.38813,17.03611,0.1612221
26.60328,22.88212,20.62315,19.37345,18.88774,0.607058
24.17439,22.19901,20.58314,19.69019,19.17956,0.4999146
19.11648,17.12407,16.12177,15.67323,15.30565,0.1102486
25.88083,21.67078,20.04652,19.26696,18.7928,0.4326629
24.86736,22.81744,21.40872,19.87754,19.47369,0.6703713
22.87155,21.79742,20.36396,19.44668,18.96837,0.4906101
25.99618,22.74366,20.58858,19.18547,18.61948,0.6311048
23.66498,21.30885,19.58161,18.82994,18.48075,0.3208706
25.23953,20.81083,18.91403,18.22248,17.80458,0.3804743
24.1997,22.22059,20.30967,19.0129,18.4407,0.6142619
24.32657,21.90969,20.38979,19.50418,18.97297,0.5175349
23.06666,22.01548,20.46846,19.39021,18.8506,0.5667871
22.25714,21.16498,20.10795,19.3447,18.83824,0.1931893
23.7846,22.66389,21.08471,20.03901,19.67859,0.5512552
19.7487,18.27815,17.45514,16.97993,16.68234,0.1480898
22.46211,21.95252,20.53231,19.52654,19.00995,0.6175558
22.4088,20.81936,19.19882,18.38651,17.96189,0.4585022
22.89241,22.52911,20.72422,19.81388,19.30607,0.4542961
21.68271,21.79261,20.35365,19.4622,19.21436,0.4946964
24.58037,23.30995,21.3226,20.10755,19.59028,0.6325144
25.24615,23.65728,21.17802,20.09184,19.7336,0.5584918
22.34204,20.99181,19.62937,18.83988,18.43326,0.4885637
20.2325,18.20067,17.22822,16.74836,16.39659,0.07939672
18.69792,17.77903,17.54279,17.41227,17.3429,0.0306626
19.55172,18.22124,17.66311,17.39444,17.14153,0.05147174
21.94509,21.13996,20.14429,19.361,19.00674,0.5733247
25.14368,22.16004,20.59668,19.64091,19.18189,0.5921804
20.50605,18.62796,17.64363,17.21225,16.86074,0.1417832
24.47161,21.75284,20.31165,19.27223,18.93553,0.523742
20.13748,18.31135,17.16698,16.70167,16.32924,0.1600244
19.99781,17.89043,16.99656,16.52744,16.15972,0.1409364
22.35325,21.55309,20.19508,19.4137,19.0589,0.5080355
20.17831,18.34498,17.47909,17.02529,16.72531,0.182287
26.12113,20.9352,19.1255,18.45119,18.01496,0.3926469
26.3161,21.83997,20.32669,19.18673,18.76126,0.5601165
19.68222,18.21812,17.40307,16.96094,16.65985,0.0827243
20.11276,18.2266,17.2301,16.78471,16.43308,0.107665
18.48631,17.35141,16.76939,16.39026,16.15441,0.09735761
19.67235,17.74755,16.56418,16.04326,15.6039,0.1445064
19.61442,18.52001,17.65882,17.25306,16.98579,0.2296457
21.3525,19.10087,17.75335,17.21671,16.83452,0.2090248
22.12886,20.92018,19.53126,18.75319,18.23573,0.194253
19.32381,17.91317,17.16472,16.71639,16.3787,0.04079395
20.71277,18.70525,17.67962,17.23846,16.86525,0.1125183
24.4601,22.47618,20.63532,19.74652,19.20433,0.4848707
23.4924,22.20469,20.30323,19.45514,19.20083,0.4407299
23.77181,22.38315,21.2382,20.14503,19.5953,0.6448885
20.12332,18.18613,17.24323,16.81525,16.46955,0.08156577
23.56861,22.07997,20.61188,19.71605,19.29768,0.5144099
22.04407,20.26355,18.52057,17.86911,17.43864,0.339947
21.88355,21.57414,21.33358,21.12613,20.61494,0.6973599
26.51452,21.04396,19.3589,18.66071,18.27737,0.4050862
24.19618,22.75958,21.0634,19.89792,19.23103,0.5936975
19.65449,18.26206,17.44017,17.04712,16.77678,0.1622666
23.83283,21.16608,19.28228,18.53535,18.16622,0.4182477
23.63525,20.64928,18.85135,18.17475,17.7803,0.387639
24.55274,21.87978,20.05308,19.03341,18.67361,0.5867203
24.21508,22.43143,20.53673,19.48661,18.91553,0.5854187
21.5968,19.4507,17.97527,17.42513,17.04613,0.2347985
20.0795,18.12766,17.06236,16.59757,16.23915,0.1294046
22.91073,21.90191,20.40458,19.36479,18.9307,0.5365074
21.38208,19.75996,18.21311,17.61944,17.2381,0.2160396
24.41001,22.01613,20.19584,19.33088,18.92545,0.4676354
22.53605,20.24128,18.60063,17.95525,17.51529,0.3611297
18.17601,16.95525,16.48862,16.21297,16.0327,0.04634763
22.91231,22.02715,20.72447,19.83725,19.55694,0.4795603
19.965,18.05485,17.02468,16.55145,16.17342,0.1313307
24.73012,21.43971,19.69676,18.82016,18.28961,0.4919556
24.33178,21.5509,20.01973,19.64236,19.42264,0.3670973
26.79689,21.82829,20.23487,19.30227,19.2908,0.5163997
19.67876,18.10032,17.32881,16.93653,16.67032,0.07810582
23.75748,23.46076,21.98294,20.65805,20.10081,0.6504005
21.32007,19.89066,19.18891,18.74771,18.39008,0.0003897557
23.46558,21.85381,20.22467,19.20017,18.62634,0.5224096
20.02653,18.51707,17.69726,17.21188,16.97847,0.06730757
24.39637,22.11922,20.40825,19.53386,19.11391,0.5383326
21.02871,18.70263,17.54291,17.06297,16.68907,0.1604375
23.46474,22.96188,21.05707,19.96495,19.43705,0.6104012
23.8743,22.33248,20.42237,19.57614,18.9776,0.4836096
21.70806,19.21972,17.67919,17.1307,16.74416,0.239253
18.89079,17.11016,16.1979,15.72986,15.37224,0.07712812
19.88163,18.02984,17.13031,16.70833,16.39182,0.07863715
24.77129,23.27023,21.1671,19.95645,19.38056,0.5975857
22.43881,20.9637,19.24117,18.48623,18.01692,0.4129624
22.64195,20.35077,18.55337,17.77264,17.37893,0.418384
24.7519,21.80654,19.71556,19.01808,18.67749,0.3401366
24.53725,22.62833,20.92911,19.93933,19.55416,0.5760086
19.28056,18.00092,17.2384,16.81566,16.50993,0.1302484
20.59322,18.49684,17.30188,16.77826,16.40238,0.2505489
24.72404,22.3705,20.60758,19.69244,19.52587,0.5911532
24.3772,22.31022,20.52107,19.54649,19.14857,0.4977844
19.55478,18.28644,17.56434,17.11729,16.87779,0.1794494
24.19373,22.04746,20.43154,19.60028,19.22278,0.4583713
23.9862,23.60743,21.51286,20.2597,19.69721,0.5964237
26.18372,21.19675,19.38938,18.71185,18.14942,0.3611017
24.82202,22.21814,20.86761,19.57248,19.16761,0.6935999
20.55116,20.13113,20.02202,19.98931,20.25068,0.2092305
19.21791,18.13693,17.6026,17.24186,17.04144,0.08909807
16.59643,14.69525,13.87477,13.4462,13.14515,0.02125578
22.83647,21.36821,19.60783,18.8563,18.28689,0.4434774
19.24578,18.2131,17.52217,17.04442,16.87064,0.1798813
25.83529,21.11641,19.32366,18.67132,18.28368,0.4035724
22.61996,20.20915,18.62039,17.91532,17.53945,0.4238051
20.71464,18.86486,17.58679,17.08693,16.76008,0.1987603
22.57183,19.75013,18.07105,17.47053,17.00242,0.2972974
23.36383,21.70858,20.27203,19.48751,19.11618,0.2832399
19.85699,18.7313,17.98062,17.51917,17.31261,0.1962206
19.63048,18.23348,17.51642,17.15124,16.88216,0.0809674
24.69655,22.67992,20.68148,19.39226,19.03085,0.6789133
21.74289,21.56708,20.57313,20.08902,19.69192,0.5264289
26.75093,22.25161,20.73678,19.63055,19.28523,0.5179347
19.92786,18.51739,17.7289,17.24399,16.87153,0.09613014
24.62341,22.52423,20.5399,19.33619,18.82439,0.5728336
24.51209,22.31375,20.72068,19.7576,19.74067,0.5975822
21.91626,20.21151,18.60752,17.97148,17.57917,0.2909403
25.64971,20.68897,18.79806,17.91341,17.49141,0.4815371
23.59581,21.61263,19.89661,19.11083,18.54788,0.471204
24.60475,22.07614,19.72364,18.95664,18.4696,0.4155253
22.31298,20.95111,19.30723,18.57642,18.1109,0.4361858
22.33474,22.8025,21.289,20.03279,19.25608,0.8685184
20.70662,18.68516,17.47012,16.98485,16.58096,0.1684124
21.56319,20.49562,19.41153,18.95794,18.56965,0.1911216
19.7353,17.84753,16.87747,16.37192,15.97246,0.07847168
25.13914,22.33338,20.52712,19.66094,19.13784,0.4774528
24.35814,22.85579,21.21721,20.33257,19.72088,0.5041066
22.92749,22.14841,20.68248,19.64439,19.10942,0.5839512
24.89399,21.90372,20.30122,19.39659,18.87232,0.5364373
22.73311,22.49835,21.12351,20.07954,19.88238,0.6823101
23.34241,21.16545,19.16734,18.44468,17.98257,0.3627468
23.07432,21.59086,19.96395,19.14204,18.75017,0.4617429
20.49763,18.41664,17.30618,16.75653,16.32513,0.1326776
19.14333,18.13101,17.53383,17.23221,17.02313,0.09706189
22.84519,22.87767,21.22642,19.88119,19.35821,0.5710176
26.90672,20.79208,19.03418,18.41244,17.95655,0.330297
22.8276,22.34586,20.92645,19.82386,19.59272,0.6084573
22.36333,21.4558,20.22064,19.28928,19.21881,0.565469
25.39908,21.61129,19.85539,19.02386,18.8803,0.423372
22.22046,21.11228,19.53504,18.96864,18.71245,0.2966679
19.48553,18.11088,17.49274,17.06534,16.83307,0.08026669
25.87224,23.59289,20.96872,19.82775,19.19844,0.6260653
24.25366,24.81852,21.82043,20.65714,19.88183,0.6728028
23.39414,22.49125,20.7998,19.70645,19.02088,0.5219598
20.26921,18.48665,17.23748,16.65751,16.19382,0.1445183
20.5845,18.53509,17.38006,16.92706,16.55706,0.1339848
20.18797,18.45191,17.65313,17.28424,16.97894,0.08521513
23.53449,21.90621,20.41319,19.41091,18.86313,0.5062956
24.81393,22.09726,20.78472,19.71084,19.36952,0.5924724
18.61849,17.10977,16.35032,15.93062,15.63245,0.08074035
23.79529,21.93782,20.28045,19.489,19.09321,0.4733031
23.93514,22.78387,21.23431,20.16624,19.80763,0.5997498
19.64475,18.06421,17.28746,16.86839,16.56659,0.07237988
19.95884,18.01582,16.92896,16.38881,15.95551,0.1235516
26.4136,22.18838,20.83138,19.66788,19.3294,0.5995664
19.4775,17.51512,16.55689,16.11598,15.75708,0.08462463
24.62488,22.08692,20.41319,19.41511,18.79843,0.5137226
20.14939,18.42319,17.43323,16.99455,16.75039,0.1573845
22.65225,21.95653,21.02871,20.17153,19.78971,0.2379429
21.4504,22.60722,20.83453,19.77706,19.19712,0.5837991
20.54573,18.42529,17.26938,16.81592,16.44063,0.165875
26.35059,21.25583,19.44003,18.74686,18.38939,0.4060671
24.6823,22.5319,20.38192,19.33251,18.87371,0.526192
23.08656,23.56096,21.93773,20.73292,19.93553,0.7877055
19.02101,17.49753,16.81768,16.42907,16.15749,0.08861189
22.3066,20.59619,18.91787,18.26749,17.92671,0.3322796
20.54701,18.51661,17.57257,17.0932,16.72388,0.1041289
23.61787,20.96234,19.25578,18.46538,18.06937,0.4527351
22.77601,21.13698,20.16286,19.01773,18.48983,0.5996668
19.19789,18.1621,17.68423,17.30951,17.1806,0.08479445
20.08782,18.33456,17.54731,17.1101,16.87873,0.07300002
22.33945,21.14409,19.7688,19.25968,18.89923,0.3471009
24.74813,21.4327,19.57457,18.83024,18.4595,0.2982225
19.4266,18.17702,17.39777,17.01737,16.79407,0.1229093
24.13087,20.0935,18.30384,17.74396,17.36741,0.3089866
23.69693,22.04911,20.39791,19.57573,19.19245,0.5020499
24.8134,22.4264,21.01003,19.79885,19.2874,0.5831183
21.88214,18.93257,17.35767,16.79317,16.43348,0.2583492
19.47869,17.95703,17.04192,16.58644,16.26695,0.1181439
23.186,22.32195,20.74152,19.7547,19.44289,0.5271031
17.17863,15.42035,14.50936,14.03708,13.60173,0.02524963
22.46086,19.92672,18.16674,17.51859,17.12545,0.3946458
22.49391,20.64798,19.71383,18.99016,18.66859,0.5908343
20.56366,18.96756,17.99859,17.49671,17.10561,0.1259797
25.65907,22.48877,20.62835,19.72647,19.32575,0.4925064
21.90249,19.33675,17.86933,17.36158,17.0194,0.2475951
20.39745,19.52715,18.92497,18.62904,18.33407,0.2531385
22.19733,20.16311,18.62913,18.01425,17.53014,0.4142253
24.34116,22.31773,20.50785,19.61527,19.05181,0.5003142
24.58287,23.27781,20.84921,19.647,19.28275,0.5425817
24.32934,22.44327,20.6873,19.72656,19.27882,0.4987516
23.23994,21.62387,19.95827,18.97665,18.48301,0.5144522
22.66907,20.45466,18.68552,18.08685,17.63649,0.3136141
19.35042,17.61593,16.72431,16.21484,15.82124,0.06570753
19.69105,18.29998,17.64493,17.27788,17.03915,0.1099988
19.07928,17.52228,16.65166,16.24893,15.95635,0.1177544
22.73324,22.43372,21.03359,19.85035,19.33738,0.768729
18.79776,18.07986,18.02903,17.85583,17.79364,0.03396206
21.75295,21.51914,20.38948,19.93107,19.48094,0.5587253
22.60228,21.52393,20.39866,19.25108,18.93215,0.7592225
22.43733,21.65867,19.89374,19.10359,18.6858,0.5009611
19.62028,17.59136,16.66542,16.2495,15.91398,0.071262
20.16067,18.19233,17.19503,16.79453,16.51383,0.07516389
21.42765,19.40684,18.1426,17.67496,17.26728,0.1934368
19.45373,17.59486,16.68158,16.26452,15.94506,0.08660586
20.69165,18.63847,17.60115,17.14165,16.7386,0.1146084
22.23193,20.06956,18.57356,17.95322,17.53964,0.3272409
18.81351,17.74089,17.30666,16.93558,16.80709,0.08782052
20.3772,18.66213,17.7134,17.23889,16.8621,0.08771656
23.71151,22.06031,20.32512,19.10277,18.57946,0.6107332
23.03469,21.30675,19.43208,18.80194,18.33233,0.3578495
18.75906,17.56383,17.08627,16.84182,16.70436,0.07238275
22.65926,22.36167,20.78306,19.8936,19.29026,0.5023555
24.6727,22.56657,22.46811,22.03398,20.87428,0.01620968
24.42067,23.21869,21.31631,20.15862,19.58103,0.5888442
18.48429,30.06294,31.20777,28.63123,15.63025,0.1108187
25.06156,22.70098,20.78053,19.97398,19.44954,0.4822331
19.469,17.46911,16.49142,16.05453,15.70727,0.09825518
24.67195,22.90195,20.9527,19.63798,19.0157,0.6028727
19.90069,18.73721,18.08303,17.63107,17.50321,0.0766554
24.4607,21.15689,19.5802,18.62908,18.12988,0.4798155
20.26339,18.6083,17.71846,17.30834,16.99465,0.1061353
23.70918,22.24896,20.5714,19.72897,19.27658,0.4426962
20.42655,18.48976,17.46777,16.95385,16.57749,0.1012159
17.98929,16.09114,15.23853,14.82271,14.49198,0.05628477
19.1086,17.67414,16.96236,16.55361,16.28782,0.08227807
19.18536,17.11875,16.12378,15.67283,15.31267,0.1023913
25.83825,22.64791,20.9543,20.00248,19.60378,0.5741622
23.34793,21.77651,20.91217,20.07195,20.09225,0.6573904
21.86036,21.24512,20.14375,19.36307,18.97044,0.5196092
24.85521,22.86599,21.09382,19.99124,19.52183,0.5314369
25.8075,22.37801,20.77079,19.69339,19.24632,0.5529073
23.75144,20.78055,19.05357,18.44277,18.01944,0.3302023
22.17509,21.42261,19.79256,18.99523,18.62508,0.4304879
23.58768,22.60318,20.89466,19.93445,19.39591,0.4722268
23.12734,22.2464,21.79621,21.47393,20.93513,0.1713571
20.49858,18.66574,17.67458,17.26064,16.95424,0.1207112
19.30074,18.20009,17.77521,17.4601,17.24445,0.04883127
24.76058,23.25802,20.99359,19.8218,19.3196,0.5531529
18.78589,17.44895,16.69724,16.29654,16.03329,0.1224726
20.53802,18.25778,17.05679,17.12213,16.25529,0.125819
19.97453,18.19693,17.2789,16.88539,16.54928,0.1115414
24.99275,22.3438,20.6675,19.60308,19.32079,0.5566916
25.15694,21.79431,20.02207,19.04185,18.50218,0.5271412
19.35118,17.35426,16.29452,15.85331,15.47972,0.1311766
22.95626,22.25718,20.47265,19.56649,18.84338,0.5294608
23.2896,22.04864,20.08011,19.11219,18.69191,0.5309566
19.13972,17.25703,16.33424,15.83835,15.46642,0.0618837
25.34301,21.4257,19.75742,18.94782,18.41838,0.5493549
20.4431,18.41136,17.28879,16.81431,16.40058,0.1063979
19.21733,17.56587,16.6864,16.27565,16.00124,0.0920658
22.53488,19.60732,18.1363,17.52794,17.10386,0.195545
18.81858,16.82588,15.88775,15.44127,15.10072,0.08945666
22.88671,21.29481,19.51961,18.86607,18.37675,0.3670751
22.44667,21.86132,20.26809,19.46576,19.05462,0.5488576
23.37418,21.59254,19.6987,19.03669,18.6051,0.3851292
21.62902,20.7525,19.16943,18.46478,17.94207,0.4387098
24.92963,21.58782,20.42271,19.4913,19.09932,0.6991767
22.60905,21.24058,19.34365,18.73944,18.2051,0.3482951
18.68192,17.0433,16.08713,15.63359,15.26133,0.09825251
17.25716,16.17572,15.61634,15.28923,15.04921,0.03964696
22.837,21.65181,19.7068,18.86419,18.57597,0.4278201
19.46269,18.21181,17.68584,17.32273,17.11437,0.07851809
26.16021,21.00678,19.1784,18.4919,18.06256,0.3636567
24.49269,22.64091,20.55699,19.5257,18.87767,0.5741392
25.80169,22.47432,20.62145,19.61265,18.93561,0.6394342
20.52631,18.59811,17.63379,17.19586,16.8038,0.1065219
22.54612,21.90957,20.15916,18.97878,18.51253,0.6003704
22.2467,20.64992,19.20687,18.66866,18.26103,0.2602327
20.72395,18.52426,17.20237,16.66304,16.27716,0.2181159
21.5496,20.18262,19.55029,19.29491,18.98672,0.1644919
25.94024,22.77166,21.07895,20.0474,19.70333,0.4978592
26.35436,22.06972,20.48727,19.55247,19.21479,0.5839593
23.37323,21.0505,19.23563,18.58674,18.17146,0.3190849
18.55149,17.43453,17.0244,16.67865,16.55134,0.06834973
22.70647,20.87184,19.14559,18.47899,18.12513,0.373575
22.18803,21.96177,20.75216,19.75248,19.26621,0.6834632
23.59062,22.62125,21.00547,20.17666,19.95432,0.4138469
23.45875,22.62513,20.7858,19.64763,19.07481,0.5901866
26.00702,21.82644,20.14179,18.92669,18.57135,0.5508791
18.29816,17.0657,16.44517,16.09273,15.8897,0.1058304
25.37745,21.84973,20.19013,19.38548,18.81598,0.4701201
19.84546,18.04518,17.13119,16.71321,16.37274,0.108855
23.00782,22.02427,20.36281,19.57333,19.08545,0.46413
22.67442,22.35219,20.72339,19.48442,18.95198,0.5899445
23.66457,20.93156,19.05068,18.30903,17.81902,0.3952533
21.81539,21.11785,20.60147,20.36441,20.05865,0.263582
23.30315,21.92124,20.36288,19.57417,19.12183,0.5169523
19.49387,18.33403,17.8526,17.47725,17.35613,0.07935563
21.35487,19.6978,18.0812,17.49217,17.12378,0.2912947
24.04666,22.32514,20.59101,19.70565,19.23205,0.4914641
20.43752,18.83394,17.8886,17.38176,17.05381,0.1174049
20.20581,18.39896,17.42541,17.03541,16.73232,0.1653458
24.7427,22.13714,20.26448,19.09589,18.57065,0.6076617
23.97334,23.32962,20.75804,19.33231,19.00725,0.6990969
23.15982,22.25053,20.32361,19.61607,19.15843,0.4162537
24.86429,22.68719,20.86605,19.88249,19.37275,0.5731933
19.45265,17.59388,16.56981,16.09388,15.71477,0.09598922
23.52929,22.29639,20.23105,19.34042,18.95538,0.4804946
22.89097,20.43909,18.61027,17.93774,17.51257,0.3793265
20.12588,18.39081,17.48001,17.0806,16.74305,0.1103495
22.51877,20.67826,18.98461,18.36022,18.03957,0.3154687
23.76466,22.21713,20.89824,19.78068,19.2487,0.6439901
23.03403,21.93193,20.34131,19.57025,19.00628,0.4914171
20.2925,18.29615,17.20365,16.74326,16.3592,0.1361056
19.23404,17.96206,17.24027,16.83698,16.58579,0.1501016
24.54987,22.01973,20.52212,19.4551,18.83548,0.52628
22.85546,18.851,17.63654,17.09228,16.68787,0.1343456
22.42396,20.57709,18.97855,18.43533,18.14793,0.3114998
20.81126,18.9312,17.94211,17.49431,17.04332,0.140055
24.14616,22.5146,20.99656,19.88123,19.41866,0.5859387
25.48855,22.49726,20.95434,19.93231,19.62754,0.5300341
19.74503,17.77239,16.66712,16.19021,15.78738,0.1461797
19.97534,18.22305,17.26115,16.82229,16.51232,0.128476
19.21933,17.96843,17.29045,16.91524,16.69259,0.1354704
24.64574,21.01939,19.07446,18.39405,17.91329,0.3450953
24.77889,23.12393,21.2062,20.11145,19.72415,0.5230975
23.33272,22.65931,21.181,19.87253,19.96519,0.5468804
20.49443,18.6955,17.50122,16.99632,16.64884,0.1699858
23.43176,23.36226,21.63786,20.51224,19.92136,0.7029067
24.1581,22.51107,20.79132,19.91099,19.36417,0.4842656
23.90835,25.92997,21.73523,20.61434,19.65525,0.8113583
25.31652,21.54148,19.78049,18.66904,18.13253,0.5410903
19.62436,18.04438,17.17727,16.72282,16.41182,0.1045775
19.41286,18.1424,17.3888,16.99199,16.73687,0.128358
25.70874,21.9323,20.41751,19.39645,19.01707,0.4914017
17.83633,24.82104,24.85001,20.36725,22.54704,0.01665281
22.69051,22.27515,20.39893,19.57393,19.06311,0.4674005
27.04012,20.80623,19.10058,18.43837,17.97145,0.3330526
17.77838,16.68204,16.24794,15.93688,15.73352,0.07976671
21.74264,21.2691,20.11826,19.13054,18.60659,0.7182627
19.61203,17.53641,16.51604,16.06355,15.73372,0.1053925
18.68823,17.60337,17.32386,17.12174,17.00394,0.0463312
24.48157,22.12144,20.57952,19.60096,18.94625,0.5492273
20.3617,18.313,17.17417,16.7213,16.3523,0.1492693
26.37672,22.57862,21.0479,19.77757,19.2064,0.5877835
21.78442,20.7341,19.59647,19.27456,18.89651,0.3782728
21.82642,20.51074,18.78661,18.11829,17.60239,0.3287513
25.41751,22.74874,20.98502,19.97503,19.49203,0.6613764
23.21889,21.1696,19.42368,18.63129,18.07434,0.3253898
19.28512,17.25879,16.07669,15.59608,15.21468,0.1471769
20.72953,18.81664,17.59964,17.11524,16.74164,0.1703586
22.24954,20.7317,18.95377,18.24282,17.84519,0.3886962
23.61835,22.52683,20.80593,19.71498,19.30816,0.4904876
20.08998,18.20776,17.1183,16.68007,16.31783,0.1306034
20.3159,19.10869,18.42382,17.91872,17.73709,0.1608784
21.43253,20.87173,19.98052,19.40421,19.17006,0.5936028
26.13191,23.93288,21.56525,20.54708,19.84113,0.550509
21.8082,21.41309,20.17038,19.39484,18.94887,0.5760838
19.42482,18.21416,17.71496,17.41987,17.27872,0.05287002
23.99196,21.46868,20.40491,19.69335,19.26563,0.2379332
19.86034,17.6359,16.55992,16.09638,15.68984,0.1123318
25.91986,21.79966,19.89137,18.86426,18.51621,0.5481796
17.73314,16.60826,16.21488,16.00497,15.87188,0.01582608
23.4957,20.68591,18.81484,18.08376,17.58947,0.3352281
23.15992,22.56012,21.13412,19.76606,19.19844,0.6904081
22.24304,20.47968,18.85223,18.16569,17.71466,0.3155653
22.78449,22.35332,20.40043,19.51755,19.13992,0.5004501
18.23563,17.11137,16.70506,16.40525,16.27918,0.07315789
22.16606,20.34306,18.55332,17.87651,17.46968,0.3775651
22.84176,21.91123,20.73393,19.73556,19.55563,0.5839857
25.62162,22.05098,20.4153,19.50865,18.9866,0.4733095
22.28932,21.42169,20.28084,19.50084,19.08972,0.411599
25.43299,22.441,20.62869,19.53852,18.97772,0.5496138
23.93623,22.41636,20.56523,19.70254,19.15744,0.4896877
24.64263,21.13356,19.45865,18.4622,18.07131,0.522374
20.54796,18.92883,17.72129,17.19317,16.78291,0.1965759
23.14919,20.83891,19.02798,18.37959,18.02153,0.3591987
23.74993,22.26214,21.11351,19.8068,19.25609,0.7252802
24.24206,24.60852,21.80354,20.51417,19.80314,0.7933801
24.23594,21.73112,20.17442,19.35621,18.88812,0.4966381
22.98514,22.01403,20.66579,19.78641,19.22321,0.5936322
23.9485,21.76521,20.20175,19.30436,18.89998,0.4960458
19.89806,18.27675,17.49445,17.06486,16.80615,0.06073694
18.10208,17.11242,16.60313,16.27641,16.05592,0.03945629
24.29027,20.35679,18.56748,17.92216,17.56382,0.3935052
19.54621,17.51514,16.45612,16.00831,15.62738,0.1109957
22.34767,21.9721,20.47505,19.65674,19.27011,0.4975281
19.71496,18.49284,17.53132,17.12048,16.84371,0.1958486
20.20387,19.12058,18.03268,17.63175,17.53542,0.2116507
22.66151,22.15117,20.40235,19.56232,18.9757,0.4462465
19.50433,18.38445,17.9648,17.68351,17.44098,0.04077197
22.29183,21.77147,20.00493,19.15243,18.64736,0.4815212
21.65262,19.27321,18.24209,17.70908,17.33941,0.05830609
17.50225,15.55252,14.66115,14.25229,13.91943,0.04712428
19.85547,18.0318,17.18122,16.77692,16.44319,0.05353258
24.84159,22.20825,20.25673,19.36413,18.82177,0.5863743
19.30981,17.35366,16.30507,15.82833,15.50133,0.1087083
18.73592,17.4272,16.80908,16.47318,16.18574,0.03648886
18.86112,17.60165,16.91373,16.54092,16.2837,0.1084851
23.05056,20.51118,18.77374,18.0977,17.675,0.3458818
20.7435,18.64721,17.47129,17.00727,16.68006,0.1487505
23.87763,21.03336,19.58719,19.00626,18.74035,0.2370794
21.94701,19.49227,17.96345,17.37893,17.02183,0.26411
21.86451,21.65491,20.51634,19.60201,18.97946,0.650038
20.47414,19.29011,18.39356,17.91655,17.60831,0.1847041
24.85724,21.72346,19.82227,18.73886,18.31005,0.540565
22.74124,21.27998,19.5292,18.74409,18.242,0.438375
19.07469,17.68375,16.94068,16.53177,16.26653,0.1045601
20.23292,18.1921,17.07276,16.55745,16.24455,0.1780514
20.96873,19.10412,17.63453,17.04159,16.65165,0.2081554
20.25728,18.75883,17.7403,17.28625,16.92428,0.1713152
26.3032,22.27459,20.48911,19.30866,18.96025,0.6190258
20.17062,18.3162,17.35085,16.90759,16.59254,0.121928
18.62635,16.82193,15.97119,15.57207,15.23805,0.06992754
20.71667,18.78953,17.76272,17.33407,16.96964,0.1129227
19.044,17.82801,17.3246,17.13573,17.06606,0.03187475
17.54884,15.75164,15.031,14.66728,14.36099,0.04028672
19.53207,17.53546,16.39384,15.92766,15.543,0.150769
22.28719,20.1635,18.39657,17.72159,17.38104,0.4247141
19.61737,17.55303,16.38435,15.89601,15.53198,0.1432766
24.74393,23.11733,21.35681,20.3038,19.86491,0.5251899
24.0811,21.79295,20.01509,19.18323,18.79448,0.4219424
25.78004,22.81767,20.8679,19.78206,19.24605,0.5800408
23.95921,21.58303,20.02296,19.11269,18.69335,0.4803199
19.43114,18.28952,17.70602,17.33708,17.11034,0.1579179
19.49586,18.35264,17.72338,17.3579,17.09851,0.1321264
20.04718,18.42693,17.5274,17.1342,16.79317,0.1094485
20.13595,18.41374,17.29733,16.84973,16.49368,0.1529897
22.36848,21.89915,21.16393,20.2826,19.96449,0.6712693
23.48861,22.14061,20.49756,19.71177,19.28024,0.4458776
24.3743,22.1073,20.51359,19.63333,19.21323,0.4808458
23.78513,22.54396,21.09668,20.03309,19.49882,0.5893384
20.82423,18.81569,17.60176,17.13234,16.75168,0.1704459
23.9073,21.83156,20.48158,19.34562,18.86048,0.5603461
23.54424,21.63176,20.02454,19.23329,18.91769,0.494476
20.27429,18.27809,16.93592,16.44137,16.10115,0.1948258
25.97009,22.48608,20.49515,19.31273,18.68158,0.6204519
18.71423,17.76911,17.44706,17.24059,17.21357,0.02538685
24.31129,22.87801,21.26737,20.27106,19.50132,0.5296893
20.3162,18.17764,17.15913,16.6942,16.28318,0.1041861
22.10865,21.6267,20.09312,19.18482,18.83495,0.5142893
25.41439,22.28452,20.68992,19.83982,19.40443,0.4148785
24.63384,22.49535,20.67914,19.48468,19.42659,0.5900866
22.14292,20.32871,18.778,17.97596,17.54419,0.4469435
20.0395,18.03071,16.98437,16.51587,16.13946,0.1117626
24.75135,20.92201,19.1649,18.50206,18.07291,0.318398
24.99888,20.91656,19.17491,18.50648,18.10752,0.3831776
22.73203,21.83965,20.53686,19.74673,19.23713,0.4372632
17.33313,16.48947,16.24734,16.05591,15.96235,0.03511947
23.55086,21.98776,20.1679,19.29417,18.87724,0.4729128
22.25183,20.37231,18.74866,18.05452,17.54575,0.2612911
18.92051,17.41899,16.78222,16.41768,16.13919,0.08689868
25.42307,22.70206,20.86905,19.79449,19.23082,0.6393315
20.57019,20.21388,19.83631,19.56806,19.1885,0.4116508
20.39234,18.51005,17.62578,17.23282,16.91168,0.08237318
20.48241,18.6476,17.67173,17.11273,16.68114,0.09309211
21.18954,18.94561,17.62113,17.0421,16.66618,0.1913074
23.85467,23.43518,20.80408,19.59924,19.05861,0.6518344
20.91913,18.9325,17.78039,17.24615,16.81408,0.1245426
19.73618,18.07075,17.34872,16.91427,16.67378,0.1591236
24.41486,24.68021,21.50208,20.15707,19.5161,0.6299012
21.54162,20.59392,19.98895,19.32499,18.97108,0.2092265
22.49706,19.97262,18.38289,17.82636,17.43399,0.2374146
21.70476,21.58435,20.61916,19.78056,19.20724,0.9112842
26.08989,20.67513,18.85936,18.14539,17.74414,0.3850628
22.26894,20.31222,18.75476,18.14474,17.81011,0.3507394
22.59619,24.57983,22.34588,20.95702,19.91747,0.8969226
20.77223,18.63952,17.38353,16.90473,16.56259,0.1828252
20.92274,18.75766,17.41476,16.83419,16.44346,0.2351843
20.39967,18.5539,17.58451,17.17297,16.80933,0.1027803
22.6008,21.68893,20.24669,19.33474,19.01643,0.5908461
23.49195,20.92546,19.05704,18.3545,17.92696,0.3968667
20.61914,18.64678,17.64898,17.17757,16.83917,0.1270691
19.35583,17.97606,17.11582,16.69056,16.40339,0.1748149
25.56631,22.74355,21.08838,19.96289,19.65325,0.5740576
20.53611,18.70904,17.67277,17.22203,16.89656,0.1367021
17.91691,16.31516,15.52234,15.09428,14.75343,0.04751963
23.75034,22.65296,21.13232,20.09811,19.55761,0.6724944
19.86676,17.69954,16.53069,16.01713,15.62528,0.1234522
25.63127,22.79103,20.94,19.71676,19.22835,0.6052899
19.40532,17.89528,17.04847,16.59534,16.33259,0.1602293
24.86507,20.59615,18.82754,18.24469,17.88763,0.3085479
22.88896,22.5504,21.83482,20.7257,19.99154,0.7256018
19.10868,17.80389,17.17818,16.77992,16.50689,0.04537768
26.70397,22.22804,20.73921,19.7527,19.11117,0.4934236
22.51672,21.45708,19.85883,18.83623,18.37078,0.5090736
22.78776,21.60783,20.84718,20.0121,20.28013,0.5860167
23.08729,22.76523,20.71769,19.77085,19.09355,0.4917504
17.47791,15.42958,14.45509,13.99108,13.64098,0.04098697
21.88256,21.08732,20.9078,20.92291,20.92369,0.03453521
23.09655,20.67897,19.06677,18.3969,17.99216,0.3192791
25.51613,23.32562,21.40629,19.9804,19.60156,0.5912847
22.17329,21.57536,20.66063,20.26019,19.79247,0.2731798
23.98083,21.89332,20.1478,19.17591,18.66076,0.5061185
17.91365,16.61925,15.99142,15.6545,15.41474,0.05010736
21.13957,19.19044,17.83973,17.31438,16.96856,0.2126098
23.08665,22.12201,20.26323,18.99262,18.32111,0.6796699
20.21021,19.10686,17.9446,17.4038,17.03735,0.2247445
18.97566,17.92051,17.41719,17.21675,17.00294,0.01375247
25.10373,23.54479,20.88053,19.59237,19.20544,0.6399639
26.37988,23.12883,22.61024,21.08704,19.9457,0.9540779
22.43381,22.46687,21.15178,19.98805,19.25169,0.6880431
20.41481,18.5019,17.59329,17.14481,16.86459,0.08528339
18.54582,17.06504,16.28722,15.86453,15.58551,0.09783947
22.15008,20.89028,19.42025,18.80236,18.45274,0.2945279
25.91006,20.5013,18.73055,18.05058,17.59622,0.3443666
19.12795,17.44468,16.50908,16.02685,15.67735,0.09948723
20.10957,18.20258,17.12941,16.57862,16.1274,0.1078262
23.92916,22.46942,21.04804,19.87549,19.36342,0.5817277
24.63405,23.30487,20.94367,19.86346,19.64854,0.3711893
21.63292,20.78839,19.91637,19.63805,19.29665,0.3629493
20.15022,18.40675,17.35961,16.97437,16.65087,0.1694719
22.04293,20.02437,18.4316,17.83144,17.43878,0.2924734
22.40418,19.56682,18.08546,17.52498,17.15539,0.2694951
24.53529,22.39658,20.59699,19.5845,19.15152,0.5394831
21.99353,21.77446,19.58211,18.95938,18.51943,0.3277968
20.23942,18.28246,17.33874,16.89053,16.52629,0.07224432
20.90545,19.21484,17.71701,17.19732,16.82315,0.2360714
22.40904,21.65903,20.68368,19.89837,19.47475,0.5985726
22.36553,20.62628,18.83967,18.22663,17.75001,0.3597858
23.0213,22.12269,20.51245,19.74206,19.15118,0.4860977
18.99284,17.23192,16.22528,15.76088,15.36745,0.1241096
25.37417,22.37028,20.48369,19.30142,18.78727,0.5971581
24.60406,23.27595,21.74865,20.39765,19.69407,0.6790615
23.39028,22.64141,20.73038,19.70023,19.11948,0.5676914
23.03666,22.39798,20.67659,19.5654,18.989,0.6044441
21.1664,19.04148,17.71871,17.20333,16.83185,0.1964432
20.56318,18.36102,17.46244,16.81288,16.59108,0.1355556
25.48358,22.54947,20.9166,19.87279,19.47687,0.6423029
22.2958,19.49449,17.78248,17.15515,16.78261,0.321414
20.14055,18.07037,17.03245,16.55924,16.16105,0.1014948
20.78318,18.58073,17.42239,16.94199,16.5668,0.1346424
20.06026,18.14718,17.05391,16.5929,16.20975,0.1280753
18.57957,16.68921,15.75143,15.31738,15.00228,0.08196446
22.93697,22.67402,20.06634,18.95358,18.44454,0.5682633
23.84335,23.06907,21.23598,20.03065,19.63016,0.6328713
24.02227,21.63154,19.92356,19.06109,18.68508,0.4849889
25.3445,21.12402,19.36851,18.66921,18.21992,0.3719817
24.20696,20.99508,19.28961,18.62679,18.28491,0.4109839
21.5732,21.56857,20.22978,19.1438,18.81998,0.6338378
20.28181,18.29577,17.2422,16.81175,16.44629,0.1153312
20.18601,18.74423,17.87267,17.44622,17.08737,0.1352101
24.82612,21.08711,19.36123,18.65092,18.33875,0.4061393
23.98256,22.46522,20.54307,19.55474,18.98588,0.4922334
19.47916,18.34611,17.76459,17.44314,17.25553,0.1379174
18.07384,16.84297,16.18956,15.82285,15.53548,0.03933707
22.90618,21.16042,19.39251,18.61659,18.15927,0.4461545
23.47547,20.56367,18.78342,18.1585,17.76865,0.3327454
24.14111,21.54459,20.18154,19.5878,19.02203,0.3174189
18.98898,17.68897,17.09214,16.73636,16.53075,0.08385696
20.11594,18.66591,17.79451,17.33719,16.99732,0.1208714
24.86256,22.63719,20.63865,19.65837,19.11746,0.5435942
22.56927,21.79235,21.2669,21.25035,21.78252,0.1537275
19.63777,18.29063,17.61567,17.19506,16.95038,0.07264735
22.29636,21.2417,20.27243,19.45298,19.01624,0.558623
23.16129,21.60861,20.11892,19.14612,18.94158,0.4839122
22.93874,20.72815,18.99413,18.33326,17.86479,0.4188188
23.59377,21.90709,20.48571,19.61341,19.16548,0.5267965
21.39066,21.45132,20.01422,19.08958,18.54655,0.5426904
23.9303,22.25662,20.52079,19.56493,19.13093,0.5301782
23.7004,19.69622,18.33118,17.79436,17.45353,0.2085139
23.26296,21.58654,19.97628,19.20716,18.70685,0.4067954
25.14299,21.97484,20.34435,19.27981,18.83629,0.5372008
19.46124,18.30859,17.70077,17.36923,17.18672,0.1694899
22.26037,19.97908,18.47776,17.82084,17.35603,0.2735027
24.76209,22.72323,21.32032,20.15629,19.607,0.5479096
23.19892,21.84665,20.56677,19.75213,19.30745,0.5585029
20.45825,18.62164,17.71157,17.3325,17.02293,0.08843467
19.8863,18.33138,17.52898,17.13077,16.82232,0.08729938
22.51265,21.94945,20.54985,19.724,19.09014,0.5371885
23.77954,22.75483,21.09154,19.96541,19.45634,0.5832642
23.90295,23.22132,21.20133,19.90096,19.51003,0.6730578
18.18665,17.09057,16.84989,16.73811,16.75154,0.01007847
24.15144,22.78799,20.63218,19.71476,19.20665,0.5665163
20.89239,18.87877,17.79556,17.29685,16.95485,0.1221615
23.96847,20.87466,18.98078,18.42226,17.98429,0.3511804
25.25176,21.18554,19.55132,18.77139,18.26764,0.4311456
25.91271,23.05121,21.43648,20.37799,19.88894,0.5751939
20.64886,18.91015,17.63073,17.12838,16.77805,0.1910283
19.58802,17.79516,16.77943,16.2985,15.94636,0.1167837
19.56969,17.68342,16.78645,16.32482,15.95005,0.05197871
25.17953,23.21119,21.27752,19.92056,19.53303,0.7305599
25.88906,21.88806,20.09018,19.25307,18.71746,0.3211733
22.74373,20.74514,18.94929,18.27137,17.83721,0.3356086
19.40387,18.14967,17.26823,16.77757,16.49743,0.1735455
19.67407,17.7016,16.7086,16.25132,15.90149,0.09215603
23.20472,22.23272,20.48755,19.57254,18.90709,0.5048414
23.9943,22.23373,20.86301,19.86625,19.4738,0.537686
23.97976,22.03937,20.41979,19.60048,19.17545,0.4741857
25.73614,21.63534,20.54473,19.54854,19.26983,0.6560838
19.89358,18.50423,17.69065,17.2655,17.01957,0.1977461
18.17683,16.99228,16.56657,16.34947,16.20449,0.03029145
23.36575,21.94493,21.01023,19.91716,19.42613,0.7262712
25.64074,22.61432,21.2025,20.05898,19.56559,0.5919123
24.11453,22.41575,20.99539,19.92232,19.64093,0.5902936
26.68086,21.59702,19.97698,18.91598,18.31012,0.5724275
22.21095,21.54756,20.61324,19.79855,19.40621,0.6050487
22.02332,21.79249,20.11957,19.32928,18.85546,0.3976993
24.10896,21.27812,19.3722,18.63174,18.16487,0.3272851
22.67626,23.28724,21.42634,20.46781,19.91586,0.6698454
25.16745,20.59315,18.84749,18.22261,17.83164,0.3320499
22.30506,20.7894,18.739,18.13094,17.84541,0.3263282
20.48816,18.25239,17.33526,16.81557,16.44839,0.0620543
22.10812,21.81174,20.31752,19.54866,19.00806,0.5152594
18.6971,17.30912,16.57868,16.16354,15.85831,0.04349005
18.59406,17.02688,16.2037,15.72742,15.42559,0.05419867
22.9071,23.1046,21.38259,20.22474,19.46902,0.6428946
24.58945,22.05524,20.41904,19.45045,18.99023,0.522939
20.18946,18.39086,17.47583,17.04885,16.68212,0.06133775
18.96325,17.79491,17.23115,16.84402,16.72119,0.1032275
24.56628,22.1099,21.11223,20.25874,19.43469,0.4238309
20.727,18.68786,17.32015,16.76176,16.34321,0.195778
21.61212,19.45919,17.92701,17.3634,17.00795,0.261309
24.47901,21.08901,19.36424,18.4817,18.03916,0.4678105
21.86065,20.23318,18.78343,18.18942,17.83618,0.2641161
23.96334,23.4548,20.16758,19.09295,19.35958,0.6474063
22.9328,22.63064,21.44185,20.1692,19.29536,0.8860621
23.24318,22.20703,20.5798,19.75626,19.32605,0.4966326
19.98298,18.23932,17.37124,17.03547,16.78358,0.1630761
19.49332,18.30225,17.55129,17.13587,16.8486,0.1587768
25.85578,21.46138,19.63778,18.67375,18.06802,0.5228748
23.77708,23.02563,20.89543,19.85381,19.51813,0.5669799
23.96577,21.8706,20.74981,19.72431,19.55941,0.575785
24.02872,21.11834,19.38281,18.70319,18.3591,0.3592381
22.04289,20.07898,18.38809,17.7869,17.3563,0.342958
23.99172,22.28396,20.79217,19.81023,19.41948,0.5325909
21.97607,21.63934,20.45988,19.73082,19.43455,0.619696
25.23587,21.56041,19.63486,18.68046,18.1205,0.5264779
19.86748,18.33728,17.50673,17.049,16.75754,0.1305653
21.10835,19.81596,18.8869,18.3893,18.04565,0.2543027
19.67935,18.0519,17.17139,16.76354,16.4246,0.1268442
19.25562,17.23803,16.25903,15.8357,15.43507,0.08596472
27.15109,22.53771,20.82557,19.57668,19.02854,0.6184042
24.30533,20.75774,19.05545,18.43537,18.13012,0.3423703
19.07101,17.92312,17.47217,17.1433,17.06797,0.0784309
20.42757,18.4795,17.4995,17.08068,16.71375,0.08382937
19.95382,18.23673,17.20024,16.69333,16.31642,0.1559446
21.12749,19.65301,18.01892,17.31212,16.88255,0.3104575
20.57614,18.85263,17.87668,17.47605,17.08454,0.1334956
21.84096,20.80121,19.14366,18.461,18.11757,0.417801
19.29089,18.18788,17.6256,17.31967,17.15927,0.1121
24.01231,22.10271,20.86166,19.90919,19.42906,0.6301893
26.16476,22.19052,20.81085,19.90493,19.44347,0.5059143
25.85153,22.30091,20.46259,19.52245,18.92561,0.4962031
23.26508,21.52377,20.03023,19.52745,19.11522,0.2272995
24.06712,20.00433,18.13509,17.53204,17.12717,0.3386322
25.62994,22.59443,21.13531,20.18189,19.66148,0.6425123
19.82152,17.8519,16.80428,16.32726,15.92871,0.1222102
25.57187,21.16298,19.28191,18.64793,18.17838,0.3209634
19.67663,17.77999,16.70964,16.2365,15.83014,0.1231611
20.95969,18.75511,17.54813,17.08404,16.7563,0.1826278
25.50958,21.79604,20.00518,19.17622,18.79709,0.462493
21.7431,21.71758,20.10908,19.17991,18.65214,0.5256187
22.71239,23.31129,22.1802,20.64462,19.96067,0.7642899
25.84549,22.19588,20.75307,19.80877,19.25944,0.498883
22.73449,21.89859,20.35943,19.34723,19.07235,0.531175
23.92654,22.50213,21.04646,19.95641,19.42256,0.4878958
25.05351,22.88108,20.89787,19.92422,19.40148,0.5720682
17.95883,16.00219,15.20308,14.75601,14.44684,0.04412701
25.65796,22.1397,20.37964,19.5618,19.05797,0.465145
21.59417,19.61153,18.14033,17.57339,17.21315,0.2729702
25.46802,23.03439,21.10083,20.20675,19.68225,0.4892001
24.34589,21.53172,20.17999,19.26091,18.86333,0.4585406
20.45991,18.47057,17.63865,17.24123,16.92857,0.02105822
22.84729,21.45026,19.58446,18.65709,18.16161,0.4971946
18.66952,17.52967,17.11244,16.91844,16.74069,0.01715009
20.38785,18.42486,17.4139,16.81025,16.3777,0.141365
24.80021,20.46182,18.65819,18.0102,17.63802,0.3624579
22.93362,21.8939,20.86252,19.64686,18.99787,0.7269534
20.2,18.11839,16.77241,16.26098,15.8826,0.1797736
24.73637,23.93184,21.77265,20.66161,19.89035,0.7103325
22.75141,21.8482,19.93026,19.09833,18.55168,0.4913363
23.57185,21.64588,20.0269,19.19355,18.68015,0.4878781
24.8409,22.27113,20.62296,19.80375,19.25689,0.4730917
23.00624,20.13059,18.49046,17.88514,17.5323,0.3474358
25.17156,22.2227,20.54464,19.60508,19.12226,0.4740544
25.27251,23.42802,21.48281,20.19498,19.44184,0.6058108
20.18644,18.41378,17.46958,17.0002,16.62328,0.07496727
22.10828,21.40836,20.00984,19.24188,18.92957,0.5476355
21.14136,19.32786,18.33477,17.83533,17.46506,0.1334663
17.66896,16.5072,16.00146,15.72773,15.53739,0.02539068
24.24376,19.94416,18.38239,17.80816,17.43692,0.2944602
23.38017,22.90515,20.35652,19.26156,18.87341,0.5790653
23.89342,21.89728,20.42799,19.63017,19.20014,0.4562951
22.65749,21.61903,20.41713,19.33235,18.55442,0.6421596
22.91774,21.79937,20.56068,19.74694,19.62707,0.5020724
19.2335,18.17438,17.46778,17.05253,16.78909,0.1186471
19.17687,17.65406,16.7976,16.31627,15.88037,0.0591519
22.70621,21.52947,19.95348,19.18637,18.88801,0.4178172
19.17386,17.88727,17.15924,16.73764,16.47363,0.126791
21.73502,19.68555,18.2219,17.68102,17.3151,0.2285973
25.86359,23.49866,21.75041,20.48693,19.70008,0.8158277
19.6028,18.39254,17.51625,17.16896,16.87703,0.2060248
21.66763,20.85562,19.54097,18.56715,18.231,0.5846476
24.76801,19.32076,17.81846,17.23835,16.92202,0.2538315
25.83595,23.03376,21.72167,20.61397,19.86682,0.6540229
18.4173,17.37338,16.87728,16.51469,16.3018,0.05539958
25.05383,20.76257,19.0944,18.36883,18.0412,0.4322568
24.43525,21.87008,19.85073,18.92713,18.41234,0.5163273
22.62269,21.71142,19.73288,18.70086,18.28552,0.5304887
25.08237,21.73059,20.32879,19.51985,18.97017,0.4626991
25.90421,22.83933,20.9187,19.77986,19.35285,0.5585602
20.30982,18.38333,17.31929,16.87402,16.56627,0.1494481
19.40092,17.44699,16.51046,16.08938,15.77868,0.08367324
16.79956,15.30194,14.54305,14.19493,13.90086,0.02451792
18.31211,17.1459,16.61746,16.30295,16.0978,0.04680508
23.00033,21.68803,20.66874,19.84374,19.18989,0.5573212
17.07409,15.73752,15.10394,14.79194,14.54627,0.03228859
19.89268,18.19591,17.25215,16.8157,16.45258,0.1105086
17.66379,16.46153,15.97739,15.74444,15.6108,0.02626734
19.08911,17.62914,16.84738,16.40537,16.09674,0.09721491
18.70638,17.78533,17.54214,17.27623,17.22145,0.06467283
20.70921,18.76193,17.81793,17.44247,17.19914,0.1985067
22.90655,21.7816,20.83638,19.81955,19.20081,0.609852
20.92711,19.0338,17.59625,17.10213,16.74872,0.2113576
21.85275,20.48168,19.2409,18.67541,18.35914,0.2670963
23.02543,21.51135,19.88204,19.09079,18.54735,0.4801841
19.1813,17.78183,17.06773,16.68902,16.40639,0.07963099
19.44373,18.05237,17.44379,17.10699,16.85744,0.1030281
24.75553,21.78384,19.96477,19.17577,18.65482,0.4509864
24.19305,22.19925,20.72616,19.86102,19.76583,0.4599511
23.86946,21.30876,20.02811,19.2366,18.99896,0.492744
19.46136,17.50455,16.56508,16.1375,15.81092,0.08127476
25.21181,24.35324,21.96385,20.80262,19.90974,0.7566583
18.18445,16.49593,15.68289,15.28638,14.97975,0.05490463
18.99328,16.9903,15.97517,15.50116,15.10515,0.1230585
20.16487,18.17158,17.13734,16.69817,16.33596,0.1276899
19.73192,18.09727,17.39771,16.95925,16.63476,0.09712126
23.30109,22.92759,20.93925,19.91319,19.5828,0.4821227
23.06474,22.06701,20.27411,19.45108,18.96436,0.4895854
19.40613,18.20954,17.75889,17.44157,17.20943,0.0627732
24.57042,20.3179,18.76194,18.14096,17.78994,0.3254167
23.95617,21.59887,19.77919,19.16994,18.6323,0.4142089
21.71659,21.12053,16.14972,15.66907,18.87717,0.1159065
24.98853,22.21163,20.37919,19.53929,19.09598,0.5295285
19.32359,17.31642,16.30869,15.8837,15.4928,0.1012126
20.12099,18.31725,17.33595,16.87637,16.48903,0.1072635
18.6479,16.66485,15.59894,15.12062,14.85318,0.06358586
22.3122,20.52292,18.77323,18.14841,17.78149,0.3548647
25.82688,23.28425,21.37133,20.12098,19.80224,0.5383047
22.72948,23.05976,21.33383,20.31221,19.69009,0.6867349
22.34252,21.42589,20.31841,19.58041,19.25925,0.5893171
20.2788,18.19384,17.03898,16.57762,16.21899,0.1498786
24.10246,21.69331,20.04514,19.25299,18.72697,0.4615151
16.69156,15.18451,14.43253,14.01346,13.72417,0.04546021
24.37344,22.92226,21.09015,19.77059,19.16899,0.6072367
23.02398,21.735,20.51679,19.68246,19.49168,0.569366
21.05673,19.00373,17.81595,17.27867,16.83783,0.1661278
20.8165,18.53621,17.19229,16.63295,16.26275,0.1887828
24.3358,21.78628,20.62387,19.61497,19.01129,0.5611156
20.55505,18.56881,17.12262,16.55261,16.13607,0.1928056
19.44731,17.38923,16.33002,15.89804,15.53086,0.121193
24.40883,23.36998,21.19589,19.98458,19.29148,0.6928881
23.31725,22.24913,20.45483,19.47755,19.2314,0.4827191
21.8054,20.05704,18.29246,17.72096,17.31514,0.340345
22.41193,21.74244,20.45986,19.92179,19.47434,0.4711558
21.63839,21.54662,19.94078,19.11513,18.52493,0.479543
24.88577,23.99335,21.47971,20.29931,19.70395,0.593076
20.60194,18.51939,17.4342,16.94886,16.61442,0.1543756
23.31137,21.59292,19.67541,18.99482,18.55872,0.3394514
24.04641,21.31104,19.53694,18.81315,18.33214,0.3439615
26.59301,23.10444,21.34979,20.1885,19.63773,0.673399
24.57889,21.09588,19.16562,18.49642,18.10244,0.4173471
20.0195,19.4478,18.67525,18.37362,18.12829,0.3818059
20.12661,18.65811,17.80379,17.27369,16.91206,0.04122947
21.12289,19.16746,17.69918,17.14818,16.77744,0.2189386
20.82641,18.79088,17.74352,17.30405,16.93053,0.1153147
22.70185,22.26775,20.65858,19.57535,19.17682,0.5371842
19.54725,17.615,16.74058,16.31318,15.99654,0.06264437
24.66221,22.68773,20.68931,19.44403,18.71898,0.6345664
23.00587,21.10584,19.90217,19.13468,18.8336,0.5858171
22.76711,22.66113,21.12783,20.27291,19.96436,0.5214806
25.33222,22.90164,22.35117,20.83737,19.76744,0.8367303
24.45175,22.063,20.66236,19.53938,19.18556,0.6275389
25.32347,22.70992,21.42175,20.22281,19.57728,0.5826269
23.37993,22.01263,20.20723,19.35666,18.94239,0.466668
21.25385,19.03228,17.71807,17.12893,16.79038,0.2225507
19.17459,17.80832,17.13971,16.67293,16.46745,0.104035
19.07659,17.73922,17.0864,16.66708,16.42482,0.06956745
25.24669,21.22435,19.40531,18.64852,18.23927,0.4488953
26.61428,21.52053,20.06553,18.95461,18.53801,0.5859756
23.83518,22.95264,20.93259,20.01095,19.83769,0.5894021
24.00209,22.17614,20.39768,19.53483,19.02868,0.4838755
24.46691,22.85008,20.91785,20.03079,19.61395,0.4901859
21.36915,20.20515,19.02957,18.45854,18.11952,0.2975137
19.74296,18.175,17.37991,16.99252,16.68206,0.0952336
19.99712,18.27347,17.32723,16.90628,16.58008,0.09445002
21.95652,19.62176,18.14765,17.58474,17.2019,0.237464
20.56229,18.73541,17.6736,17.16677,16.77463,0.1632557
26.30318,22.93341,21.83447,20.59473,20.00419,0.672779
20.96104,18.82266,17.51874,17.00278,16.61347,0.1717308
20.95979,18.81971,17.64476,17.10091,16.72316,0.1937799
19.4464,17.58904,16.73247,16.35751,16.03105,0.1217193
23.95548,22.58158,21.73125,21.16609,20.77225,0.621476
21.02975,18.89561,17.77721,17.31446,16.96862,0.1398763
23.4503,21.16849,19.3457,18.6439,18.10672,0.4472973
22.99024,22.07792,20.31281,19.47226,18.865,0.5854198
22.24572,20.71001,19.17975,18.34056,17.9574,0.4861811
25.91746,21.62867,20.09882,19.31243,18.80574,0.4629942
20.69927,18.61622,17.50135,16.97624,16.57701,0.157813
22.26774,21.86909,20.62653,19.61178,19.14746,0.5878532
18.80461,18.20425,18.02746,17.87077,17.79389,0.03239046
20.78721,18.78295,17.51659,17.02932,16.66612,0.1828124
20.56993,18.81027,17.60891,17.12803,16.76946,0.1842641
20.48779,18.54435,17.64048,17.18241,16.85404,0.08416945
22.90809,20.46179,18.87955,18.20131,17.69178,0.3160628
20.40516,18.65949,17.82321,17.42562,17.12024,0.08413422
19.13182,17.91826,17.46913,17.18029,17.02108,0.06064382
24.46128,22.36917,20.59399,19.54408,19.23435,0.529955
22.57371,20.66972,19.02383,18.39134,17.96089,0.357278
19.27351,18.12745,17.72736,17.47269,17.25444,0.02852145
22.29532,22.21036,21.65942,21.65008,21.59799,0.1961883
23.02276,21.19954,19.27887,18.63947,18.23797,0.3929121
24.49647,20.26878,18.62961,18.01583,17.56541,0.2725778
24.53263,22.58955,21.15469,20.15342,19.78769,0.4949953
21.21166,19.13873,17.74019,17.29177,16.88108,0.1991896
24.63075,22.58294,20.8405,19.80217,19.44607,0.5233254
22.61543,20.56585,18.86404,18.28601,17.91925,0.3144026
25.3233,21.5985,19.91274,19.00361,18.70915,0.4818
19.84079,18.48287,17.77114,17.34938,17.01793,0.07410837
25.89207,20.82854,19.00606,18.30722,18.004,0.3835899
24.46745,21.87451,19.96741,19.09122,18.63506,0.4812397
26.09759,22.72518,20.98755,20.01851,19.27537,0.3595449
23.86202,22.75724,20.79811,19.854,19.26678,0.5800228
21.70953,19.77506,17.78622,17.14988,16.80967,0.6082782
20.11917,18.3072,17.4293,17.02153,16.75036,0.08231286
19.91865,18.49189,17.73346,17.36549,17.16228,0.07963736
23.00764,22.24126,20.63563,19.64024,19.07525,0.5222493
21.68624,21.50156,20.52994,19.58695,18.98813,0.6450464
22.89326,22.9237,20.87303,19.68568,19.23642,0.6009385
19.28884,18.12744,17.42033,16.97035,16.75179,0.1227182
19.10778,17.87654,17.30972,16.96934,16.8519,0.09016582
24.20077,22.56117,21.02002,19.87749,19.20378,0.6153796
21.78741,20.60882,18.91092,18.33961,17.96356,0.3743736
18.21745,16.74762,16.03755,15.61677,15.36657,0.05963029
26.47011,22.75617,20.49566,19.31644,18.88449,0.7086741
21.95485,21.53864,20.64606,19.8698,19.58123,0.6160418
24.33008,22.65309,20.87446,19.79733,19.50188,0.5217069
22.93272,20.55968,18.83146,18.26552,17.8496,0.3485952
25.46996,22.58786,20.67999,19.5092,19.0489,0.5517989
23.82716,23.06655,21.0891,19.91912,19.35126,0.5596221
23.03609,21.57649,19.77723,18.74174,18.16829,0.5487804
24.12176,20.9329,19.20443,18.50471,18.04683,0.4074768
19.00758,17.72897,17.02009,16.59484,16.36028,0.09538171
22.8627,21.04967,19.3974,18.63475,18.19494,0.4379786
20.42288,18.44313,17.33038,16.8442,16.42,0.1094474
22.1325,21.31713,19.67892,18.79972,18.30209,0.5160905
19.55149,18.23199,17.46289,17.04465,16.75979,0.1396247
21.18134,19.1744,17.85382,17.34729,17.05075,0.2551171
19.35774,17.48716,16.66471,16.22738,15.89907,0.06709423
20.13586,18.44471,17.70402,17.32011,17.08293,0.06949529
25.18531,22.16217,20.22189,19.04803,19.17561,0.5647038
19.99661,18.21918,17.2194,16.81139,16.4371,0.1269777
22.53783,21.75214,20.02374,19.38931,19.04246,0.3752375
25.25643,23.00531,20.97886,20.00361,20.06384,0.3572873
19.39727,17.57718,16.6491,16.19209,15.85183,0.06682628
23.50722,21.42979,19.59731,18.92048,18.50038,0.3659894
26.97215,22.69583,20.68301,19.53118,19.27089,0.5385669
24.72414,22.18375,20.75451,19.85079,19.43994,0.4761533
18.74934,16.9048,16.01801,15.5888,15.25933,0.05892129
24.80518,21.18953,19.34253,18.64269,18.26099,0.3729581
25.40116,20.88344,19.4143,19.00729,18.78685,0.267755
20.0375,17.9733,16.86278,16.40221,16.00694,0.1307117
23.22091,22.46801,20.91124,19.85965,19.69286,0.4894134
23.28178,22.39881,20.85763,19.61113,19.0107,0.5236949
26.1791,24.80734,21.76869,20.43833,19.77908,0.7162313
23.77171,20.45184,19.0229,18.26161,17.8971,0.1946275
25.10244,21.66076,20.02598,19.12218,18.61666,0.5031369
24.03085,22.36651,20.77095,19.68429,19.32506,0.5893915
25.01652,22.53871,20.69453,19.68265,19.13927,0.5892569
24.3721,22.45983,20.68443,19.55786,19.06992,0.5678243
19.99941,18.12484,17.06235,16.62238,16.29999,0.1518621
22.16694,20.56556,18.72812,18.08521,17.67156,0.3327186
24.85027,21.92512,20.1912,19.32879,19.17897,0.601073
20.2541,18.35632,17.40583,17.04152,16.72367,0.1198285
20.50768,18.51299,17.42336,16.97886,16.67743,0.1734249
20.69036,18.76877,17.65592,17.16178,16.7604,0.118315
19.54905,17.89365,17.08377,16.67134,16.35273,0.1116502
20.95842,18.95919,17.67434,17.19588,16.84216,0.2006119
20.08908,18.31582,17.37427,16.88891,16.49257,0.07472815
20.8379,19.10041,17.7876,17.23627,16.88154,0.2682979
23.45357,21.75756,20.0408,19.01922,18.66051,0.5713354
25.34551,21.51642,20.79274,19.83945,20.58124,0.4259291
27.15056,20.78135,19.06777,18.31339,17.87328,0.4274439
22.99735,22.22459,20.81836,19.62938,19.21864,0.6585438
18.13179,16.82532,16.14428,15.71747,15.41895,0.08335425
19.71907,18.04626,17.26071,16.84949,16.57635,0.06279101
22.57028,21.5181,20.21126,19.43982,19.13312,0.5746771
20.19173,18.54035,17.40741,16.93127,16.5808,0.1975418
23.49465,22.49543,20.62471,19.72418,19.08201,0.5781655
22.51136,20.05936,18.48388,17.90779,17.53926,0.2536961
20.23216,18.04126,16.88609,16.42959,16.00554,0.1234342
24.87421,22.60917,20.87684,19.75642,19.5557,0.59379
18.56832,16.58155,15.67286,15.23304,14.87336,0.04574715
25.78796,23.26985,21.59646,20.51733,19.86433,0.531504
22.40443,22.26661,21.10523,20.81166,20.72017,0.4079443
19.1582,18.06678,17.66043,17.36028,17.2846,0.07646523
19.08691,17.78654,16.91742,16.47142,16.10747,0.1540623
25.01239,23.93823,21.55969,20.50554,19.74144,0.6839556
20.7979,18.56636,17.25793,16.63425,16.06699,0.1862929
18.53524,17.50018,17.20864,16.95954,16.83296,0.04327096
22.50395,21.17445,19.58544,18.80033,18.34993,0.479512
19.4606,17.4721,16.52113,16.09818,15.77304,0.08188177
25.55066,22.38717,20.62852,19.76172,19.19728,0.4937435
25.52791,24.72496,21.49495,20.24706,19.45423,0.7315518
24.30865,22.18466,20.62492,19.64872,19.07268,0.524341
22.74791,21.88279,20.81138,19.92861,19.40207,0.5974987
25.57545,22.65176,20.49916,19.86699,19.46509,0.3416736
19.66303,17.90293,16.8988,16.41715,16.033,0.1166118
18.99338,17.7454,17.20713,16.84814,16.64669,0.07222524
22.42424,22.12232,20.55231,19.60323,19.34735,0.5862032
23.8873,22.52853,21.04995,20.02468,19.36519,0.5527731
25.76795,22.8386,20.8275,19.74538,19.19697,0.54173
23.34721,23.89495,21.74266,20.60519,19.85669,0.709152
23.2318,21.05897,19.29523,18.63911,18.1734,0.2648832
24.14836,21.13764,19.36279,18.58276,18.19835,0.4417256
22.02301,21.45497,20.3591,19.89252,19.73746,0.4235632
23.42159,22.41191,20.97689,19.93284,19.61959,0.5412087
19.78787,17.80971,16.83478,16.39056,16.05484,0.08343545
23.73495,22.78347,20.81379,19.88329,19.46526,0.4815067
22.84119,23.14968,21.14803,20.04374,19.50319,0.7348873
25.61658,22.80199,21.07212,19.96072,19.23153,0.5590574
24.14033,20.74179,18.97018,18.35818,17.97531,0.3467909
22.69745,21.8856,20.52774,19.75559,19.38985,0.498463
23.86959,22.30931,20.87589,20.00037,19.67834,0.5185373
25.44225,22.45995,20.49893,19.46707,18.99388,0.5240374
26.63431,21.41389,20.03101,19.16039,18.82717,0.46601
23.148,23.27014,21.82056,20.61252,19.89383,0.7429614
19.80094,18.15554,17.0954,16.62576,16.2385,0.1575713
18.64373,17.19351,16.41286,15.99449,15.68363,0.06040693
23.51067,22.74722,21.26445,20.18802,19.76891,0.5669244
23.56976,22.49919,21.13943,20.02623,19.679,0.6762228
24.87681,22.09984,20.47139,19.37032,18.97065,0.5814424
20.06946,18.23733,17.27535,16.86482,16.5048,0.1103311
22.61889,22.16873,20.57272,19.76844,19.4584,0.4755807
19.25974,18.00986,17.53096,17.23808,17.08458,0.04556089
24.14198,21.40726,19.81467,18.97814,18.58673,0.5007691
18.82157,17.72434,17.05701,16.66891,16.44217,0.1213452
20.18634,18.36353,17.39435,16.99635,16.65614,0.1147214
19.93743,18.23085,17.36642,16.85605,16.48032,0.08731353
21.60021,19.65105,17.98663,17.38254,16.9751,0.2965117
21.10486,19.09605,17.81916,17.32754,16.93716,0.2002587
18.44446,17.29949,16.73517,16.35063,16.1507,0.08397668
23.20505,23.16766,20.95842,19.62587,19.02207,0.623368
18.98843,18.11845,17.8544,17.59456,17.4234,0.06900942
21.66554,21.18358,19.82845,18.70191,18.13779,0.5962361
18.37217,16.48591,15.64821,15.25808,14.94688,0.04197877
23.73693,23.17071,21.26472,20.12048,19.43139,0.8497483
25.0409,22.12239,20.66308,19.71685,19.20404,0.4926851
22.81202,21.79479,20.08334,19.10092,18.5597,0.5601227
24.64637,22.27635,20.78939,19.72632,19.31733,0.6464128
26.1866,22.24105,20.33813,19.51325,19.15714,0.4430994
23.04456,21.84513,20.02821,19.08389,18.65078,0.4931407
23.41131,21.92485,20.11663,19.27763,18.81231,0.4596992
23.05044,20.3219,18.55994,17.96545,17.59859,0.2958982
24.77837,22.50768,20.82257,19.78285,19.27714,0.6171148
23.52761,21.65368,19.8956,18.96805,18.39125,0.504732
24.37547,21.45624,19.57469,18.91047,18.48621,0.3512604
23.86975,22.43644,20.67976,19.7696,19.44802,0.5371349
17.93249,16.89201,16.52736,16.35698,16.21222,0.02575595
21.86451,21.65491,20.51634,19.60201,18.97946,0.6500779
25.8861,21.47589,19.59502,18.73001,18.45277,0.4458228
25.80231,22.51994,21.10226,19.86066,19.28127,0.6592698
20.62222,18.70776,17.36776,16.84427,16.52371,0.226217
19.14056,18.45455,18.30626,18.20456,18.13415,0.03059716
25.08213,22.42984,20.63702,19.54951,19.27019,0.6515658
23.14225,22.93519,21.16311,19.93005,19.399,0.6210803
23.11433,21.92975,20.84253,20.04107,19.55657,0.5408424
22.69804,22.09705,20.48057,19.45547,19.10231,0.5346975
21.72561,21.27137,20.63043,20.52364,20.18751,0.4159456
25.16787,21.04896,19.35261,18.47216,17.87961,0.4867404
25.95653,21.49093,19.73471,18.84312,18.45718,0.457015
24.43672,21.64935,19.82583,19.15249,18.75095,0.369855
24.21752,22.14498,20.42595,19.53903,19.09846,0.4577719
24.99152,23.31679,21.12552,20.10018,19.74892,0.6405126
24.57431,22.03004,20.28221,19.27449,18.98597,0.5263789
22.74918,20.23543,18.50862,17.85913,17.44907,0.3293006
21.35766,19.65644,18.20452,17.61934,17.26693,0.2640263
20.24606,18.07892,16.85104,16.37174,16.00983,0.1756801
23.67784,21.62597,19.70228,19.02511,18.66765,0.4149347
19.49931,18.30823,17.71757,17.31351,17.11121,0.0977504
24.27068,22.96616,21.17325,19.93438,19.47807,0.5583467
22.92291,23.58446,21.32614,20.11877,19.45527,0.5896667
24.93503,22.79807,21.26859,19.98736,19.17114,0.7937806
19.59511,18.33365,17.67156,17.29347,16.97542,0.02455965
19.26235,18.08857,17.57697,17.22519,17.0692,0.1252633
23.06929,21.80173,20.47196,19.47317,19.10562,0.5593821
22.24179,21.69995,19.95456,19.13393,18.70096,0.4826545
19.45719,17.61395,16.64777,16.19083,15.87157,0.1237324
22.94215,21.58657,20.04825,19.08883,18.61241,0.5571738
22.64468,22.28254,20.8053,19.89186,19.51411,0.62043
24.89599,22.28269,20.98176,19.89096,19.42792,0.5741645
21.1411,18.8912,17.57916,17.09851,16.73497,0.1996613
21.31707,18.99682,17.61735,17.08023,16.71145,0.2096809
18.74091,16.88418,16.00016,15.58451,15.25956,0.05027221
19.81788,18.60943,17.85254,17.45322,17.24023,0.1815857
19.03918,17.97242,17.53679,17.28558,17.23067,0.03882479
23.50228,22.78857,21.49607,20.09405,19.64446,0.7188814
23.9961,22.51797,20.78927,19.79364,19.06322,0.6404718
20.85879,18.71296,17.61741,17.13632,16.78372,0.1624434
20.50777,18.54513,17.55297,17.11478,16.79022,0.1308044
22.79478,21.64563,20.05385,19.179,18.73912,0.5190389
19.33939,17.72716,16.90447,16.45859,16.14578,0.08470514
24.54686,21.94,19.81869,19.12716,18.8892,0.3239043
19.4916,17.70958,16.72928,16.29304,15.9527,0.1226068
17.96255,16.82413,16.42635,16.21528,16.07885,0.0352282
19.76254,18.04292,17.35097,16.90435,16.62555,0.06276783
22.85288,24.52914,22.38207,21.22871,19.92543,0.8025067
21.32166,18.88262,17.61689,17.0923,16.71849,0.1940117
25.25312,20.36761,18.52162,17.84213,17.38737,0.3747109
21.31664,20.67747,20.0439,19.71383,19.25247,0.3075547
22.32946,21.55747,21.29476,21.36917,21.534,0.08659726
24.17912,21.37633,19.77174,18.68812,18.22736,0.560393
20.83247,18.65467,17.57286,17.13263,16.7548,0.1484073
22.41804,20.42204,18.78363,18.13703,17.77563,0.3261686
21.95088,21.16454,19.46511,18.7531,18.25569,0.4554742
18.64377,17.49167,17.06332,16.82096,16.62817,0.0603416
20.56517,18.77405,17.75619,17.28971,16.93265,0.1216264
23.53555,21.50122,19.82397,19.01719,18.58086,0.4180726
23.80237,22.31228,20.85244,19.70386,19.18213,0.6354233
20.7537,19.62697,18.10932,17.41957,17.02587,0.3773355
25.75578,23.0504,20.87991,19.6699,19.1959,0.5933527
20.67946,18.5602,17.45295,16.96399,16.54471,0.1324694
25.69921,22.34304,20.52266,19.54523,18.97005,0.4712358
19.46243,17.56142,16.62065,16.16531,15.83004,0.06603959
19.38519,17.68079,16.73539,16.20056,15.80572,0.05318839
22.81963,21.82564,20.18204,19.23932,18.73875,0.5876917
19.64462,18.21688,17.56463,17.22387,17.02611,0.08154684
24.07548,21.75599,20.10821,19.19584,18.69575,0.5050426
23.07708,23.72491,21.79032,20.62158,19.77909,0.7636389
24.44538,21.78319,19.99494,19.00946,18.67803,0.5127804
20.07396,18.13267,17.20386,16.79012,16.45006,0.08245212
22.98805,19.90918,18.44841,17.90246,17.83963,0.2252896
18.18789,16.85018,16.35707,16.1054,16.03709,0.03189712
20.24536,18.32689,17.46179,17.05345,16.72981,0.08383848
22.38977,20.52542,18.7776,18.051,17.69467,0.4190794
23.04063,21.73913,19.91199,18.97363,18.40228,0.4891101
20.62525,18.51728,17.57554,17.16933,16.81255,0.08901175
19.14346,17.97154,17.46855,17.27904,17.14019,0.02918951
18.93305,17.50388,16.85227,16.48989,16.28522,0.04373603
20.09879,19.07587,18.77164,18.63192,18.57698,0.3780903
23.56893,22.36645,20.08295,18.99536,18.48812,0.5897819
19.50774,18.26291,17.7089,17.36488,17.18394,0.07500655
22.42764,20.24626,18.56559,17.9444,17.6449,0.3207959
19.16003,17.81198,17.11673,16.71717,16.41669,0.08163297
23.50859,22.17589,20.60889,19.73096,19.27691,0.522004
23.14514,22.16983,20.74388,19.85474,19.46759,0.529812
19.60775,18.16739,17.32777,16.92017,16.66635,0.142097
25.28726,21.84569,20.09202,19.17641,18.61182,0.5521705
19.49078,18.00072,17.23191,16.82355,16.51009,0.08434182
19.7441,17.9794,16.96786,16.49168,16.11462,0.1398745
21.77708,19.76295,18.6496,18.1313,17.70912,0.2321931
18.63092,16.74617,15.94262,15.53999,15.23154,0.04188501
19.0849,17.11271,16.18075,15.74972,15.40724,0.07204974
25.98492,22.30694,20.47383,19.474,18.87365,0.5386442
18.90351,17.74243,17.23554,16.9038,16.80504,0.06491364
21.93805,20.8689,19.2176,18.59133,18.13939,0.3870113
24.2481,22.27825,20.48184,19.46911,19.01457,0.5034283
22.00351,20.86894,20.26621,20.03292,19.96343,0.0001673399
19.65423,17.81561,16.91551,16.52942,16.21198,0.08972443
24.23863,21.03118,19.04322,18.3404,17.92352,0.3670299
20.22447,18.80678,17.89012,17.42706,17.14447,0.1860261
19.54756,17.52327,16.54585,16.08418,15.69604,0.0780846
23.28881,22.12206,20.22782,19.31799,18.81865,0.4609452
20.4292,18.43875,19.02415,17.63169,23.19052,0.07772421
23.1177,21.9929,20.54435,19.57161,19.1979,0.5573955
19.26683,17.14182,16.09507,15.60514,15.22168,0.08552414
23.05433,21.18053,20.23227,19.42872,19.0573,0.5503185
25.96739,22.92649,20.89715,19.64832,19.27233,0.6405202
19.52377,18.19538,17.28642,16.82683,16.53863,0.1478484
19.04204,17.87724,17.45017,17.21807,17.22886,0.05841528
20.1696,18.23177,17.11844,16.6491,16.30853,0.1483444
24.95767,22.64102,21.15309,19.87167,19.14775,0.6250715
19.17683,17.85856,17.14618,16.76625,16.49946,0.0822871
22.49468,20.46846,18.92735,18.15982,17.65046,0.4159108
23.9164,22.00116,20.34,19.26532,18.77986,0.5808986
20.39389,18.50812,17.58245,17.13103,16.78688,0.07700519
24.68616,21.5943,19.85013,19.3023,19.12284,0.384438
19.37514,17.5346,16.59395,16.1706,15.81949,0.09639881
20.35011,18.19585,17.02563,16.51027,16.07444,0.1311532
25.95235,22.06676,20.31782,19.42521,18.94012,0.4872547
17.85122,16.08418,15.18995,14.73304,14.36943,0.06179367
24.03638,21.24557,19.41078,18.70525,18.20177,0.4276787
19.7572,18.07313,17.19427,16.69973,16.32476,0.06222161
19.86074,18.26233,17.34257,16.87066,16.60314,0.1364416
23.99825,22.27275,20.56985,19.49403,19.08228,0.5182393
21.67434,20.71795,19.89284,19.71287,19.14158,0.358213
20.93915,18.74811,17.35596,16.81887,16.46356,0.2065309
27.09446,21.37658,19.53588,18.83276,18.40975,0.3896461
18.87784,17.12321,16.23688,15.86147,15.5801,0.0975197
23.61613,21.56454,19.63257,18.71258,18.23944,0.4720778
24.86108,22.8239,21.12506,20.23341,19.86037,0.5232727
19.56314,17.62036,16.61544,16.1556,15.81682,0.1101248
22.40808,22.04749,20.52393,19.51164,19.18322,0.6475998
26.10246,22.99236,20.88866,19.94505,19.39693,0.454933
23.447,22.09108,20.23223,19.34465,19.16418,0.4109527
22.27648,21.19373,19.37166,18.67537,18.34961,0.411199
20.52425,18.69538,17.57512,17.07896,16.67011,0.1293914
22.67395,21.93559,22.07187,24.3643,20.63226,0.3242208
21.28377,19.25231,17.91576,17.38544,16.90254,0.178779
17.99524,16.18229,15.35491,14.96465,14.65554,0.05132873
21.82425,19.67598,18.12511,17.53603,17.15488,0.2960305
19.21269,17.44185,16.53144,16.10604,15.77312,0.09657238
22.58938,21.63883,19.9306,19.06633,18.6519,0.4548598
19.64108,18.22035,17.29455,16.81965,16.47631,0.1299679
15.69154,14.37136,13.80107,13.54009,13.35396,0.02144653
24.01422,22.07782,20.26316,19.30023,18.77956,0.5084444
23.17784,22.41413,20.72913,19.86547,19.75303,0.5331058
22.0663,20.95909,19.11484,18.3975,17.97657,0.3175019
18.97309,17.86086,17.31795,16.97128,16.7802,0.1215615
16.81176,15.55591,15.05046,14.77603,14.60182,0.0212847
18.09283,17.03771,16.64438,16.38438,16.2272,0.04713756
22.13175,20.26384,18.66933,18.07301,17.7875,0.3107097
19.63524,18.36384,17.74228,17.35642,17.13885,0.1321205
22.96233,22.24454,18.93408,18.08224,17.48823,0.4212857
23.6115,23.50561,21.40694,20.26845,19.40485,0.8020518
22.81712,19.67836,18.09525,17.53063,17.15111,0.2632832
20.9264,18.97668,17.88681,17.47104,17.09276,0.1432363
15.99524,14.70245,13.92301,13.54323,13.2038,0.01786014
24.79793,20.65043,19.02613,18.38247,17.94368,0.3328491
19.75862,17.98595,17.06814,16.64936,16.34647,0.1021478
24.10991,22.18892,20.40751,19.23955,18.77271,0.536411
21.02437,18.79058,17.64509,17.16628,16.80796,0.161881
20.49991,18.54588,17.48281,16.91691,16.43251,0.08945534
20.40626,19.29297,18.1224,17.62341,17.29292,0.2202357
25.91725,23.37617,20.83533,19.71856,19.45529,0.5570874
24.8783,22.45781,20.91513,19.83697,19.36209,0.5329355
22.73497,21.96088,20.74352,19.71352,19.50698,0.6433308
23.80826,21.39639,19.53552,18.86573,18.38481,0.3852345
25.30413,21.19329,19.33494,18.58426,18.15386,0.4087866
23.96145,22.28348,21.18135,20.20163,19.80085,0.7303933
25.92677,21.73107,20.28857,19.53234,19.1083,0.2795862
19.92725,18.07145,17.12378,16.68013,16.31058,0.1143015
25.08908,21.64462,19.68096,19.01006,18.69635,0.3433203
26.3543,21.74991,20.03679,19.08644,18.47995,0.5028663
25.2308,21.90896,19.99549,18.99617,18.91413,0.5851156
25.06344,20.79887,19.0245,18.39234,18.06685,0.4126969
25.86564,22.66676,20.99223,19.9693,19.676,0.5150623
24.20639,21.12593,19.38657,18.63786,18.13607,0.450958
20.12384,18.5148,17.61832,17.17483,16.83339,0.1112668
24.66786,22.93771,21.42557,20.39966,20.01099,0.6722655
24.00006,22.2672,20.60029,19.72161,19.45609,0.4678959
23.01347,22.20975,20.94518,20.47456,19.90646,0.3160301
25.28618,20.80119,19.10327,18.37054,17.91246,0.425127
23.0213,22.12269,20.51245,19.74206,19.15118,0.4861715
23.39948,22.64299,20.94285,19.89865,19.40779,0.5834004
23.70789,22.34138,20.45096,19.45049,19.23841,0.5401006
24.82811,23.24329,21.47188,20.244,19.58366,0.6685365
21.71431,20.79218,19.0271,18.28439,17.87074,0.4140547
25.13802,22.03549,20.4044,19.42416,18.91359,0.5885983
19.84131,18.54167,18.08705,17.62062,17.43428,0.07273541
19.61457,18.36331,17.79323,17.37016,17.20632,0.1218676
23.51272,21.82583,20.66132,19.83563,19.39649,0.5959331
22.25061,21.02657,19.21896,18.58176,18.22958,0.3095039
19.44764,17.48575,16.52393,16.0135,15.60751,0.06713808
24.28574,21.64913,20.31333,19.45397,18.95065,0.4929699
23.66844,22.50251,20.18618,19.21051,18.77153,0.497016
22.53035,21.90992,20.10909,19.29495,18.98538,0.4461888
20.19892,18.14355,17.17244,16.75707,16.41494,0.1002293
19.24695,18.14896,17.49914,17.11604,16.88354,0.157098
23.25481,20.05623,18.52824,17.92763,17.5769,0.2628409
23.5116,22.31444,20.80977,19.86327,19.31183,0.5056862
24.91153,21.88782,20.36763,19.53364,18.96158,0.447029
23.34797,22.09836,20.83723,19.9254,19.7138,0.7441217
23.19282,21.52439,20.04508,19.16358,18.75464,0.5129805
20.70575,19.04272,18.19036,17.92297,17.24085,0.1869527
19.32232,18.34955,17.90851,17.54966,17.44982,0.1108442
20.41594,18.5727,17.41423,16.97996,16.58303,0.1707441
20.22324,18.30786,17.06123,16.57971,16.20476,0.1696154
20.55746,18.84221,17.59273,17.08095,16.73596,0.1798998
19.52931,18.1691,17.49804,17.1082,16.86515,0.1107601
22.7412,20.70101,18.88274,18.27907,17.8356,0.366837
23.38194,20.81361,19.09643,18.47554,18.16747,0.3238714
19.16865,17.14901,16.24588,15.79839,15.46912,0.06311412
19.14729,17.37511,16.53077,16.08156,15.83727,0.07780109
20.09391,18.10162,17.02781,16.57739,16.18014,0.1283008
20.18309,18.4327,17.50296,17.09245,16.73993,0.08443586
24.4888,22.15729,20.81846,19.82174,19.58094,0.6527321
21.076,19.04382,17.75198,17.17448,16.74654,0.1781672
22.4232,21.09245,19.62432,19.09084,18.91945,0.2173342
23.1359,20.84414,19.07092,18.32444,17.84143,0.4314653
24.00469,20.91564,19.18458,18.46707,18.09641,0.3536683
23.91143,22.33713,20.41268,19.46648,18.98251,0.4934883
23.20368,23.04819,21.28369,20.08183,20.06943,0.652516
26.58919,21.55936,19.56445,18.80879,18.35401,0.4741124
22.12934,19.7261,18.03017,17.39651,17.08257,0.3480126
23.98123,20.08515,18.3378,17.69012,17.2556,0.3700869
22.47511,20.57923,18.85117,18.17091,17.74285,0.4139244
20.64787,18.49416,17.44982,17.02318,16.67288,0.139547
23.00062,21.69281,20.20845,19.43192,19.09209,0.560079
20.76921,20.13487,19.12196,18.7056,18.30406,0.323371
20.17903,18.47957,17.42848,16.9075,16.51413,0.1211254
24.45191,22.00666,20.34772,19.44797,19.14645,0.5046928
24.1333,21.259,19.17959,18.32273,17.70154,0.4527571
22.86075,21.80361,20.5023,19.69186,19.26654,0.364602
23.06914,21.47711,19.5637,18.93895,18.49961,0.3692926
22.38247,21.08493,19.79596,18.82801,18.38102,0.540608
22.24423,20.35683,18.67872,18.08,17.66036,0.3156963
25.01303,21.98616,20.25429,19.46778,19.05191,0.5627998
23.114,22.76406,21.08092,19.89662,19.50892,0.5582591
26.17627,23.46013,20.97817,19.85983,19.15593,0.604389
22.58551,19.94777,18.27954,17.63073,17.20383,0.3430723
21.66701,18.72718,17.50843,16.93764,16.58438,0.1894769
18.863,17.75548,17.33447,17.05274,16.8499,0.03743947
25.39844,21.27876,19.43335,18.65379,18.3026,0.4022377
23.65834,23.05729,21.11871,19.94732,19.38091,0.6073499
23.04722,21.69326,19.74606,18.81567,18.36437,0.4771373
19.38155,17.56364,16.71105,16.30268,15.96791,0.04755447
19.13889,18.09518,17.47635,17.13165,16.96561,0.1216305
21.86455,19.52791,18.22541,17.74428,17.42749,0.1965443
22.81365,21.23153,19.29447,18.66945,18.29337,0.3920619
18.69807,16.71262,15.77569,15.33414,14.97441,0.06093183
25.11433,22.44804,20.62868,19.64245,19.07094,0.5261384
24.84404,21.87976,20.49314,19.82041,19.33675,0.3635824
23.18615,22.29121,20.60176,19.58791,18.91907,0.5400606
23.58813,21.50236,19.82216,19.17607,18.83873,0.3318178
18.26266,17.11006,16.63953,16.35181,16.18684,0.04781191
19.77848,17.81777,16.80917,16.30541,15.87719,0.07743543
25.22457,22.84319,21.45143,20.79353,19.97222,0.4117792
19.12783,18.17527,17.87152,17.58904,17.55212,0.08288307
20.22133,18.46442,17.43898,16.92217,16.53101,0.08149458
25.64375,21.55799,19.86959,19.00366,18.6451,0.4781823
22.48697,20.75199,18.98156,18.35258,17.9563,0.3158652
20.94332,18.95869,17.68091,17.16271,16.74924,0.1444119
17.30763,15.54178,14.74573,14.34829,13.99981,0.05391903
21.87202,20.99291,19.07534,18.24465,17.79946,0.4499002
20.74829,18.62975,17.53386,16.99909,16.57632,0.1412842
23.23524,22.53405,21.25492,20.19702,20.02962,0.6887558
22.93002,21.15605,19.35506,18.66387,18.30091,0.3851534
24.19032,22.42446,20.41851,19.54148,19.05677,0.4594527
22.53775,20.58142,19.34134,18.71558,18.28172,0.2927753
21.33315,19.19501,17.80192,17.2392,16.85014,0.2738615
22.96704,20.54287,18.8074,18.17178,17.79074,0.3844393
25.1807,23.3934,21.68963,20.59679,19.89041,0.6552989
24.76278,22.46024,20.53863,19.48994,18.83547,0.5386423
18.86039,16.87296,15.83623,15.34549,14.97342,0.1001972
23.53862,21.5013,19.96431,19.16126,18.73449,0.4906973
22.30458,19.86107,18.19522,17.60665,17.22092,0.3087897
21.74193,20.41943,19.4527,18.98284,18.59267,0.22269
26.4973,21.86238,20.34703,19.35638,18.70236,0.5699623
21.53688,19.48829,17.86436,17.24955,16.77106,0.2973345
16.71864,14.67238,13.75142,13.26351,12.89194,0.03692823
23.81057,21.0727,19.33245,18.61062,18.18573,0.3981686
23.66268,20.95736,19.35092,18.75113,18.37719,0.364942
19.68071,17.75151,16.69431,16.24916,15.88893,0.1079538
26.09714,22.49997,20.83303,19.74003,19.15462,0.551786
18.84385,17.65481,17.16375,16.80903,16.66942,0.1074278
26.29493,23.12877,21.16017,19.89352,19.59207,0.7457149
19.77103,17.89694,16.94138,16.52635,16.19647,0.1022557
19.11444,17.80013,17.26208,16.91233,16.6414,0.05150722
26.06069,23.12877,21.60164,20.4972,19.82564,0.7723591
25.24092,22.08575,20.44343,19.53767,19.07148,0.4966053
22.63905,22.36506,21.35551,21.20249,20.52582,0.4703796
23.48824,20.31568,18.64903,17.99485,17.62215,0.3152759
23.49245,20.92661,19.14066,18.50581,18.10686,0.4035115
25.98946,22.63403,20.82768,19.8362,19.38861,0.5625268
23.02719,21.32023,19.43631,18.82065,18.38391,0.3721831
19.21048,18.42527,18.33849,17.97625,18.06766,0.07532337
23.6004,22.53768,20.77779,19.95026,19.4434,0.4941058
19.5526,18.39964,17.75275,17.42892,17.14693,0.1299672
19.80051,18.51955,17.74854,17.30305,17.02945,0.1285015
25.14814,23.35369,21.54311,20.45489,20.07155,0.5368103
24.32346,23.05195,21.34344,20.05748,19.32869,0.6533114
20.18872,18.67088,17.77209,17.34363,17.05376,0.1417297
17.79946,16.34813,15.6897,15.34602,15.04393,0.02929192
22.53286,21.78192,19.7511,18.79515,18.17389,0.5259926
19.23919,18.04648,17.50419,17.16102,16.90661,0.05434996
19.32907,17.99613,16.90961,16.43139,16.09611,0.1543885
25.65014,22.74003,21.20883,20.06426,19.64277,0.4943719
22.5074,22.04394,20.38914,19.27084,18.72221,0.5851119
19.39115,18.23681,17.66522,17.30622,17.15552,0.1151239
19.35937,18.22513,17.66206,17.31788,17.06518,0.05215927
19.29128,17.80138,17.11008,16.72517,16.45064,0.06156424
22.84806,21.31394,19.79128,18.98206,18.56376,0.4646341
20.75781,19.92883,22.91988,19.0519,19.2815,0.130633
18.46687,17.07055,16.37329,15.95775,15.68619,0.07184339
18.10969,16.51894,16.03679,15.72492,15.69442,0.005150354
23.15268,21.14017,19.38647,18.57478,18.0252,0.441589
22.6391,23.29719,21.26793,20.03008,19.60298,0.5696812
19.7179,18.59353,17.897,17.48611,17.25835,0.1469544
23.56609,21.69218,21.00186,20.5223,20.17175,0.2765569
20.11417,18.20872,17.23429,16.8286,16.46831,0.1077131
21.88733,21.92254,21.64574,21.52888,21.44901,0.8446475
24.46764,21.15405,19.38281,18.68307,18.2687,0.4083704
18.91372,17.18237,16.31482,15.93609,15.60247,0.08744069
23.72763,20.90068,19.21999,18.31997,17.79711,0.4997802
18.85695,16.91275,15.91441,15.48678,15.14606,0.09499974
23.2799,22.14883,20.62482,19.64361,19.10286,0.4651297
19.58491,18.57561,17.67808,17.22836,16.93699,0.223468
23.56043,21.44225,20.21359,19.24138,18.84492,0.6414688
23.32145,21.3199,20.13588,19.28793,18.97238,0.5668225
19.64134,18.22117,17.52606,17.09503,16.76682,0.1055153
22.76054,21.8406,20.32806,19.87554,19.46972,0.4028016
26.33053,21.03474,19.13938,18.48005,18.00634,0.4144135
25.6593,22.31556,20.50405,19.68234,19.13987,0.4941562
25.67875,21.96505,20.30208,19.25008,18.70819,0.5518631
20.143,18.26576,17.31609,16.93154,16.64412,0.08570157
23.33719,20.65863,18.76027,18.09278,17.73257,0.408136
24.54966,23.7418,20.89864,19.82893,19.22198,0.6111268
22.62868,20.94857,19.0423,18.38144,17.95458,0.3599583
22.40952,21.54809,21.41933,21.24093,21.25659,0.02843474
22.05889,20.24967,18.64581,17.99745,17.50667,0.2995668
18.08598,16.8793,16.55986,16.3096,16.18607,0.04879159
19.97703,18.59941,17.81507,17.35777,17.06856,0.08419466
24.98293,21.53326,20.04313,19.1567,18.77925,0.4730607
19.63492,18.32199,17.77797,17.46766,17.31663,0.05302523
20.40471,18.69895,17.6267,17.21578,16.90082,0.1830597
25.83627,23.28773,21.03636,20.02118,19.47644,0.5425338
24.93596,22.98606,21.42124,20.39785,19.65021,0.5901839
21.82992,20.94414,19.25166,18.59955,18.19663,0.3422332
25.32178,22.83928,20.91855,19.82196,19.21791,0.5978938
21.32265,21.27675,20.19587,19.37345,19.26223,0.6108226
24.83325,21.7071,20.04607,19.36576,18.84657,0.421361
24.45657,22.5526,20.81019,19.65903,19.15377,0.6165721
21.74597,19.48224,17.99655,17.42136,17.04095,0.2887834
23.00211,22.08789,20.76561,19.6473,19.4239,0.5397347
19.96321,17.94765,16.90688,16.47118,16.03,0.1137964
24.3158,22.88113,20.66492,19.78829,19.4321,0.4246453
23.17184,20.5936,18.90782,18.2776,17.86432,0.4148333
20.6817,18.65676,17.45555,16.9859,16.58965,0.1510351
24.72761,21.7729,19.82425,18.89815,18.46446,0.4810564
23.78317,21.79172,20.29453,19.18675,18.60898,0.5881375
23.89926,21.89369,19.78989,18.8276,18.46953,0.5127623
22.49048,22.61382,20.3966,19.39541,18.83048,0.5366244
24.82219,21.27913,19.55775,18.73391,18.37657,0.4369173
23.63125,21.40506,19.54352,18.81517,18.44618,0.3120813
18.72567,16.85359,16.02521,15.63215,15.34019,0.04842868
24.72363,21.2535,19.39894,18.78324,18.39068,0.3228078
22.04813,22.41444,21.15972,20.26828,20.26459,0.5604765
20.25727,18.33649,17.32596,16.86764,16.49492,0.1418981
22.20337,20.52151,19.39037,18.65203,18.15732,0.0415822
20.90966,18.90491,17.86271,17.38902,17.01361,0.1221439
22.10873,22.58252,21.0063,19.83306,19.06267,0.6607385
18.88673,16.91018,15.95307,15.51585,15.14681,0.06283934
19.7557,19.01602,18.65101,18.35184,18.34533,0.160998
22.05467,19.68027,18.65359,18.23248,17.91495,0.1039954
20.19497,18.58787,17.70685,17.23858,16.87225,0.1358886
22.19794,21.89634,21.50214,21.45808,21.36934,0.3095017
21.5212,21.40653,20.65981,19.82829,19.7799,0.829579
19.34023,18.17158,17.57241,17.17047,16.95684,0.06499646
19.5749,17.58641,16.67031,16.26719,15.92438,0.08488975
23.20947,22.22348,20.2844,19.45531,18.95304,0.3873099
19.16575,17.63908,16.85406,16.35433,16.04261,0.1217056
24.49219,22.24534,20.84159,19.80247,19.31702,0.6146849
22.91809,21.55731,19.51358,18.49197,18.10312,0.5848094
22.64035,20.80056,18.9883,18.43089,17.93674,0.3329831
21.42001,19.19942,17.79823,17.2696,16.89141,0.2146426
19.83375,18.51484,17.65013,17.19597,16.89585,0.1745191
24.52292,20.85275,19.04717,18.36132,17.86656,0.407429
23.14392,22.53994,20.98981,19.94302,19.38434,0.5942217
23.95286,22.1362,20.87237,19.8201,19.43728,0.5143874
18.67909,16.77078,15.82724,15.32771,14.94655,0.07380059
20.38357,18.86566,17.80775,17.33304,17.03453,0.2013068
22.65511,21.73647,20.4504,19.5369,18.99779,0.5548248
21.98887,21.6105,21.00632,20.27805,19.77217,0.2630781
21.24579,20.28915,19.06348,18.50459,18.13018,0.229783
23.36569,21.9977,20.29121,19.47216,19.11697,0.490915
19.93408,18.07372,17.11768,16.69721,16.32371,0.08471301
23.80925,21.45708,19.7505,18.7523,18.23028,0.52635
19.43978,18.24557,17.77278,17.44169,17.37315,0.09828927
18.71423,17.76911,17.44706,17.24059,17.21357,0.02536955
19.97929,18.03451,16.88273,16.37138,15.95497,0.1224217
23.88404,20.5053,18.84743,18.21194,17.7975,0.3739244
24.05615,22.64385,20.10319,19.00681,18.39946,0.5936631
19.22383,18.41689,18.03721,17.74033,17.67583,0.1369291
22.82935,21.97296,20.85627,20.02685,19.69552,0.551535
22.6049,22.18831,21.23158,20.11131,19.55578,0.6262187
25.12494,22.43792,20.10419,19.21311,18.91325,0.5001632
22.16919,21.74346,20.27927,19.47315,19.0713,0.5570886
24.11875,21.90995,20.58999,19.81331,19.29086,0.497932
22.22426,21.04883,19.85304,18.97563,18.82936,0.5992562
18.64252,17.21963,16.55248,16.19981,15.90631,0.06585822
17.82022,16.37337,15.61044,15.21839,14.87067,0.03249471
25.6247,20.80413,19.04561,18.23353,17.78257,0.4770523
24.84958,20.56141,19.65606,18.37069,18.0155,0.3461666
18.56216,17.45155,17.07475,16.77735,16.61161,0.05301786
21.58549,20.75342,18.09179,17.36736,16.96357,0.4142213
17.52646,16.17804,15.54106,15.19984,14.93983,0.04603692
23.1385,21.51771,19.79195,18.91114,18.38194,0.4734767
21.18544,20.20796,19.04269,18.6151,18.35428,0.2950534
18.39147,17.15819,16.65509,16.33485,16.16603,0.06493402
19.0212,17.53252,16.80237,16.39381,16.1206,0.07601274
21.15906,21.08429,21.84552,21.31528,22.5295,0.06597882
21.27105,20.25545,19.64348,19.18134,19.10527,0.5791658
24.62902,22.38903,20.85561,19.83821,19.49061,0.5334169
20.14122,19.12815,20.33217,19.74665,20.16191,0.05188466
27.36638,21.23551,19.50886,18.64262,18.05526,0.4815729
22.06262,22.17358,20.39551,19.60512,19.09498,0.4134923
24.29239,22.6353,21.42063,20.684,19.93237,0.5481811
26.25331,22.40653,20.8185,19.72814,18.99732,0.6559978
24.35411,21.86521,20.85513,19.81834,19.45428,0.7085266
20.2812,18.36766,17.40392,16.99468,16.65453,0.1099027
22.16444,21.13275,19.2839,18.57379,18.09992,0.4148067
20.66305,18.51209,17.50479,17.04826,16.67402,0.09051643
18.01913,16.48469,15.68952,15.27945,14.98384,0.08913658
22.98464,20.47824,18.63065,17.94408,17.51949,0.3797341
21.17781,20.42806,19.33889,18.81498,18.47606,0.3843798
23.36363,22.2618,20.77942,19.67192,19.14134,0.5967363
22.78172,21.75865,19.99375,19.13715,18.56115,0.478525
24.02369,23.31082,21.11007,19.92908,19.54714,0.6403995
25.48715,21.08035,19.30151,18.61467,18.2678,0.3777175
25.60511,22.90435,20.67853,19.56601,19.06705,0.5976273
18.09385,16.36341,15.56027,15.13318,14.84768,0.05659828
18.75145,17.65675,17.14518,16.80061,16.62646,0.07575272
25.62315,22.56356,21.47004,20.05839,19.42923,0.7442487
20.49636,20.50748,21.01707,20.09168,22.82692,0.316453
25.53849,22.86128,21.45588,19.98986,19.20111,0.7332708
25.85147,22.69944,20.69227,19.82405,19.42188,0.4884066
18.61847,16.71784,15.83545,15.43057,15.10011,0.06226261
23.47683,22.07841,20.43552,19.5867,19.04823,0.442121
24.58245,21.52956,20.03155,19.11936,18.6639,0.5392449
22.99766,22.14082,20.63972,19.03006,18.38992,0.7163352
21.19216,20.08188,18.35538,17.75963,17.38087,0.3286275
23.4228,22.98242,20.75498,19.78076,19.46248,0.6048684
22.22095,19.67319,18.14552,17.57315,17.27921,0.2819089
19.45341,17.80839,16.92972,16.44376,16.08291,0.0754786
25.87771,22.37477,20.51999,19.55432,19.16357,0.4792102
19.09289,18.10672,17.53275,17.20008,16.97805,0.1143134
24.36751,23.44541,21.43042,20.37447,19.59157,0.7678409
20.19041,18.13184,17.05791,16.6194,16.22437,0.1173191
19.43447,18.19817,17.56703,17.22906,17.02797,0.08891015
25.28821,22.03464,20.33755,19.49828,18.96883,0.5095826
22.02664,21.33448,20.00809,19.19979,18.8534,0.5112208
21.29583,20.91382,20.88059,21.44322,22.81102,0.002204012
23.25735,20.26199,18.56462,17.94325,17.59489,0.3281628
22.64164,22.01983,20.47855,19.34741,18.76852,0.6261825
23.32004,24.07408,22.40801,20.96532,20.02379,0.8847327
24.48801,23.37988,21.22669,20.06833,19.37221,0.5729234
22.26405,20.54248,18.85917,18.20843,17.84465,0.3206376
20.04792,18.50286,17.69557,17.28542,17.01355,0.1304383
22.62064,19.87454,18.26936,17.6786,17.32717,0.3214292
22.31444,21.53503,20.47278,19.66254,19.17337,0.6182057
24.36557,22.5361,20.73243,19.77332,19.46127,0.5292252
19.26685,17.61346,16.76577,16.32608,16.00823,0.08362973
20.62669,18.84902,17.70872,17.18786,16.70363,0.1170408
22.18353,20.06383,18.32443,17.72381,17.37217,0.3186388
20.03749,18.39132,17.53969,17.10019,16.80266,0.08206996
20.65643,17.77894,16.56524,15.98584,15.46139,0.1237735
19.81729,18.29791,17.47893,17.1089,16.78445,0.1080651
23.18247,22.01548,20.33136,19.27583,18.87834,0.4913356
19.13459,17.25331,16.10299,15.61943,15.2352,0.1383923
23.09274,20.68258,18.92916,18.19833,17.75635,0.4166411
23.47936,22.8765,21.58345,20.58228,19.89153,0.4989431
17.70602,16.44761,15.88319,15.52439,15.2345,0.04217126
26.13836,21.21795,19.46068,18.57327,18.1218,0.4826362
21.93366,20.03754,18.35955,17.73627,17.36496,0.3242994
24.32221,20.74633,18.92633,18.33819,18.0101,0.3204657
22.88896,22.5504,21.83482,20.7257,19.99154,0.7253768
19.38467,18.59734,18.12431,17.74761,17.63823,0.1321922
19.14099,17.16017,16.26933,15.85677,15.51611,0.05021833
24.60026,21.97574,20.23402,19.38614,18.80161,0.4964172
24.59093,21.67111,19.77252,18.68093,18.2416,0.566364
19.50373,17.96504,17.22002,16.86566,16.54413,0.1079067
21.94398,21.58069,20.22081,19.39919,18.95757,0.5042673
23.14189,21.57419,20.18204,19.30475,18.74063,0.5310307
20.65328,18.73974,17.61224,17.1661,16.84396,0.1771696
24.53396,22.70565,20.73801,19.56392,19.19498,0.6312981
26.0823,22.38172,20.757,19.93806,19.62109,0.4116606
24.60336,22.50485,20.70318,19.73881,19.47395,0.458165
19.41286,18.1424,17.3888,16.99199,16.73687,0.1283646
18.52237,17.56079,17.18015,16.91962,16.82319,0.06988154
22.9145,21.8517,20.19711,19.29727,18.92197,0.4831674
18.47613,17.35676,16.91806,16.65672,16.44758,0.0158037
19.52401,17.63925,16.67413,16.23925,15.91153,0.1006686
19.03123,17.10473,16.21689,15.7828,15.41943,0.0592965
19.66994,17.86074,16.8898,16.39334,16.02896,0.06889575
26.59759,21.85014,20.13118,19.35658,18.93495,0.414941
18.63983,16.94114,16.16459,15.771,15.46426,0.03294869
26.755,21.48859,19.45834,18.66408,18.21136,0.4626416
19.45107,18.12565,17.365,16.92377,16.64966,0.09062796
23.0197,20.22921,18.58129,17.95675,17.61054,0.3144062
19.18991,18.02081,17.53274,17.24896,17.13808,0.09143512
24.62129,21.97908,20.22367,19.63027,19.26691,0.3508342
23.91431,22.08756,20.66734,19.6158,19.15024,0.5313345
23.87834,22.50642,20.89795,19.96415,19.34869,0.5666344
22.85052,20.94455,19.34641,18.56299,18.11401,0.43617
23.07714,21.2301,19.2757,18.07367,17.49165,0.5919012
24.00061,22.01353,20.2198,19.34777,18.94978,0.4852914
21.78378,19.40509,17.86322,17.3313,16.96528,0.2730109
21.96624,18.20139,17.2796,16.85048,16.55482,0.07982884
18.95776,17.53601,16.82494,16.43536,16.10804,0.03728012
19.25462,18.17805,17.75662,17.53159,17.37635,0.02921438
25.01202,22.86006,21.0728,19.92558,19.49787,0.6781685
26.15015,22.86061,21.33538,20.10446,19.46156,0.643842
25.09754,23.61906,21.25936,19.90686,19.39169,0.6143165
18.96785,17.38457,16.53436,16.1018,15.76697,0.1436413
20.00741,18.09356,17.00448,16.52694,16.15216,0.121731
23.49715,22.11305,20.63517,19.82049,19.57431,0.437694
20.73059,18.59722,17.62421,17.19371,16.83985,0.1094284
20.69773,18.97142,17.74641,17.22706,16.86432,0.1824737
25.68161,22.93544,21.2282,20.08684,19.58009,0.5942513
15.13086,13.64363,12.93862,12.53691,12.37193,0.01581905
18.15683,16.90756,16.4165,16.0381,15.87124,0.08533069
24.39866,21.98242,20.44888,19.48549,19.12225,0.5591755
23.38597,20.74085,19.05103,18.40909,17.97394,0.3268333
23.12629,21.98322,20.11159,19.16349,18.65149,0.4966079
22.0126,21.83773,21.40409,21.31514,20.70821,0.3940289
22.89246,22.08841,20.29639,19.29429,18.85545,0.5361273
22.64658,21.42175,19.98331,19.38637,18.76652,0.586016
24.14959,22.3157,20.43162,19.62416,19.23917,0.4746863
23.74578,20.65788,18.95281,18.28185,17.85206,0.4169573
21.8189,19.49693,17.90461,17.31866,16.98144,0.2719364
20.11199,18.35971,17.41649,16.87547,16.47106,0.09679725
21.98178,20.96556,19.56642,19.01754,18.68423,0.3627511
23.27894,21.31148,19.4877,18.7991,18.33281,0.4360013
26.74728,23.14315,21.67165,20.30564,19.61206,0.8527032
24.20484,23.06824,21.29795,20.04222,19.367,0.5894251
18.09496,16.7632,16.13239,15.78992,15.5721,0.04392254
24.90693,21.96687,19.94462,19.10236,18.6225,0.4303878
19.06901,17.89274,17.52606,17.23906,17.20306,0.07752344
22.70168,20.41224,18.70555,18.10684,17.73202,0.3509913
22.29419,20.97214,19.25169,18.5522,18.15912,0.4168327
23.28934,20.61963,18.86627,18.16001,17.82668,0.3789229
18.3738,16.84218,16.10014,15.71413,15.41793,0.04751696
19.31089,17.98501,17.27543,16.85611,16.58003,0.06329944
20.76737,18.64519,17.66913,17.23155,16.87089,0.1029735
22.59658,20.36981,18.68988,17.99171,17.58513,0.4117571
18.6523,17.59964,17.18423,17.02569,16.92563,0.03386848
23.26064,22.60913,21.08283,20.0555,19.4061,0.5838407
26.54259,20.79418,19.02871,18.30271,17.86928,0.396417
19.93641,17.91844,16.85704,16.40441,16.04546,0.1242088
23.05849,22.19334,20.61312,19.77469,19.35331,0.5028143
18.70372,16.86898,16.02918,15.57427,15.28932,0.08138862
19.44525,17.45414,16.48278,16.07109,15.71302,0.1143914
19.07736,17.06346,16.04441,15.6052,15.2357,0.1057171
25.16574,24.36906,21.97695,20.69633,19.46962,0.6551644
19.22163,17.48224,16.98315,16.62865,16.33253,0.04356054
19.94987,17.87377,16.76389,16.301,15.93765,0.1496903
24.26609,22.6364,20.97554,19.77377,19.23776,0.653614
20.19577,18.34631,16.95138,16.3442,15.85049,0.1810196
24.43788,22.15312,20.52246,19.53693,18.96887,0.5686751
18.86918,16.99162,15.99528,15.55016,15.19835,0.09577402
22.61592,22.2576,20.14446,19.07746,18.56673,0.5390411
24.85153,22.33792,20.90081,19.59768,19.05105,0.6675649
24.84889,23.25216,21.33411,19.76965,19.38791,0.7113287
19.12012,17.90596,17.30426,16.93712,16.73907,0.1220617
19.08995,17.15163,16.16932,15.70767,15.34771,0.07300293
23.01973,22.01783,20.2567,19.11881,18.3872,0.5809393
23.08937,20.97982,19.37469,18.60962,18.22031,0.4335493
25.64734,22.45972,20.8168,20.21333,19.70802,0.3124315
19.90708,17.9644,16.95908,16.49117,16.11661,0.09475398
25.18079,22.04762,20.63101,19.75133,19.14608,0.5343776
22.25804,22.5714,20.8602,19.83446,19.40354,0.6032594
19.52019,18.11852,17.28638,16.85283,16.58734,0.1507932
23.02024,21.92411,21.03041,19.7983,19.37715,0.7061794
18.30013,16.85459,16.17829,15.7994,15.47665,0.04134524
23.71588,20.29224,18.32512,17.66206,17.22932,0.3900169
23.6876,22.54403,20.78271,19.67737,18.99264,0.5984482
22.31033,21.20274,19.33391,18.5732,18.06014,0.3953508
24.27028,22.07272,20.23433,19.32373,18.78456,0.5185938
23.76905,21.95541,20.08121,19.10062,18.60066,0.5460995
18.99235,17.15758,16.26206,15.83643,15.45227,0.05679188
19.38455,17.79754,17.16514,16.79944,16.54852,0.09689009
18.6235,17.27338,16.65755,16.32098,16.10949,0.04952728
20.47829,18.40468,17.26047,16.78451,16.39543,0.1429991
24.62587,22.48427,20.95798,20.15926,19.92835,0.3657944
24.26902,22.19703,20.50551,19.45932,18.87577,0.5540879
20.17257,18.1321,17.03559,16.59944,16.20904,0.13594
24.45479,22.46405,20.82338,19.8112,19.3772,0.6157914
20.47936,18.49868,17.22643,16.76429,16.44176,0.2610689
21.6134,19.60543,17.93976,17.34811,16.98298,0.3112466
23.81798,21.8106,20.08458,19.2546,18.69916,0.4767291
23.26799,23.00549,21.41712,20.35851,19.79301,0.6038143
20.10325,18.57815,17.63233,17.1158,16.72862,0.08107782
24.22241,21.02723,19.31121,18.61273,18.21323,0.3969101
23.40438,21.43293,19.87267,19.03803,18.67744,0.4486775
20.64364,18.62242,17.55895,17.10459,16.71869,0.1207323
21.4374,19.4362,17.97936,17.41059,17.05018,0.2559635
25.83311,22.41935,20.75821,19.73705,19.40276,0.5315719
22.54633,22.73929,21.5338,20.45781,19.85374,0.50283
17.08002,15.76678,15.13502,14.75848,14.49804,0.03423104
18.46338,16.93706,16.1179,15.7029,15.37237,0.09981394
20.70743,18.68676,17.55435,17.09255,16.75341,0.1661826
25.72872,23.73017,21.53771,20.45897,20.05867,0.6068865
23.68571,19.63033,18.19133,17.48669,16.98402,0.2270805
18.53524,17.50018,17.20864,16.95954,16.83296,0.04333953
20.3562,18.96672,17.93966,17.37856,17.04025,0.08326827
19.06555,17.06481,16.05295,15.53136,15.14853,0.08300801
20.26493,18.53857,17.5457,17.06713,16.77353,0.1767385
20.0018,18.41548,17.48611,17.01281,16.62386,0.1042429
23.11261,22.35117,20.72551,19.80581,19.48147,0.5237286
20.95674,18.82965,17.55508,17.09246,16.72614,0.1897889
25.39035,22.10109,20.33828,19.28569,18.74775,0.5246664
23.04518,20.98026,19.31604,18.41334,18.01068,0.4975085
19.67307,18.36896,17.49328,17.03351,16.76939,0.1664282
19.77168,18.81149,18.56444,18.31113,18.26896,0.07866955
22.06529,20.02534,18.49399,17.82971,17.37533,0.2742718
19.45758,18.29203,17.71073,17.29995,17.10655,0.09369624
23.50026,21.07195,19.23732,18.54923,18.21545,0.3668526
19.73046,18.16341,17.32916,16.91478,16.64404,0.1234351
25.01363,21.89338,20.27415,19.18837,18.6813,0.5568438
24.39747,22.0204,20.43975,19.6427,19.16953,0.4969921
22.95255,21.40575,19.69929,18.84436,18.49423,0.457679
22.24095,19.78932,18.16765,17.55383,17.14808,0.2664411
25.52334,22.95586,21.09234,20.00224,19.56658,0.5248609
23.22627,21.42656,19.53301,18.77933,18.31042,0.4444056
23.2452,21.66882,20.17352,19.32724,18.904,0.4849698
21.95209,19.32086,17.79599,17.2336,16.84682,0.2595904
20.31351,18.36872,17.4901,17.03764,16.71486,0.08030377
25.81568,21.46544,19.93396,19.00237,18.38793,0.506479
26.34822,22.43226,20.7733,19.89798,19.45434,0.475512
19.97773,18.11441,17.22208,16.82796,16.47323,0.07453658
20.60283,18.77341,17.90441,17.45736,17.06887,0.08669525
24.60225,22.2326,20.26503,19.28286,18.71549,0.5162991
20.46175,18.75278,17.7312,17.30615,16.94741,0.1298448
22.84264,22.52843,21.26764,20.47985,20.37317,0.3496025
21.62539,21.23858,20.20307,19.4511,19.14235,0.6603078
23.39803,21.9525,20.8919,19.8905,19.53505,0.6780924
21.95825,21.11441,20.19277,19.27846,18.82217,0.6222873
26.31588,21.792,20.06708,18.97522,18.48341,0.533896
17.96638,15.95568,14.9813,14.53715,14.18363,0.08122012
19.35859,18.27584,17.81842,17.4891,17.35173,0.08818088
19.27866,18.27443,17.56902,17.17205,16.9123,0.2027204
24.15637,21.48729,20.53489,19.62627,19.26545,0.5303103
18.6253,17.45285,17.09889,16.84239,16.84392,0.04588045
25.66545,22.25867,20.36252,19.51324,19.06822,0.4912116
24.99727,21.9448,20.13344,19.24994,18.62144,0.5169764
18.58342,17.69325,17.04786,16.56148,16.35085,0.1182473
19.16294,18.04123,17.57491,17.35756,17.14587,0.02051127
22.45683,21.61478,19.51198,18.76981,18.53965,0.3381417
18.79627,16.98124,16.09306,15.6903,15.3865,0.05634074
21.27432,19.05727,17.5272,17.00991,16.6557,0.2680894
22.491,21.27523,19.40065,18.7469,18.34016,0.4024395
22.96747,21.8682,20.16143,19.25737,18.81125,0.4597032
19.20093,18.08532,17.57286,17.28756,17.21129,0.02942915
23.97607,22.28455,20.45029,19.47738,18.8917,0.4699727
19.16424,17.75449,17.00587,16.55793,16.25382,0.09561629
22.96269,21.88538,20.47495,19.54387,19.12407,0.5296528
24.18325,22.40163,20.79674,19.86205,20.05233,0.2524546
22.60993,20.73034,19.35907,18.84373,18.45144,0.1975366
25.49551,23.08678,21.11129,19.93665,19.45996,0.6084855
24.01719,21.82978,20.08628,19.21708,18.73573,0.4938933
23.72389,22.32499,20.75929,19.84699,19.31186,0.5662836
22.16523,19.96274,18.17092,17.52399,17.12414,0.3479688
18.31455,17.34998,16.91243,16.5586,16.43296,0.0591941
20.5629,18.65217,17.73976,17.30198,17.01593,0.08637132
20.4967,18.34785,17.25941,16.79628,16.40331,0.1270534
23.69223,20.5336,18.75991,18.20691,17.81409,0.3144213
24.37134,22.18146,20.61687,19.67975,19.25646,0.5579629
23.71468,22.78344,21.27818,20.25034,19.70941,0.4698782
18.89318,17.62022,16.85589,16.35959,16.07966,0.1045137
19.52808,17.96541,17.03493,16.53754,16.14154,0.1213043
20.67683,18.7462,17.60042,17.13863,16.79821,0.1556727
19.14308,17.95539,17.38531,17.15357,16.98075,0.02499222
19.54628,17.55292,16.49359,16.00892,15.59522,0.1172986
20.22824,18.4608,17.42017,16.93451,16.55698,0.1254186
25.05054,22.79156,21.13529,20.04937,19.49134,0.5921233
24.94725,22.57076,20.36098,19.35881,19.15605,0.5701364
18.7058,17.45178,16.73883,16.32901,16.08191,0.1212169
19.25424,17.47477,16.66358,16.30295,16.00305,0.04976614
26.03563,22.35489,20.19028,19.29854,18.6543,0.5366371
19.16211,17.98007,17.28997,16.94037,16.752,0.1726224
20.78122,19.40125,18.69645,18.25652,17.93915,0.1199057
25.46013,21.93436,20.04587,19.1714,18.80574,0.4670016
22.71032,23.23402,21.7084,20.52057,20.06467,0.728202
25.23239,21.75841,20.11181,19.16784,18.46929,0.5484788
20.55823,18.71811,17.60158,17.12317,16.73754,0.1328653
23.87725,20.48923,18.75704,18.11541,17.72467,0.3711058
19.70354,18.33241,17.56842,17.19417,16.88597,0.1204885
25.26209,22.09664,20.46169,19.55201,18.9747,0.574499
23.86762,22.50321,20.86577,19.74206,19.22095,0.6337817
23.79738,21.1773,19.27503,18.48918,18.06763,0.4405861
21.59687,20.46059,19.15407,18.72325,18.32834,0.3346041
25.89447,22.84376,20.63548,19.67299,19.26489,0.5054912
23.71783,22.1656,20.85014,20.73727,20.01342,0.5449705
19.63626,18.25036,17.70407,17.38222,17.17533,0.06155552
22.81473,22.42578,21.05929,19.59532,19.18315,0.7030575
23.33841,22.64804,21.02592,19.79402,19.32448,0.5665681
22.84755,22.69204,20.70804,19.73296,19.3249,0.4832832
23.67795,20.78131,19.04491,18.41194,18.04692,0.3317455
18.18663,16.68011,15.95134,15.5676,15.28308,0.05012248
20.59752,18.56978,17.41138,16.90143,16.52133,0.1384674
23.09022,22.35209,20.69294,19.8012,19.32909,0.456835
25.28547,22.71457,21.00289,19.73496,19.2153,0.5278802
19.51497,17.35856,16.25515,15.73979,15.34475,0.06258034
26.3941,22.16817,20.58829,19.60724,19.01543,0.5404004
22.47765,21.88196,20.39373,19.35222,18.85405,0.5238457
17.5751,16.66476,16.30821,16.0195,15.98085,0.04422221
22.14038,20.32063,18.66888,18.10037,17.72487,0.2830751
25.58174,22.15299,21.4577,20.77236,19.91219,0.7339318
18.77389,17.34829,16.44489,16.00547,15.68214,0.1460805
20.21499,18.06365,16.88798,16.3793,16.01781,0.1498744
25.29087,21.92886,20.25167,19.22742,18.76366,0.5891625
22.80165,21.48758,19.80412,18.9742,18.45488,0.472621
26.30764,22.34131,20.90519,19.73794,19.16007,0.6453241
19.74317,18.00583,17.15386,16.73775,16.40405,0.08812013
24.13445,22.13964,20.19249,19.30441,18.70922,0.4902768
21.59552,21.63879,20.64524,19.69946,19.27263,0.7420265
19.5807,18.41002,17.64611,17.24664,17.01435,0.202159
21.14891,18.90835,17.62797,17.12591,16.7871,0.1912844
18.811,17.40352,16.92027,16.62729,16.42004,0.07635687
23.7489,21.79139,20.40371,19.37759,18.76498,0.5820161
20.88668,18.78316,17.65215,17.17467,16.78609,0.1600255
25.28357,22.23278,20.67159,19.46997,18.90822,0.6268654
24.9274,22.23025,20.52928,19.56811,19.10196,0.5119612
22.96861,21.98285,20.3897,19.5621,18.9584,0.487355
20.24217,18.49339,17.47324,16.95287,16.51027,0.1053918
25.7032,23.96233,21.62413,20.70945,19.8676,0.7999976
22.36527,21.63197,20.38376,19.69693,19.50052,0.5791942
20.73566,20.08775,19.44775,19.24048,18.60365,0.3131043
18.6407,17.78464,17.26953,17.24648,18.80556,0.05100916
20.50758,18.28379,16.91002,16.32715,15.95399,0.1722715
20.49009,18.6019,17.59872,17.14977,16.78699,0.1427207
25.36002,21.96635,20.30235,19.47184,19.02905,0.4558317
22.64145,26.90097,21.96527,20.24121,19.27556,0.9113349
24.63467,22.58183,20.59555,19.6595,20.62964,0.4130972
18.68138,17.41203,16.78799,16.42714,16.2711,0.07727623
24.75113,22.94234,21.32923,20.23898,19.94945,0.5426958
22.63166,20.78563,18.87796,18.20446,17.83614,0.3833251
25.42685,24.12351,21.84349,20.54146,19.78118,0.6780823
22.30701,20.82201,19.42873,18.97096,18.63704,0.2969219
18.8985,17.35386,16.59441,16.20499,15.91412,0.05952673
21.66035,20.27423,19.12745,18.63452,18.37549,0.2355667
21.4134,19.64495,18.20858,17.6399,17.26004,0.2383607
22.85295,22.50167,21.91903,20.66425,19.81183,0.9544675
19.51987,17.56103,16.443,15.95302,15.57304,0.1424379
20.86623,18.6437,17.25084,16.71438,16.39106,0.2200836
23.35477,21.36502,19.65043,18.80536,18.24282,0.472636
19.47984,17.65532,16.71033,16.17766,15.78528,0.06402929
20.3038,18.61598,17.68846,17.14874,16.75021,0.1123933
21.25479,19.49922,17.89581,17.34146,16.93882,0.2835925
22.41833,21.13704,20.30501,19.55751,18.91261,0.5676703
19.97849,18.17029,17.23473,16.83524,16.54294,0.1984208
19.68535,17.75492,16.77617,16.38034,16.00029,0.1297053
19.86392,18.4589,17.91966,17.55618,17.50981,0.04215007
20.53892,18.64634,17.70093,17.12674,16.7149,0.1276188
25.7037,24.78074,21.52371,20.18026,19.5427,0.6936303
24.12803,22.04003,20.97943,20.06583,19.84652,0.619837
25.8012,20.98133,19.14892,18.28396,17.86907,0.4535045
24.03585,23.10892,22.30823,21.42012,21.30173,0.888149
23.69694,21.84206,21.4024,21.12426,20.65787,0.1831999
18.12772,16.60534,15.82694,15.43597,15.13739,0.07819448
20.9962,18.78214,17.78177,17.28283,16.88853,0.09361648
22.88245,22.42814,20.51792,19.47711,19.09213,0.5263598
20.23924,18.51094,17.33457,16.81539,16.45563,0.1897722
20.06805,18.38711,17.31122,16.75451,16.35578,0.1566594
23.30951,21.72092,22.2097,22.27191,20.66729,0.3476162
25.03146,23.14404,20.84969,19.92166,19.85328,0.4921843
20.85425,18.92873,17.68715,17.19181,16.84071,0.1938279
17.84669,16.89324,16.34308,16.05075,15.82508,0.04414533
23.85944,22.43487,20.81227,19.99022,19.55642,0.4502434
21.64777,19.49752,17.85807,17.26492,16.86014,0.3060814
21.60946,21.4659,20.87737,20.92459,21.0313,0.1923296
20.67446,18.71355,17.21175,16.64638,16.2638,0.2044829
23.53379,22.03881,20.59913,19.56369,19.0419,0.6131265
23.56018,22.1603,20.5195,19.58243,19.00287,0.5474036
20.67667,18.73508,17.65492,17.22057,16.82823,0.1280167
19.59403,17.80263,16.76315,16.2936,15.89948,0.1352108
24.82646,23.53095,21.74359,20.70528,19.87945,0.582836
24.42905,22.39024,20.74043,19.81274,19.51756,0.4452552
22.48291,20.78226,18.99565,18.29511,17.86548,0.4595487
26.23387,22.56822,21.16904,19.72481,19.1694,0.7304088
18.74585,17.16286,16.40765,16.01444,15.72605,0.03228866
23.44452,21.96033,20.07152,19.27217,18.81799,0.4404362
22.63901,20.13921,18.57421,17.93688,17.51336,0.2726426
19.42603,17.52067,16.64694,16.24114,15.91174,0.08506368
26.02103,21.72017,19.89835,19.0525,18.6265,0.4627617
22.72826,20.64882,18.87349,18.03035,17.55302,0.4519924
26.04289,22.39661,20.7677,19.67193,19.14351,0.6313797
19.47156,17.57081,16.52497,16.0741,15.68966,0.09506837
22.4498,20.51274,18.77539,18.07503,17.70653,0.4266611
24.44569,24.40108,22.43069,20.66303,19.84895,0.7975203
19.95308,18.37891,17.37876,16.92085,16.58998,0.172416
21.37541,20.73637,19.41844,18.66388,18.27763,0.4796256
19.6869,18.43152,17.56043,17.12583,16.84315,0.1790112
20.911,18.95522,17.66088,17.13133,16.77643,0.206545
19.42622,17.37441,16.32482,15.84582,15.46481,0.09406564
25.98029,22.31001,20.75729,19.70064,19.18453,0.5445175
19.32616,17.67162,16.7828,16.37069,16.05184,0.1248748
23.55522,19.29466,17.84975,17.22488,16.86922,0.1970048
24.13398,23.64808,21.4484,20.21017,19.84434,0.6674473
18.76034,16.70483,15.79053,15.32839,14.98252,0.05440216
22.83896,22.08869,20.22737,19.36098,18.81607,0.4908608
22.49554,20.05694,18.2975,17.6177,17.26984,0.4380866
19.32834,18.16556,17.73594,17.3807,17.26335,0.06771954
18.86438,17.89286,17.56521,17.30093,17.17684,0.04874354
18.82307,16.90078,15.90398,15.46632,15.11025,0.09992538
23.1992,22.14009,20.93096,19.85872,19.50098,0.5658719
20.68797,18.64471,17.45187,16.97392,16.6676,0.1812193
20.63581,18.60877,17.57698,17.13424,16.77799,0.1080736
19.72908,18.33457,17.27844,16.78579,16.48068,0.2125967
19.00333,17.2748,16.46312,16.08683,15.80791,0.05001654
20.53193,19.27795,18.45775,17.93195,17.68486,0.16669
24.10913,22.3561,20.53662,19.69189,19.18533,0.4576712
22.53853,20.82247,19.46766,18.72589,18.93308,0.2634249
27.08023,21.20851,19.3595,18.63654,18.2139,0.4048911
18.73114,17.55528,16.92262,16.47854,16.23813,0.1163344
23.77896,21.61113,19.98268,19.00417,18.47873,0.5338941
23.89946,21.8279,20.1345,19.17364,18.66135,0.5705446
21.6669,21.15561,20.10108,19.39612,18.99136,0.5486532
23.52559,22.52884,20.82567,19.85996,19.40544,0.5212833
20.98722,18.93068,17.52631,16.9907,16.57426,0.2040574
21.80782,21.03719,20.91748,20.82975,20.74792,0.02868249
24.11818,20.29904,18.57838,17.93299,17.56032,0.3612726
18.84538,17.51484,16.78093,16.36129,16.1073,0.1292682
19.32637,17.63273,16.68369,16.13988,15.70327,0.04410031
20.0593,19.02234,18.5685,18.21776,18.01342,0.07847924
22.75672,23.45028,21.45439,20.44156,19.84704,0.698582
20.63906,18.41865,17.43692,16.96633,16.61719,0.09234206
22.45595,20.71923,18.92452,18.33788,18.00542,0.3264767
25.50315,22.10274,20.28047,19.43939,19.19118,0.3906941
20.14409,18.2317,17.24516,16.80412,16.41698,0.09736578
19.72469,17.79547,16.63613,16.16507,15.78587,0.1514921
24.97182,22.8561,20.94474,19.91228,19.59751,0.5461553
24.2931,20.96262,19.25606,18.51406,18.12193,0.4516459
24.40443,22.46134,20.87536,20.00532,19.38248,0.6008388
26.09932,22.44478,20.50264,19.65244,19.14651,0.4818919
23.65055,21.26617,19.46247,18.76033,18.29762,0.4144951
22.9258,22.08964,20.33809,19.47101,19.04603,0.4856088
19.73543,17.86861,16.9146,16.46811,16.08196,0.1005189
23.90506,22.53545,20.75553,19.82704,19.39347,0.5251715
24.28299,21.1691,20.18203,19.42013,19.24624,0.582216
24.88802,21.80529,20.08589,19.1091,18.55024,0.5720788
24.67375,21.914,20.5515,19.69427,19.07648,0.4656687
22.70843,21.72203,20.09165,19.05057,18.60143,0.5568926
22.14924,19.31213,17.91094,17.37395,17.04803,0.2657683
19.51545,17.5336,16.54985,16.09873,15.74464,0.08602437
23.52559,21.91095,20.36911,19.56782,19.31151,0.49815
18.63586,16.89488,16.2233,15.82179,15.58452,0.08884343
20.10362,19.76103,18.90105,18.52257,18.3075,0.4897122
21.06594,18.75889,17.79031,17.3841,17.02597,0.1033773
26.8883,20.95162,19.20781,18.44009,17.97766,0.4311925
20.24193,18.39782,17.454,17.01574,16.67457,0.09453201
24.00456,20.60161,18.84805,18.18588,17.84382,0.3610366
22.52954,21.35394,19.83976,18.86801,18.64268,0.6062348
20.28857,18.37642,17.22472,16.74131,16.42448,0.1815685
21.5706,20.37216,19.10959,18.68929,18.27133,0.1921165
24.67477,21.14155,19.40277,18.68293,18.24353,0.4333496
22.47518,19.86474,18.39717,17.79944,17.35417,0.2627492
20.31203,18.59275,17.69065,17.16268,16.80709,0.08336411
23.3112,20.67273,18.89662,18.23355,17.82538,0.3817924
21.95911,19.22525,17.70772,17.11223,16.80285,0.2511546
22.72072,19.36338,17.9092,17.3968,17.0309,0.2548466
22.16183,22.21602,21.14546,20.2277,19.99215,0.6964155
25.27269,22.44094,20.33978,19.50938,18.95884,0.4755516
25.94042,21.56175,19.87712,19.06252,18.71591,0.461459
23.37143,21.98988,20.4597,19.66703,19.3659,0.4959285
22.71365,21.54962,20.33308,19.52368,19.25027,0.4166281
19.6198,17.80645,16.84711,16.42779,16.1123,0.09730407
24.50904,21.55442,19.86677,19.05668,18.69806,0.4511413
23.10819,21.77482,20.16133,19.37695,18.9954,0.4191898
19.07179,17.49565,16.64676,16.23247,15.90072,0.125738
23.26646,22.41899,20.53334,19.57579,19.20018,0.5214717
22.4656,22.22828,20.41355,19.45377,19.11065,0.5147554
21.12362,18.92173,17.7027,17.21816,16.85856,0.1894369
24.679,22.30547,20.70289,19.6986,19.22311,0.5411517
20.12217,17.99808,17.00855,16.56178,16.20191,0.09472797
23.40284,23.67107,23.02487,21.30242,19.76029,0.9089525
23.27184,22.1636,20.49101,19.6342,19.42777,0.4645005
19.74201,18.23202,17.52461,17.13226,16.88253,0.07939447
25.12999,22.64082,20.99123,19.95284,19.64399,0.4728638
24.50297,22.72683,20.8793,19.73347,19.11835,0.5670117
21.294,20.56201,19.60564,19.24621,18.84199,0.3173756
20.23847,18.57831,17.5163,17.07185,16.72509,0.1742971
20.62547,18.67296,17.61434,17.13833,16.70341,0.1098635
22.38292,22.08554,20.63924,19.73351,19.47531,0.4325809
25.31487,21.97773,20.43033,19.48563,19.17756,0.5414792
25.42454,23.00929,21.20921,19.99926,19.50636,0.6182169
18.82803,17.45682,16.67091,16.27331,15.96897,0.1043048
25.4257,22.39346,20.80385,20.02137,19.53177,0.4389752
18.91995,17.15587,16.2956,15.87323,15.56049,0.069634
19.66814,17.79933,16.81479,16.38557,15.99726,0.1097428
23.29355,20.43979,18.66933,17.97861,17.45597,0.2487658
25.00654,21.77564,20.11295,19.30586,18.9466,0.4453439
21.64836,21.25642,20.41119,19.56931,19.42307,0.6499814
25.87347,23.09764,21.01854,19.96061,19.34515,0.5277852
22.09308,21.33104,19.54246,18.55216,17.95402,0.5435808
25.13092,20.32737,18.73125,18.12668,17.78947,0.3224409
19.76779,17.93275,16.95161,16.46936,16.09672,0.1178295
22.50861,19.6799,18.13349,17.59715,17.28271,0.2636887
16.80783,15.63798,15.12933,14.87498,14.66375,0.02116951
24.93796,24.03014,21.86219,20.59455,19.85858,0.7021279
18.78979,17.4279,16.68736,16.28967,15.9906,0.1129216
24.15358,21.96094,20.20253,19.17141,18.77405,0.5506772
21.85702,21.03862,19.28748,18.69323,18.33835,0.3068462
24.20382,21.11145,19.31952,18.38714,17.96399,0.4773845
21.79825,20.48721,18.68719,18.09379,17.68466,0.3310215
20.39695,18.44124,17.32392,16.87984,16.52905,0.1469086
22.50459,21.41134,20.47651,19.49712,19.19021,0.619608
24.78125,22.13854,20.53309,19.3583,18.92032,0.60517
24.14838,21.51712,19.55683,18.88255,18.5611,0.4125253
19.09858,18.12023,17.7513,17.5047,17.39699,0.1083459
22.77379,21.55164,19.76537,18.9498,18.4915,0.4506966
19.61232,17.95846,17.03537,16.44825,16.03175,0.06284955
22.47689,20.45166,18.86759,18.14076,17.6887,0.2606092
22.00565,19.90524,18.34465,17.75222,17.39813,0.2747744
25.2477,21.36934,19.55466,18.86254,18.40541,0.4186307
22.14464,21.11641,19.31859,18.64729,18.22855,0.4020069
23.92634,22.49806,20.96281,20.05708,19.72078,0.5267377
22.27252,21.42118,20.74433,19.76431,19.49387,0.7132649
23.34827,21.62947,20.24936,19.38618,18.95488,0.437872
23.14023,22.23798,20.90335,19.9535,19.62762,0.5668888
26.38953,20.94737,19.11162,18.36302,17.89128,0.2698921
23.79347,22.00699,20.46809,19.51666,19.10051,0.5637426
22.10712,22.06764,20.62421,19.43022,19.13598,0.6518193
19.69543,17.65656,16.6272,16.18556,15.80273,0.1066633
22.42883,20.36492,18.75263,18.17017,17.7319,0.2988859
19.86753,17.80823,16.84909,16.41639,16.09822,0.07904545
20.29398,18.64416,17.39869,16.82288,16.51388,0.2149753
18.9642,17.55003,16.78778,16.40694,16.09811,0.09864474
16.71803,15.21995,14.5131,14.12653,13.82457,0.04072757
20.07817,18.46491,17.54193,17.04222,16.6031,0.03562801
23.82295,22.23192,20.49,19.58626,19.14841,0.4292274
23.95759,22.90809,21.37539,20.24249,19.64243,0.5922922
23.53283,20.7239,19.22223,18.67263,18.29592,0.2643481
22.31119,20.28179,18.87015,18.24261,17.72549,0.2284947
25.33652,21.94973,20.34371,19.41972,18.86775,0.5621025
17.43006,16.51469,16.14244,15.97166,15.87445,0.01256517
19.16196,17.60471,16.87734,16.43857,16.12397,0.05720931
22.66559,21.13818,19.34219,18.66674,18.28741,0.4132406
20.05486,18.30994,17.45292,17.03095,16.65802,0.08582384
24.6346,22.44742,20.58896,19.64432,19.96321,0.4775251
19.77685,22.58393,16.95024,16.52464,16.20805,0.1129591
25.53129,22.29437,20.80162,19.74008,19.15933,0.5730841
22.60884,20.65218,18.98325,18.30372,17.83749,0.4179749
24.00497,22.37315,20.95291,19.79468,19.4513,0.5635492
22.26448,18.59119,16.7643,16.2035,15.95576,0.2183411
25.76849,22.09875,20.36672,19.337,19.02775,0.5395322
19.44779,18.01105,17.22952,16.78905,16.49509,0.1037369
22.53574,20.54838,19.80543,18.95479,18.60027,0.1906617
19.51475,17.90289,17.00141,16.51311,16.14276,0.1239187
20.66591,18.71153,17.66323,17.15808,16.81683,0.1534227
23.24628,21.24275,19.42011,18.70773,18.34061,0.3824632
22.54963,22.08773,21.78704,21.82773,21.67182,0.07529353
25.35538,22.6201,20.50091,19.63766,18.97321,0.3565077
19.99581,18.14796,17.15374,16.6712,16.32379,0.1363603
24.67338,23.212,21.5177,20.39824,19.66756,0.617577
20.26455,18.48958,17.39704,16.85792,16.41729,0.1240448
23.54725,21.7617,19.85968,19.00904,18.63318,0.4564273
23.28459,21.31,19.63228,18.72495,18.28246,0.5069818
18.83555,17.70695,17.19999,16.93923,16.75463,0.03704568
19.84097,18.44091,17.57873,17.14186,16.82488,0.1500525
20.80977,18.56786,17.46533,16.96419,16.55496,0.1082025
20.09589,18.06123,17.07205,16.60999,16.23597,0.09231034
20.9018,18.76364,17.65401,17.17408,16.76371,0.1089382
23.01683,21.9976,20.21854,19.36888,18.84623,0.4775961
21.23678,19.04148,17.81348,17.30982,16.9498,0.1819725
22.05245,21.25165,21.19321,21.20204,21.07732,0.02559261
19.95936,17.88174,16.80249,16.33021,15.96203,0.1230624
26.56758,22.06672,20.49812,19.69321,19.06674,0.4934241
23.52368,22.03299,20.74995,19.96242,19.46797,0.4884055
25.06365,22.19372,20.49071,19.58146,19.20223,0.4974677
19.56445,18.11848,17.28753,16.84783,16.51617,0.08381205
22.67731,20.59687,18.91657,18.32565,17.98229,0.3491707
19.7191,17.8544,16.86724,16.3165,15.87208,0.09570773
24.75484,20.79863,19.00393,18.38653,17.91039,0.3862832
26.3843,22.33696,20.82795,19.79338,19.2629,0.5946575
24.99332,21.85583,19.53389,18.89713,18.54878,0.4023878
20.54562,18.36706,17.20677,16.70583,16.31277,0.1737119
23.71663,21.27415,19.51735,18.78959,18.30482,0.4080476
21.48924,20.59146,19.47875,18.94037,18.47466,0.2985746
15.99634,15.00559,14.67482,14.48327,14.33196,0.02467782
24.6699,23.10349,21.32155,20.28018,19.81577,0.5448424
26.12201,21.38847,19.61152,18.57551,18.24614,0.5271432
24.82673,22.72249,20.8968,19.67096,18.98824,0.7349135
19.86773,17.77314,16.56558,16.07451,15.6529,0.1270235
26.4769,21.99238,20.73312,19.84431,19.47068,0.5496438
25.40331,21.19318,19.39304,18.60593,18.25417,0.4285979
26.63295,22.4823,20.3776,19.41235,18.93662,0.4802369
19.78224,18.25114,17.42107,16.93015,16.59136,0.08876487
20.23073,18.33492,17.33034,16.79493,16.35452,0.07691295
23.88463,20.68724,19.00224,18.3392,17.98734,0.3007824
19.16551,17.86091,17.2424,16.90101,16.64377,0.09005839
22.9379,22.05916,20.91499,20.05713,19.81976,0.6104717
20.91039,18.87358,17.68516,17.19018,16.83731,0.1640238
22.57364,21.82147,20.29822,19.42844,18.91167,0.525956
18.17672,17.0105,16.41779,16.03847,15.84439,0.08418034
20.21545,18.22907,17.24111,16.80956,16.44768,0.1011152
23.42827,22.95166,21.25063,20.13576,19.48368,0.5938694
20.0074,18.59551,17.54247,17.01444,16.63567,0.1517175
20.02941,17.99358,16.86147,16.43014,16.06133,0.1336992
24.64098,20.96757,19.28152,18.6165,18.16714,0.4143864
23.80613,22.28008,20.48875,19.65909,19.187,0.5023172
23.1475,21.88815,20.69714,19.90269,19.40574,0.4244136
22.19843,20.27503,19.03762,18.5426,18.14996,0.1722772
22.37288,23.45432,20.9373,19.78873,19.29854,0.6212375
21.80346,20.37548,18.61917,18.01645,17.65047,0.3085838
19.58979,17.79476,16.9007,16.5241,16.19501,0.08797361
22.53086,22.28208,21.72855,21.84846,21.82095,0.2545637
22.89664,23.50305,20.69769,19.35293,18.94076,0.6806678
18.98468,17.7908,17.13021,16.76844,16.51807,0.1241683
19.87059,18.52221,17.78906,17.3443,17.01619,0.132542
22.83924,21.54146,20.60579,19.84615,19.5549,0.5502229
23.1067,21.18427,19.55018,18.53735,17.97443,0.5001363
19.67696,18.31332,17.60079,17.17245,16.91692,0.1123768
22.27369,20.26718,18.67084,18.03709,17.60717,0.312704
18.54628,17.47075,16.91648,16.55429,16.32212,0.07993885
23.50387,23.00434,21.10381,20.0507,19.53847,0.5326015
26.1154,22.51428,20.56636,19.59555,19.26737,0.544652
19.63557,17.79171,16.7188,16.21723,15.80283,0.1214138
17.4856,16.38586,15.83637,15.56521,15.31538,0.0246773
21.76707,19.88023,18.25661,17.66883,17.35677,0.3062856
20.05325,18.61827,17.65111,17.14756,16.82845,0.1876723
19.03296,17.76742,17.25355,16.94556,16.73755,0.06243732
22.13822,22.11478,20.82532,19.91089,19.41004,0.6880528
19.80528,17.54724,16.38894,15.91092,15.52317,0.1449848
23.53549,22.68227,21.24519,19.85849,19.11613,0.5994335
23.12115,21.36141,19.72864,18.83303,18.28579,0.4878167
19.35755,18.15058,17.64702,17.31614,17.15069,0.06250302
22.43929,21.69402,20.66717,19.73861,19.82479,0.5897115
19.03734,17.05925,15.99245,15.40229,14.87896,0.06978896
22.07437,21.04954,20.84007,20.51174,20.25709,0.09351349
23.30934,22.61721,20.9352,19.85209,19.39145,0.5388542
23.27868,23.00264,21.03601,20.1121,19.68566,0.5058247
18.87796,17.05925,16.08704,15.60965,15.23699,0.08891901
20.60093,18.54447,17.12322,16.56374,16.15893,0.1973456
21.28378,19.07458,17.71605,17.17894,16.8461,0.2183268
22.58812,21.69583,20.31409,19.25563,18.69739,0.5533459
26.08509,22.74565,20.83771,19.84271,19.20423,0.6516913
26.23023,22.76298,20.84571,19.73862,20.14048,0.5731882
26.33312,22.52402,20.77515,19.51361,18.88482,0.5982087
20.92555,18.75132,17.49603,17.04067,16.63767,0.1830468
20.45427,18.52238,17.3641,16.89591,16.58515,0.1662008
18.92224,17.85688,17.34534,16.99223,16.82398,0.08523381
22.78858,22.23691,21.02412,20.07154,19.58954,0.6134769
19.54669,17.67115,16.73791,16.32484,15.983,0.08106378
19.36532,18.01295,17.40448,17.07568,16.82628,0.08379089
24.74368,22.63389,20.96459,19.90235,19.4277,0.5323206
19.09637,17.18537,16.2867,15.8688,15.55675,0.06992126
19.60378,17.64143,16.59662,16.16231,15.80176,0.1248171
24.77631,22.48965,21.07907,20.17562,19.70256,0.4942706
18.77043,17.22419,16.26835,15.79985,15.453,0.1207493
19.49247,18.27186,17.67336,17.29617,17.17969,0.09667717
22.24228,20.46897,19.51831,19.06983,18.83597,0.1419441
24.68543,22.21074,21.03662,20.11955,19.89117,0.5334054
19.60486,17.91496,17.05623,16.5504,16.21727,0.08177026
25.61408,22.22512,20.63919,19.74553,19.49786,0.505302
19.96893,18.35426,17.40435,16.92932,16.61625,0.1525665
24.63079,22.29762,20.7573,19.53502,19.17025,0.7348847
23.52683,20.77774,19.02706,18.44499,18.02259,0.3660679
17.94364,16.67429,16.26128,16.08154,15.91065,0.014409
22.32614,20.79285,19.04015,18.34389,17.88397,0.4177796
18.99123,17.8234,17.20703,16.8673,16.68545,0.09710925
22.77873,21.47277,19.76959,18.97674,18.63511,0.4328768
22.29694,21.92102,20.83323,19.88804,19.35283,0.5961368
20.42738,18.47581,17.358,16.90339,16.48558,0.1449203
22.81596,22.50639,20.82222,19.87292,19.2865,0.6337894
25.8575,22.05903,20.67962,19.57221,19.13156,0.6023147
25.88097,22.64774,21.0756,20.04939,19.30302,0.5801794
22.01645,21.45061,20.8392,20.15256,19.59288,0.7744141
18.63537,17.26491,16.63915,16.2854,16.00133,0.04057939
18.66101,17.64727,17.30095,17.08455,16.93345,0.03107045
25.581,22.08799,20.28667,19.30276,18.91593,0.6036486
22.30812,22.03049,20.52421,19.44898,19.08501,0.5049023
22.24648,19.62209,18.05187,17.47741,17.14153,0.2706905
25.19258,22.3023,20.78179,19.89646,19.5563,0.5366938
20.28443,18.41,17.38201,16.98245,16.63604,0.1087512
22.65623,21.62044,19.92152,18.89577,18.36437,0.5370519
18.1781,16.13568,15.28753,14.89827,14.56479,0.06063098
20.5424,18.51054,17.49443,16.97732,16.57528,0.05942294
25.46287,22.08858,20.44127,19.50169,19.07715,0.4796105
22.69324,20.66296,18.86373,18.16484,17.70471,0.4065158
25.30764,23.51436,22.16446,21.02493,19.97962,0.8783004
20.8727,18.77704,17.60261,17.13194,16.7717,0.1630133
22.89127,20.59739,18.73776,18.06609,17.66643,0.3721808
21.75784,20.57336,18.79693,18.11201,17.70127,0.3740489
18.97383,17.79458,17.09617,16.67336,16.45434,0.1412614
22.73756,21.43173,20.24953,19.11459,18.56574,0.5944419
20.02712,18.22587,17.44646,17.11136,16.85075,0.08073365
20.41534,18.29124,17.13286,16.6292,16.28828,0.1693521
19.88163,18.02984,17.13031,16.70833,16.39182,0.0786298
18.67662,16.78948,15.88649,15.44018,15.11066,0.05522951
22.87671,22.48893,21.17366,20.0011,19.31774,0.6550753
18.84396,17.81626,17.4389,17.13976,17.06807,0.08352541
24.42513,22.16076,20.49944,19.52196,18.99808,0.5734321
26.27442,22.35891,20.4571,19.63525,18.96812,0.4211572
23.56043,21.44225,20.21359,19.24138,18.84492,0.6423252
21.17235,21.109,19.40388,18.55602,17.98128,0.4814532
19.72847,17.79611,16.79058,16.36676,15.99396,0.1174849
22.53058,20.15744,18.47066,17.8646,17.53534,0.297104
20.15386,18.11424,17.12681,16.6812,16.3621,0.1047276
21.5459,20.84861,20.44254,20.07825,19.74209,0.2403526
23.76081,20.80585,18.9315,18.32514,17.93287,0.3553091
24.7501,21.4009,19.62243,18.68327,18.16035,0.4965443
24.94999,21.93492,20.16415,19.3593,19.02981,0.4818061
25.43549,22.70583,20.74505,19.98475,19.59058,0.4194055
23.32796,21.91544,20.90902,19.94026,19.40822,0.6602328
25.63138,22.30503,20.78139,19.92544,19.15036,0.3584847
19.02322,17.6263,16.95675,16.56591,16.30904,0.06194033
25.53633,23.03274,21.2461,20.11333,19.78794,0.5283113
20.29989,18.52521,17.55817,17.12895,16.75348,0.1287708
22.5291,21.79931,20.49031,19.65377,19.09866,0.4387605
23.55974,23.32538,20.98124,19.91051,18.82041,0.8014514
25.43534,22.8668,21.12048,19.96257,19.45676,0.5575291
26.56698,23.59633,21.19086,20.00193,19.34663,0.7290429
24.65817,21.15089,19.19152,18.61016,18.26878,0.3634112
23.16391,22.97891,21.07402,19.94631,19.49076,0.6261401
19.14835,17.36427,16.41993,15.92586,15.63115,0.1510564
20.5123,18.47113,17.41422,16.9849,16.62894,0.1415318
24.6528,21.76668,20.02279,19.20781,18.81733,0.4723072
24.66829,22.73111,20.9875,19.80264,19.20247,0.5336509
18.3271,17.11525,16.51097,16.22396,15.95873,0.02165733
25.42458,22.04999,20.61702,19.62755,19.21313,0.5099716
21.36158,18.94502,17.83106,17.37803,17.01464,0.1413676
20.28443,18.41,17.38201,16.98245,16.63604,0.1087997
24.94516,21.7368,19.90385,19.03986,18.50888,0.4672476
23.41825,21.48536,19.83397,19.21574,18.70753,0.3824852
20.97416,19.31518,17.91444,17.31392,16.87975,0.2559467
23.65555,21.32072,19.45325,18.71365,18.26877,0.41252
23.26473,22.60487,21.48083,20.41491,19.74869,0.7296572
25.13119,20.4733,19.74303,18.99504,18.79589,0.1659585
20.90088,19.57321,19.06215,18.81367,18.49092,0.00590554
20.64325,18.8592,17.68066,17.13545,16.74739,0.161837
20.7268,18.75263,17.68807,17.20967,16.84038,0.1373666
22.56813,21.45034,19.77421,19.20329,18.7567,0.2959733
24.79415,22.20092,20.75842,19.86234,19.54277,0.4801478
22.72066,21.72332,19.74191,19.07177,18.53053,0.3741374
22.25628,22.69157,20.86724,19.92722,19.26631,0.5236672
23.24463,21.08684,19.20279,18.57922,18.13337,0.3842821
18.89005,17.02276,16.05274,15.63472,15.27854,0.1091233
23.52799,21.68452,20.4505,19.59887,19.17326,0.5514681
20.78792,18.50834,17.47951,16.95743,16.64347,0.1780361
22.05091,21.38617,20.49897,19.60483,19.07553,0.6753926
24.04706,20.99063,19.26246,18.60524,18.13067,0.3572153
26.19479,21.42112,19.78113,18.99034,18.4742,0.4370641
20.47528,18.49611,17.46421,17.03007,16.689,0.1242625
22.55617,21.82987,20.27396,19.34441,18.83709,0.5263494
20.24091,18.27391,17.17546,16.70025,16.35797,0.1409033
21.16863,21.15467,19.26993,18.39785,17.93256,0.4731022
25.01002,22.71728,21.02929,19.48732,18.8822,0.6926736
20.98819,20.37767,19.83052,19.62064,19.19255,0.2789607
22.71455,19.66482,18.18694,17.61009,17.27143,0.2697476
25.08416,24.73318,21.53492,20.23125,19.76592,0.8003693
19.98297,18.34333,17.44839,17.01683,16.69299,0.1075322
22.89973,21.16836,19.65411,19.16011,18.77739,0.2919345
16.83933,16.03418,15.80901,15.51289,15.45633,0.06727993
22.40172,22.12109,20.48517,19.50922,18.96529,0.6220529
24.64422,22.98931,21.35931,20.35421,19.75212,0.5526991
23.32599,20.90906,19.09632,18.44979,18.0774,0.3449101
24.59949,21.81544,20.30519,19.18724,18.69796,0.5671579
23.496,22.0945,20.47618,19.49987,19.07555,0.5368676
22.43781,22.06266,20.79095,19.80921,19.29721,0.5762368
24.22619,22.76894,20.93768,19.87928,19.33939,0.5577012
23.05394,21.75641,20.52658,19.56009,19.28261,0.6173275
24.00061,22.01353,20.2198,19.34777,18.94978,0.485422
22.8298,20.69361,18.85564,18.25325,17.85629,0.3557079
25.09477,22.63052,21.39813,20.31162,19.84762,0.7131792
18.52283,17.47162,17.06859,16.73775,16.59613,0.06840149
21.12585,18.97368,17.75036,17.21331,16.84662,0.1533327
21.84204,21.39643,20.71159,19.74753,19.27753,0.6909794
22.87073,22.67348,20.63449,19.44235,19.08441,0.6206988
20.05712,17.9914,16.88354,16.39359,15.98179,0.1460885
21.61633,19.5981,18.19565,17.6229,17.24787,0.225269
18.65354,17.66256,17.30053,17.07982,16.92228,0.02998727
22.69717,22.09178,20.98904,20.04855,19.2867,0.6617714
20.46117,18.51612,17.43754,16.99019,16.79191,0.1320546
23.54021,21.27566,19.39353,18.58222,18.13783,0.4673474
24.48568,22.50158,20.59636,19.62635,19.07891,0.519389
19.68356,18.96537,18.8159,18.64486,18.60468,0.08372504
25.54973,22.74422,21.23887,20.12698,19.29795,0.6541076
26.2126,20.30524,18.60429,17.94381,17.58612,0.380475
23.92672,22.74404,20.37573,19.47145,18.99677,0.4320447
26.28098,21.96855,20.37054,19.34625,18.84943,0.5408632
20.09486,18.80486,17.69781,17.14795,16.85821,0.2428103
19.15702,17.31527,16.40781,16.0107,15.67958,0.0918715
22.02506,21.3288,20.35143,19.66545,19.18643,0.1878303
19.56461,17.513,16.45141,15.98967,15.57115,0.1155608
25.42719,20.21936,18.50245,17.92572,17.5195,0.3168553
20.63609,19.74148,18.71725,18.18424,17.84886,0.2130601
22.91994,22.88905,21.06172,20.06043,19.656,0.5229199
21.28369,19.28901,17.83885,17.3233,16.91911,0.2482417
26.40312,21.27391,20.16319,19.41481,18.9081,0.2873926
23.51545,23.05912,21.44121,20.16239,19.55417,0.6528303
19.48822,17.8001,16.84131,16.39425,16.01081,0.09986885
20.49879,19.35205,18.2812,17.80502,17.52061,0.2495913
24.86859,22.60496,21.01929,19.92271,19.4732,0.6182596
18.98473,17.06078,16.08728,15.6298,15.27858,0.09280098
23.69407,21.99351,20.41834,19.60562,19.23467,0.4812348
20.48207,18.17648,16.99444,16.52944,16.19083,0.1666557
19.70301,18.00807,17.25728,16.81587,16.54082,0.07355024
19.67409,17.64368,16.50429,16.01491,15.65243,0.1459884
23.18224,20.61836,18.91213,18.28872,17.9821,0.3052535
25.29422,20.80683,18.95114,18.37317,17.9285,0.4072199
20.41264,18.33553,17.30127,16.85376,16.47247,0.09759542
25.90557,21.98595,20.28578,19.41168,18.89838,0.4440891
25.86505,23.74477,21.93055,20.5701,19.59221,0.8141954
20.01231,18.27888,17.35994,16.84805,16.46231,0.084496
20.06858,18.12838,17.26738,16.88113,16.57757,0.04358594
19.55854,17.79595,16.80951,16.33778,15.94787,0.1182539
24.18298,22.04591,20.27169,19.3506,18.80519,0.5033453
18.33359,16.96721,16.26532,15.81395,15.54841,0.07779116
22.21335,20.46475,18.63328,17.92928,17.46073,0.4487141
24.76681,23.71064,21.2951,20.25909,19.62745,0.4755156
22.81202,21.79479,20.08334,19.10092,18.5597,0.5604815
20.23281,18.39184,17.4986,17.07463,16.77439,0.08439285
22.01785,19.84822,18.22056,17.66813,17.31203,0.3099247
24.52528,22.36181,20.41251,19.51901,19.48645,0.4142999
24.62231,22.20378,20.58551,19.60221,18.88459,0.5473328
18.85666,17.66109,17.03763,16.57114,16.35331,0.1258487
20.93667,19.03609,17.71432,17.20314,16.82887,0.1914562
22.22275,24.18042,20.89604,19.48427,18.86172,0.6826102
20.02577,18.27864,17.33988,16.92158,16.57608,0.1573012
19.96051,18.36495,17.50465,17.05021,16.74689,0.06260604
25.26326,23.05608,21.59741,20.4153,20.25835,0.6275775
26.56533,22.89847,21.27588,20.19717,19.50718,0.5802953
24.36413,22.41977,20.83766,19.72453,19.32816,0.6085007
21.70496,20.02503,18.42392,17.88948,17.48556,0.3391577
20.1773,18.17599,17.12598,16.68222,16.26366,0.1112277
23.32107,21.92554,20.68416,20.07146,19.493,0.3385271
22.61282,21.42189,20.93767,19.76434,19.5638,0.7740284
22.47146,20.73811,18.82994,18.20278,17.8119,0.3343906
23.29666,20.89381,19.25238,18.46963,18.03996,0.4219235
20.26816,18.37892,17.45658,17.05105,16.69404,0.09421431
23.31047,20.93596,19.16474,18.52946,18.04991,0.3684626
25.09945,22.58175,21.16747,19.71874,19.26196,0.7085471
23.57225,20.94312,19.00704,18.29931,17.93718,0.33043
18.57133,17.59801,17.22192,16.89889,16.75501,0.06575967
23.62196,22.53466,20.82566,19.74141,19.28989,0.5963752
21.38305,19.27293,17.91116,17.40545,17.1041,0.2238009
19.31509,17.71877,16.92363,16.48151,16.13138,0.08101931
24.2203,22.26336,20.31164,19.51585,19.12605,0.4435721
19.72925,18.51637,17.73162,17.2344,16.96444,0.09577672
22.36923,21.66972,20.76241,19.89537,19.73699,0.5530084
22.80243,21.08112,19.97617,19.3665,18.93903,0.5314836
23.88476,22.98395,21.07856,20.04576,19.28806,0.5351947
23.14902,22.46445,21.02784,20.00974,19.65631,0.5867454
19.86766,18.03146,17.13666,16.71675,16.40124,0.1147968
23.92871,22.54867,20.74543,19.55258,18.85297,0.620923
19.89791,18.1014,17.31701,16.94704,16.64083,0.03989178
19.66365,18.4543,17.90289,17.52744,17.36845,0.0637805
22.26527,21.09295,20.36952,19.99765,19.60489,0.1591475
19.96474,18.01162,17.00567,16.57024,16.22027,0.1264844
19.61113,17.73308,16.76023,16.29511,15.94822,0.1328858
23.90575,20.80157,19.08409,18.46324,18.0778,0.3340261
23.52542,22.29458,20.75179,19.70352,19.31606,0.5679095
19.4958,17.72383,16.76539,16.29434,15.91057,0.08788187
25.32094,23.85117,21.47588,20.32788,19.34608,0.6921389
22.98352,21.89169,19.79898,18.90756,18.58402,0.4715777
23.44219,21.04613,19.31847,18.55285,18.09371,0.4418333
22.42445,22.23272,21.84594,21.83035,24.11176,0.2964
19.94406,18.48964,17.67619,17.2537,16.94309,0.1286687
20.07746,18.18532,17.1903,16.6842,16.3175,0.08496289
20.42591,18.46594,17.52673,17.09941,16.79493,0.103075
18.63043,17.52052,17.03835,16.77309,16.59137,0.02660651
18.70708,17.60463,17.02781,16.70284,16.48947,0.1595429
20.12347,18.42008,17.39568,16.95195,16.66427,0.1933081
22.59016,21.67334,20.48626,19.55444,19.13161,0.625591
22.11375,19.86823,18.34189,17.76625,17.43381,0.2754921
21.03269,18.92961,17.70299,17.16309,16.80335,0.1533363
20.13482,18.42679,17.24904,16.74755,16.38714,0.2028511
23.32873,22.08774,20.28208,19.31517,18.7616,0.5168298
20.67447,18.52716,17.51278,17.07468,16.74771,0.1305317
19.98005,18.01631,16.8985,16.41998,16.02845,0.143511
19.56028,17.7614,16.84618,16.35376,15.95633,0.05608389
20.02071,17.76465,16.68529,16.11123,15.66649,0.07671305
18.64145,16.99837,16.19786,15.68261,15.33547,0.07959692
19.83821,17.75297,16.69404,16.25716,15.86833,0.1175458
23.30488,21.65946,20.28142,19.48694,19.00111,0.543179
19.22252,17.7873,17.37828,17.07773,16.96017,0.0473381
20.365,18.29218,17.12443,16.66492,16.25781,0.1500745
23.22593,22.02642,20.57453,19.53668,19.04089,0.6541355
22.82159,20.2469,18.60569,17.99101,17.48561,0.290174
24.9225,22.1478,20.35253,19.44981,18.93197,0.4951827
19.20045,18.17965,17.82482,17.48602,17.3702,0.06703886
21.47571,20.72273,19.66974,19.23792,18.83814,0.3192511
23.54886,23.18974,20.93601,19.72133,19.05763,0.7037174
23.87846,20.71628,18.90394,18.23135,17.86502,0.3715835
23.49887,22.42115,20.55951,19.62104,19.12416,0.4890926
18.46958,17.21156,16.72892,16.44373,16.31273,0.03893944
19.81369,18.47178,17.77736,17.47415,17.34198,0.14038
23.92983,22.09211,20.87772,19.94965,19.50433,0.4167956
25.00183,22.01752,20.26957,19.39919,18.932,0.4975331
19.11805,17.96643,17.47935,17.11852,16.97849,0.0776929
23.99635,21.56816,20.55985,19.75933,19.47494,0.5933124
20.2577,18.17106,17.21996,16.78368,16.41434,0.08488708
19.90129,18.05186,17.10286,16.7123,16.33261,0.1120551
24.15438,22.39928,20.98268,19.78073,19.29134,0.6094683
19.40137,17.54683,16.43176,15.97004,15.62302,0.1512106
18.87085,17.56393,16.93974,16.5839,16.34306,0.08389232
24.95364,23.4938,21.74844,20.71898,19.95649,0.5432592
21.66138,19.79773,18.25348,17.67192,17.28662,0.265101
24.74193,23.14684,21.43927,20.69652,19.93642,0.4789197
19.57211,17.81952,16.88703,16.42041,16.05885,0.141542
25.62641,21.97963,20.20292,19.20913,18.66032,0.5212462
23.08337,23.8732,22.00618,21.02846,20.14355,0.7354904
20.0124,17.95769,16.96951,16.52868,16.15381,0.09227359
22.70215,21.08413,19.35589,18.70187,18.23371,0.4241273
24.7634,22.42771,20.39894,19.13509,18.3893,0.6737068
23.82097,22.28893,20.62219,19.64329,19.47567,0.5259631
21.82078,19.68833,18.10246,17.52851,17.16259,0.2826236
19.86417,18.30961,17.57647,17.18572,16.88454,0.1622948
19.44392,18.03236,17.4294,17.09789,16.95759,0.08120644
25.9381,22.16043,20.33315,19.37398,18.82602,0.5461322
21.46009,20.67892,20.60226,19.67392,19.45439,0.1948879
23.34223,21.87389,20.35808,19.29879,18.84709,0.5390631
23.37255,20.61467,18.81714,17.7805,17.33784,0.4971964
19.39175,18.05784,17.48138,17.15314,17.01118,0.05804821
23.53262,21.43976,19.62873,18.88741,18.62602,0.3897944
21.09015,19.25519,17.98282,17.43879,16.97338,0.1978518
22.71886,22.15131,20.76728,19.8851,19.55694,0.5911322
20.12702,18.19928,17.26356,16.84255,16.50154,0.08585291
23.75277,22.45604,20.65944,19.56698,19.17872,0.5727917
24.88949,21.20471,19.91832,19.1489,18.56421,0.5414953
22.10343,22.66053,20.57369,19.52854,18.91032,0.6156318
24.69611,22.29438,20.58482,19.57453,19.25928,0.5463965
21.95543,19.37272,18.03839,17.44549,16.99427,0.1912107
25.64795,21.54705,19.78847,19.05637,18.63807,0.4045933
23.54917,22.27158,20.34462,19.45238,18.88671,0.548538
24.42513,22.74405,20.92645,19.81327,19.51434,0.5707261
22.29974,20.91541,19.21465,18.47796,18.06855,0.4202718
18.6364,16.73403,15.80514,15.37791,15.02048,0.08147745
19.21392,17.17896,16.20582,15.76118,15.41096,0.08484658
17.83931,16.75133,16.18841,15.63929,15.51962,0.1060468
24.65227,22.0893,20.19313,19.2436,18.80854,0.5163358
25.36002,21.96635,20.30235,19.47184,19.02905,0.4559284
19.90579,18.45983,17.65546,17.14828,16.82989,0.1403434
22.31194,21.5968,20.13982,19.22428,18.6475,0.5066897
18.72805,17.50138,16.792,16.3379,16.08153,0.139625
21.05271,18.71432,17.45385,16.92176,16.51579,0.1595718
22.37915,20.73467,18.9511,18.39928,18.06817,0.3884631
19.79332,18.38058,17.48011,17.04949,16.74982,0.1557134
23.34,21.82472,20.03881,18.90881,18.50146,0.546482
24.87059,21.5235,19.63682,18.82382,18.39508,0.4707759
19.43067,18.18763,17.63623,17.26962,17.04553,0.08362874
23.70339,22.32116,20.51152,19.49066,19.00683,0.5758592
19.71779,18.0676,17.16171,16.72647,16.40127,0.08257712
24.85627,23.15532,21.09842,20.02469,19.75688,0.5511034
25.61227,22.56025,21.1891,20.362,19.57918,0.4910765
20.07587,18.26007,17.35042,16.91698,16.57519,0.07756807
23.50352,23.76786,20.7706,19.59476,19.3239,0.5597475
24.97878,20.71595,18.83992,18.05069,17.5563,0.4593252
21.0819,19.11835,17.78936,17.2846,16.89806,0.215098
20.37709,18.72103,17.88305,17.35249,16.96173,0.07505435
25.42694,21.41286,19.88111,18.87346,18.3703,0.4643027
23.66931,23.45098,21.61453,20.57174,19.89964,0.5967515
24.66583,22.6862,21.39669,20.13214,19.99399,0.7022215
22.34075,20.12473,18.4501,17.8251,17.43549,0.3218266
25.09749,22.00616,20.24944,19.32041,18.80665,0.5227909
24.58719,21.54636,20.38474,19.37653,18.88268,0.5379029
18.68387,16.66755,15.65238,15.21429,14.87242,0.1109592
26.28025,21.32644,19.55495,18.77009,18.32654,0.4405807
26.10171,22.01856,20.25936,19.27362,18.90433,0.5367347
24.72514,21.30044,19.63847,18.75998,18.38816,0.5016627
21.29702,19.09008,17.76388,17.25887,16.93337,0.2177698
26.48572,21.88837,20.13287,19.32001,18.86767,0.447502
26.42992,22.6566,21.45433,20.39821,19.70583,0.547927
19.74133,17.87516,16.95297,16.33018,16.18719,0.07423184
26.17754,23.25089,21.08095,19.99832,19.53603,0.571421
23.73343,21.65253,21.40361,21.26219,21.25911,0.08634903
20.4946,18.55262,17.37669,16.91443,16.53951,0.1521055
21.25848,18.96605,17.67552,17.11589,16.72255,0.1568074
25.99638,23.76999,21.75002,20.29918,19.7471,0.6350641
19.49668,17.49405,16.33042,15.85443,15.49128,0.1435746
20.26587,18.524,17.57492,17.12371,16.78569,0.1414202
20.39453,18.61154,17.70666,17.30901,16.96043,0.09482279
23.26558,22.42351,21.04482,20.01693,19.57774,0.6054653
24.93245,22.43007,21.0723,20.12228,19.84466,0.5233053
24.79934,21.47745,19.78942,18.92157,18.44578,0.5098103
24.51745,22.25485,20.45733,19.59881,19.09411,0.4733172
21.90541,20.67867,18.96135,18.14023,17.7301,0.4517015
24.12321,22.57891,20.81795,19.84112,19.55393,0.511172
20.02918,18.33846,17.37242,16.92134,16.56536,0.1115661
24.85143,22.23992,20.7465,19.82703,19.32015,0.5266984
20.77816,18.5781,17.47531,17.01741,16.66441,0.1416027
22.972,19.67165,18.16943,17.49685,17.2129,0.2149832
26.46449,22.56215,20.88763,19.79715,19.39433,0.4942639
20.60452,18.49993,17.41469,16.91935,16.54165,0.09664176
22.82142,21.78032,20.32798,19.44619,19.14504,0.5229005
19.02397,17.8075,17.33188,17.01379,16.87898,0.08289812
20.04287,19.1298,18.65858,18.30039,18.32855,0.1518118
21.04264,18.9146,17.56275,17.04585,16.70419,0.2179554
26.05835,22.11784,20.32735,19.48033,19.35983,0.6222377
18.92672,17.58181,16.84651,16.41765,16.10679,0.1076143
19.03502,17.96997,17.40329,17.09275,16.93991,0.1219532
25.57702,21.89711,20.85364,19.9946,19.60147,0.6512799
25.97873,21.59583,19.84433,18.9857,18.49592,0.4344812
23.34649,22.53823,20.11415,19.12839,18.71048,0.5039591
20.92971,18.88029,17.69486,17.18995,16.78754,0.1411947
23.12108,20.79043,19.28817,18.62874,18.1149,0.2640132
22.94439,21.64934,20.27579,19.26343,18.84892,0.5431428
17.93974,16.69954,16.0599,15.71198,15.43392,0.03420196
22.956,20.85035,19.13078,18.40491,17.88151,0.4139488
23.79704,23.90879,22.13131,21.02489,20.26439,0.53276
25.59363,22.15888,20.63464,19.63966,19.12739,0.4615072
20.60352,18.3464,17.42187,17.0058,16.69867,0.08425681
22.54713,20.92478,19.14533,18.48055,18.0971,0.4281011
23.97437,22.35035,20.43685,19.26262,18.68519,0.5545617
24.69499,22.76301,21.55214,20.11443,19.86176,0.6220918
18.94601,17.41685,16.66702,16.26281,15.96437,0.09296996
19.57424,18.24929,17.52936,17.03744,16.82712,0.1532619
24.47069,21.49385,19.90405,19.01172,18.55992,0.4699552
20.23417,18.52544,17.59851,17.18117,16.85316,0.1148231
19.8903,17.98069,16.95534,16.50296,16.13959,0.110755
20.78489,18.64273,17.57999,17.14202,16.75022,0.1259925
24.83438,22.67924,20.99463,19.77121,19.31838,0.5431707
22.05242,20.83421,19.3154,18.79576,18.48446,0.343176
24.58783,22.48932,20.72939,19.69421,19.20207,0.4613486
18.18241,16.92507,16.32427,16.00392,15.80156,0.0622144
19.36793,18.14794,17.6286,17.29507,17.13655,0.08631471
19.55059,18.33645,17.6887,17.28232,17.01763,0.08462054
22.63819,22.70149,21.20633,20.01221,19.58703,0.7320275
25.66473,22.33419,20.61012,19.70421,19.20403,0.4955502
23.81573,22.69047,21.35308,20.18443,20.62642,0.5439013
19.26215,17.90981,17.47293,17.19244,16.97109,0.04112079
19.69037,18.47486,17.71393,17.22383,16.91332,0.1214288
20.32969,18.56818,17.62405,17.21364,16.88243,0.09570944
23.73998,21.94629,20.50636,19.64057,19.11274,0.4745784
23.34402,20.84765,19.19301,18.52614,18.15033,0.3759864
18.53446,17.48998,17.08956,16.80384,16.68015,0.04704352
22.8346,22.14064,21.11049,20.10097,19.67267,0.6350122
19.08424,17.06328,16.11103,15.68203,15.34887,0.08123758
22.63931,21.50328,20.23481,19.42879,18.94291,0.4878046
19.59973,17.95661,17.00133,16.53654,16.18098,0.1286088
20.23142,18.12874,17.03313,16.5648,16.17546,0.1288079
24.9041,22.44542,20.67487,19.89425,19.49701,0.4974361
21.87582,20.8648,19.05501,18.44992,18.01752,0.3301337
24.56394,23.03332,20.96029,20.02248,19.36542,0.5503575
25.46453,21.69692,20.11646,19.06945,18.6284,0.6145801
21.59093,21.37048,19.97887,19.0348,18.61472,0.5363479
22.70815,21.17277,19.36897,18.63885,18.21321,0.4186562
22.62439,22.52111,20.29126,19.13562,18.58946,0.5671068
20.79325,18.10685,16.95044,16.46297,16.01307,0.1700035
21.92749,19.81209,18.3093,17.74523,17.3474,0.2764267
20.60866,18.38768,17.28275,16.79556,16.44044,0.1489297
20.55073,18.31179,17.15488,16.68173,16.36182,0.1790835
19.17494,17.07563,16.08805,15.65566,15.30055,0.08911765
21.91917,20.08738,18.28334,17.60365,17.20965,0.4127016
23.72137,22.21639,20.55509,19.59495,19.11341,0.5617874
20.3625,18.59175,17.62105,17.21053,16.8543,0.1031543
20.93211,18.48272,17.38344,16.88325,16.52442,0.1359245
23.51818,19.86472,18.40592,17.75901,17.30606,0.2400616
25.49508,22.98964,21.65925,20.64366,19.95887,0.6733069
23.81115,22.73019,20.79045,19.64727,19.09796,0.5837911
22.7953,22.39377,20.39356,19.43523,18.93604,0.548134
22.14915,21.8575,20.16509,19.33022,18.88931,0.4519691
23.56273,21.6171,20.60448,19.51982,19.47173,0.7518106
21.59331,19.80559,18.15912,17.60301,17.20994,0.3598776
25.41393,23.53785,22.28114,20.77541,19.99044,0.7731331
22.29338,21.76978,21.06183,20.38462,20.24081,0.7175611
24.13095,22.28228,20.66024,19.56784,18.90986,0.5680113
22.86592,22.89527,21.09436,19.61956,19.26433,0.6762716
24.38444,21.90558,20.34352,19.5092,19.03887,0.5093996
22.52603,21.745,20.24657,19.4677,18.92561,0.4728953
23.36127,22.62408,21.68466,20.82385,19.9995,0.6547039
20.13707,18.34746,17.45578,16.97364,16.63526,0.1386086
26.49872,22.92595,21.13856,19.87311,19.39182,0.5528144
24.24972,21.93431,20.14669,19.30015,18.87886,0.4331249
15.98933,14.2079,13.42119,13.03327,12.76936,0.01868817
19.1623,17.63057,16.82836,16.44361,16.12837,0.1081437
17.41621,15.92606,15.16908,14.77125,14.49784,0.05405777
23.6958,22.93949,21.0743,20.06419,19.7565,0.5168315
25.92719,21.30951,19.35819,18.58818,18.08846,0.4309238
21.69356,18.71087,17.61394,17.1308,16.74727,0.1271783
23.95806,22.24801,20.6317,19.80243,19.4373,0.4227806
23.77172,23.36332,21.60777,20.50298,20.06726,0.8947793
23.86006,21.95588,20.45061,19.58673,19.02426,0.4810997
19.58327,17.68057,16.77472,16.37111,16.05916,0.07378664
22.87692,21.84637,20.86493,19.8606,19.36968,0.6981151
18.0929,16.91013,16.36212,16.05061,15.81887,0.0473946
23.02596,22.86273,20.85144,19.83349,19.33002,0.5494167
22.56759,22.01274,20.86928,19.95433,19.37924,0.5556945
23.5545,22.21947,20.46009,19.47771,18.90446,0.4984242
24.07305,22.27484,20.32861,19.46304,18.88658,0.5163983
19.64792,18.30525,17.63067,17.20288,16.91825,0.1147596
24.28684,22.61392,20.74185,19.70879,19.19805,0.5497423
23.56515,22.91504,21.6242,20.60177,19.91969,0.6915839
19.23226,17.74481,17.00006,16.56238,16.2852,0.05848505
20.35165,18.30174,17.23166,16.74921,16.36917,0.09921695
23.66517,22.30336,20.51539,19.48317,18.84156,0.5880945
21.24162,20.59112,19.74528,19.38753,19.03745,0.2698768
23.42301,20.82016,19.15943,18.49294,18.21351,0.3048073
20.14412,18.11518,17.16742,16.72124,16.39224,0.07644445
24.42755,22.12867,20.32501,19.48924,19.00152,0.4779144
22.14258,21.57719,20.252,19.46025,18.89832,0.4897014
21.07715,20.30633,19.39405,19.01791,18.88013,0.3281102
23.34117,22.43654,21.16647,20.09071,19.56161,0.8332286
23.0248,22.20398,20.35274,19.35193,18.81497,0.5894597
24.07445,22.54437,20.70516,19.68703,19.15393,0.5455373
20.55206,18.7173,17.55429,17.09924,16.78621,0.1791731
19.23447,17.64933,16.7892,16.37285,16.05259,0.1144305
19.60199,17.84068,16.93322,16.49035,16.16375,0.07961485
20.86828,18.75292,17.61875,17.14822,16.81958,0.1533564
21.73482,21.52808,20.04992,19.26023,18.71402,0.5401703
22.89317,21.702,19.69515,18.84541,18.47433,0.4566049
22.47931,20.91013,19.09332,18.37313,18.05309,0.3859602
20.73281,18.68253,17.69861,17.26708,16.92055,0.1064471
22.45409,21.43161,19.92351,19.23543,18.70323,0.4164993
19.36851,18.06758,17.49732,17.15374,16.93287,0.07538493
24.41106,22.5333,20.62891,19.65033,19.26508,0.5587084
23.36739,21.8937,20.41388,19.51005,19.03339,0.4976257
25.6615,21.51824,20.53079,19.20817,18.49444,0.6961817
18.35971,16.70074,15.93629,15.5736,15.31809,0.03126918
22.14585,21.25934,20.08925,19.22406,18.59465,0.6806954
25.93269,22.11422,20.33811,19.34982,18.96221,0.5159158
22.86747,21.75452,20.37994,19.31633,18.78306,0.7004715
22.2929,20.03309,18.88325,18.30306,17.92138,0.1788832
23.4357,21.20913,19.3665,18.69365,18.18129,0.4208925
18.93454,17.06873,16.17731,15.78159,15.4347,0.07315006
18.0294,17.15425,16.87729,16.61592,16.54666,0.06028418
22.73986,22.12473,21.3433,20.144,19.50644,0.6752812
23.84068,21.91967,20.46916,19.70364,19.22982,0.2620747
23.88424,21.92217,20.09447,19.25116,18.70765,0.5034322
21.3961,20.86406,19.50086,18.43847,18.01037,0.5312046
23.28821,22.4138,20.86805,19.86263,19.4726,0.5080589
24.22657,21.47198,19.82415,18.83481,18.32927,0.5518602
19.45567,18.33084,17.67185,17.30189,17.1365,0.04164413
26.69781,22.10117,20.37763,19.36702,18.89996,0.5381339
17.69436,16.30057,15.78662,15.51907,15.30988,0.0512229
19.93912,17.8107,16.61267,16.09981,15.69178,0.1280003
19.78658,17.95084,16.68502,16.15753,15.78001,0.1986997
19.03323,17.60569,16.86179,16.42779,16.1592,0.08563073
23.93047,21.95035,20.46682,19.62044,19.27466,0.4704948
19.57962,18.30709,17.61247,17.20088,16.92959,0.06107539
20.08685,18.17118,17.14613,16.71419,16.35205,0.135208
22.11852,20.1216,18.47015,17.85284,17.41169,0.2960227
25.756,22.4623,21.27437,19.788,19.26271,0.6945771
20.63079,18.75529,17.60595,17.1802,16.80404,0.1744577
26.01329,23.83463,21.91592,20.92784,20.03492,0.7052573
19.14597,17.54275,16.70823,16.24363,15.99854,0.05947632
24.22542,21.33795,20.29292,19.89828,19.3975,0.3069502
22.13081,21.94878,20.62485,19.80801,19.59682,0.6549296
20.23566,17.76197,16.88193,16.36619,15.98142,0.04778541
24.03416,21.18608,19.30331,18.69485,18.26537,0.4177543
23.77645,21.84762,19.86538,19.04758,18.72086,0.4671021
19.24397,17.4268,16.5997,16.21089,15.88904,0.04555152
18.75277,17.29045,16.54405,16.14278,15.82295,0.0487764
25.83327,20.60465,18.89377,18.1943,17.79363,0.4129247
23.94393,22.34153,20.52908,19.6071,18.98508,0.4939598
19.00992,17.14645,16.29424,15.90882,15.63426,0.08602201
24.99865,21.14968,19.16934,18.45308,18.11037,0.4143443
23.92371,21.73406,20.08393,19.29766,18.72423,0.4531616
24.86704,22.70751,20.77752,19.85027,19.4137,0.5403346
18.05787,17.19425,16.90374,16.76755,16.63035,0.0237703
23.89694,21.73515,20.17535,19.27611,18.76368,0.4614479
24.4591,20.34722,18.64687,18.04444,17.68616,0.3088618
20.49788,18.72406,17.62294,17.16777,16.78789,0.1511025
24.9021,21.74995,20.20474,19.38859,19.0267,0.4651698
24.2768,21.83962,20.12088,19.2383,18.75987,0.5441061
23.01091,20.85015,19.09161,18.45423,18.07273,0.3817578
19.64285,18.56622,17.7971,17.40135,17.17688,0.2048856
24.7214,22.56668,20.70407,19.49105,18.8701,0.6052328
19.02493,17.96465,17.48726,17.15481,17.0083,0.08911418
19.71174,17.82514,16.98247,16.59169,16.25144,0.04189152
23.66198,22.37014,21.4618,20.42973,19.90702,0.7176464
23.01494,21.88365,20.30404,19.52477,19.19601,0.5381873
23.21345,21.85958,20.18916,19.34538,18.94629,0.4701278
22.18138,21.6914,20.78333,19.76832,19.38607,0.652145
19.29766,17.94599,17.24444,16.8083,16.53426,0.1180944
25.07924,24.14564,21.81457,20.73208,19.76112,0.833912
19.05835,17.07109,16.04665,15.63522,15.28594,0.1077332
22.52637,20.95527,19.06222,18.40795,17.95303,0.4057806
23.90361,21.98877,21.84071,21.51182,21.25844,0.1094536
24.38042,22.61089,21.012,20.04259,19.54306,0.5001873
21.08404,18.94681,17.70376,17.18133,16.80934,0.199674
20.56367,18.72225,17.63886,17.10818,16.70205,0.1369757
20.98361,18.81805,17.63956,17.15229,16.73767,0.1502394
23.66376,22.93421,21.43126,20.20286,19.44425,0.6471631
22.28249,21.40266,20.34745,19.42962,18.85408,0.5583643
23.39775,22.26025,20.36166,19.44052,19.00682,0.4954722
26.0772,22.32052,20.49953,19.58159,19.14246,0.4725592
20.06903,18.58198,17.75258,17.32681,16.98716,0.1118061
24.44918,22.66735,21.26731,19.98786,19.33415,0.6219152
22.36063,20.02776,18.41736,17.87591,17.49243,0.3223276
25.73582,24.34871,21.31662,20.05707,19.40099,0.6535209
22.96005,21.53547,19.83898,19.01797,18.52952,0.4880905
21.61152,19.54861,18.07049,17.47139,17.10824,0.2737953
22.73626,21.69201,19.68086,19.00031,18.54692,0.3217221
23.79482,22.8753,21.39265,20.25385,19.41055,0.8068904
25.49118,22.75095,21.02454,20.00611,19.65925,0.5183356
25.18051,22.19561,20.78389,19.57163,19.06541,0.627286
25.82196,21.89738,20.63037,19.59054,19.10105,0.6184408
22.62916,21.38803,19.49906,18.86028,18.4827,0.34341
18.00094,16.10573,15.21562,14.78638,14.45551,0.03587253
25.42274,21.33236,19.72312,18.91145,18.47802,0.465946
22.37749,21.43635,20.45862,19.74951,19.59537,0.4722492
25.22584,22.09218,20.20899,19.36025,19.02628,0.4916274
24.71273,22.12086,20.37778,19.43373,19.08663,0.4778922
19.5888,17.97792,16.8938,16.41125,16.10653,0.2162325
23.83579,22.49864,21.68011,20.49092,19.68576,0.9673881
23.07254,20.40636,18.67012,18.03295,17.69317,0.3149722
21.03686,18.93057,17.64431,17.15503,16.79039,0.1779796
18.36485,17.26386,16.94108,16.73364,16.64675,0.02753131
25.56551,22.22451,20.58048,19.78134,19.36843,0.4242945
20.466,18.8463,17.67854,17.14758,16.72185,0.1379323
20.37454,18.60579,17.53559,17.05007,16.74198,0.1603811
20.42356,18.48597,17.46435,17.01355,16.6744,0.1288001
24.73755,21.64362,20.21371,19.35911,19.30848,0.5132707
19.41043,18.12546,17.45529,17.08441,16.85321,0.1302201
19.43084,17.71259,16.76803,16.22858,15.77959,0.05205719
22.82473,21.79073,20.28799,19.3916,18.99402,0.4340129
21.34432,19.14968,17.54615,16.94496,16.5901,0.2919437
19.74445,18.40249,17.50091,16.84286,16.6632,0.07185584
25.54746,21.22983,19.28954,18.67319,18.3782,0.4025879
21.92225,20.2938,18.66337,18.10065,17.68428,0.3128914
23.7803,21.70786,21.31538,21.31392,21.85444,0.1786806
24.03272,21.97318,20.61838,19.78746,19.47265,0.4855034
19.92869,18.24105,17.25953,16.81577,16.48733,0.1387157
20.31759,18.51577,17.59937,17.24596,16.931,0.115358
18.64227,17.52518,17.08529,16.80663,16.66588,0.0763794
23.69833,20.37659,18.79153,18.07384,17.65828,0.4264571
20.37245,18.55678,17.7296,17.34092,17.06806,0.07321497
25.36559,23.10415,21.65918,20.44063,19.93058,0.6016855
19.48456,17.36765,16.29964,15.83303,15.45767,0.1090245
22.84262,21.61577,20.47976,19.60159,19.21247,0.5798988
25.16776,22.5023,20.79543,19.84091,19.38773,0.5604165
18.52628,16.66241,15.69832,15.25978,14.88392,0.1121657
18.04004,16.90578,16.35433,15.99135,15.77103,0.05513438
20.13722,18.62516,17.88562,17.42599,17.12952,0.07378145
19.14624,17.90677,17.27256,16.86438,16.64183,0.1109492
19.75034,17.78527,16.79717,16.36995,15.97941,0.08452259
23.09706,22.41524,20.73939,19.91949,19.48252,0.530432
22.81819,22.25767,20.28937,19.25529,18.65032,0.5061867
19.14365,18.0396,17.46614,17.11486,16.84668,0.09388757
23.24028,22.44674,20.59879,19.69336,18.96812,0.488891
24.21151,21.8705,20.08655,19.1903,18.62179,0.4891509
20.88254,19.07378,17.61607,17.09228,16.74192,0.2608946
21.71349,20.75383,18.98733,18.23439,17.66706,0.4142385
19.1504,17.86854,17.12323,16.67278,16.39705,0.1127605
26.53818,23.22146,21.44986,20.09238,19.57899,0.670355
24.73256,23.43313,21.85298,20.55268,19.75418,0.6702966
20.35845,19.85929,19.25623,18.79529,18.50345,0.201324
19.9032,18.21687,17.23199,16.75623,16.43369,0.1467678
20.68579,18.6708,17.63843,17.21146,16.79617,0.1228817
20.29309,19.5727,19.25871,18.8568,18.94245,0.1218547
19.95662,18.42931,17.73724,17.30989,16.98428,0.0001819652
21.8207,19.54468,17.91426,17.31633,16.89725,0.2971583
19.63676,18.09502,17.44678,17.07461,16.7957,0.09789971
22.34387,22.1742,20.5601,19.61875,19.07146,0.5407117
19.61288,17.58842,16.58401,16.13923,15.75818,0.1008279
22.56152,21.74553,20.68079,19.86649,19.43307,0.5599318
23.26675,22.53485,21.0084,19.922,19.13809,0.6055995
25.98686,22.63631,21.08836,19.8172,19.33651,0.5999894
18.86691,17.53382,16.76609,16.39353,16.09658,0.1124102
18.66684,16.8914,15.93562,15.47872,15.11861,0.0953708
22.96877,22.3501,20.8223,19.89663,19.48495,0.5901654
23.58096,21.92622,19.89878,19.01738,18.55348,0.5141983
24.68883,22.06957,20.9776,19.9934,19.64378,0.5283255
24.11164,21.67999,19.88594,19.05642,18.56317,0.4420752
20.26685,18.07325,16.77584,16.26388,15.88138,0.179383
25.50298,22.64864,20.40819,19.27073,18.85392,0.5990415
19.48419,18.32629,17.84381,17.52679,17.42098,0.05265867
23.75267,21.62978,19.7973,18.95251,18.44706,0.4292173
19.41193,17.9056,17.03602,16.60703,16.28514,0.1203654
26.74915,24.78981,21.97792,20.60049,19.91429,0.731144
20.40435,18.63655,17.34447,16.80127,16.44025,0.2058401
22.19113,20.31289,18.79884,18.15481,17.81451,0.2605519
18.53996,17.40828,16.90009,16.60645,16.43168,0.0540108
22.86247,20.87742,19.25531,18.08581,17.52666,0.5470808
20.20993,18.29621,17.21887,16.76697,16.35585,0.1230188
19.97165,18.03422,16.88646,16.40101,16.02775,0.1411304
18.68886,16.79116,15.90078,15.48539,15.15728,0.05618602
22.95359,21.86004,20.44156,19.43714,18.927,0.5343449
24.37336,21.52503,20.32474,19.53429,19.35802,0.6907021
20.26816,18.37892,17.45658,17.05105,16.69404,0.09419394
22.72166,20.58253,18.82393,18.1361,17.83862,0.3813811
19.71646,18.13424,17.27692,16.78147,16.47292,0.0883221
21.30195,19.43499,17.97107,17.37275,16.98936,0.2281595
23.12757,21.70964,19.7684,18.88153,18.44305,0.472448
18.69696,17.60568,17.24997,16.99222,16.90226,0.0450273
20.14055,18.07037,17.03245,16.55924,16.16105,0.1014585
19.8954,18.04058,17.1432,16.73586,16.37075,0.08125097
23.78995,21.87994,20.27189,19.46408,19.0795,0.4884776
15.96589,15.01389,14.40374,14.18948,14.14311,0.00707815
19.91543,18.22445,17.04161,16.50125,16.05159,0.1821462
20.46443,18.36558,17.15608,16.62935,16.2389,0.1489671
25.66371,22.15278,21.27466,20.04927,19.37883,0.761561
22.20843,20.1981,18.69627,17.99786,17.50381,0.2629161
21.35899,18.9978,17.45207,16.9257,16.60315,0.2619224
25.51551,21.86213,20.09438,19.26723,18.95294,0.4331658
25.0936,22.47932,20.87988,19.87388,19.42536,0.5274781
19.78161,17.87432,16.85585,16.41195,16.02564,0.1152782
20.43705,18.49899,17.58177,17.17461,16.86357,0.08638001
22.43161,21.70162,19.79673,19.06002,18.48638,0.4820932
22.78928,22.1805,20.42668,19.61432,19.27465,0.4316616
22.78048,21.42544,19.64643,18.72878,18.19642,0.4859459
23.64621,21.41369,19.58006,18.90035,18.37326,0.4244115
23.07435,21.35608,19.57376,18.891,18.39311,0.421346
22.64006,22.18146,20.55314,19.15872,18.69773,0.6254707
19.10571,17.85275,17.22237,16.90854,16.69255,0.03062648
20.70972,18.69385,17.67891,17.2797,16.9071,0.1329671
23.71108,22.42794,20.92781,19.76587,19.25426,0.5431661
25.51836,22.39302,20.57541,19.55725,19.10602,0.5595796
18.6029,16.75916,15.896,15.48863,15.17638,0.07663338
19.77625,18.0148,17.02298,16.56173,16.22161,0.1472562
24.40633,22.13653,20.72057,19.58647,19.00627,0.5674319
24.29622,22.78132,21.05121,20.02242,19.66409,0.5326378
24.87092,23.13747,20.94664,19.872,19.34375,0.5425004
22.60678,19.86415,18.28775,17.71475,17.34942,0.2829994
24.87191,22.25455,20.52452,19.44151,18.97855,0.5377998
22.84981,21.02242,19.1195,18.48355,18.01281,0.3396334
20.45034,18.42192,17.40932,16.93813,16.55096,0.08390897
21.63392,20.83823,19.85145,19.44866,19.19974,0.2481719
22.98501,20.68597,18.98316,18.36552,18.04653,0.3360926
22.49581,21.22868,19.54446,18.83408,18.38787,0.4629355
22.37661,21.57414,20.36762,19.47943,19.13432,0.5704085
17.94691,16.53058,15.83598,15.444,15.1453,0.04460259
24.92938,21.95909,20.45476,19.67673,19.17699,0.5373008
18.41067,17.5554,17.20396,16.8789,16.80468,0.1028112
20.17427,18.33715,17.3871,16.95691,16.61213,0.08072919
20.16593,18.33201,17.26688,16.75085,16.37028,0.1486909
25.00117,22.08955,20.64089,19.69393,19.26331,0.5461995
18.87534,18.12531,17.88073,17.7018,17.56899,0.03400574
19.51804,18.05945,17.37626,16.80927,16.45615,0.1514849
24.45704,22.74877,20.95289,19.90794,19.53461,0.5507737
22.13642,20.2057,18.55506,17.93069,17.55432,0.3836762
23.18283,22.51174,20.42619,19.3789,18.98825,0.6506795
25.66738,22.01643,20.4945,19.68946,19.13978,0.4269311
22.4285,21.22539,19.30744,18.69026,18.36512,0.3529758
23.9748,22.62387,21.02302,20.00448,19.40755,0.6137906
22.39783,20.85185,19.26197,18.547,18.10072,0.3137504
19.59609,18.32448,17.61869,17.25571,17.03183,0.08848656
19.01245,17.64058,16.9004,16.46061,16.18505,0.07710611
22.88225,21.36243,19.48606,18.85101,18.39303,0.4288566
22.86449,22.45441,20.75018,19.68993,19.22779,0.5187289
23.88253,22.21705,20.52261,19.55199,18.98654,0.5236207
19.98545,18.60531,17.52532,17.05607,16.73238,0.2058778
19.37677,17.50874,16.45708,16.03432,15.67767,0.1275653
19.00436,17.90934,17.39998,17.06687,16.89569,0.05885007
18.13936,16.2046,15.27812,14.85874,14.50889,0.06277806
19.53348,17.66007,16.70403,16.19768,15.87188,0.07682261
23.62651,22.11959,20.49925,19.60674,19.11643,0.5022926
23.03302,20.83907,19.15169,18.42982,17.95129,0.4268652
20.16972,18.11971,16.93062,16.37199,15.881,0.1287286
18.93795,17.70838,17.0613,16.69488,16.41934,0.1477196
23.2769,21.45764,19.5428,18.90974,18.50093,0.3413062
22.41703,22.50174,21.18319,19.74181,19.02978,0.7458335
20.34282,18.54066,17.66324,17.27906,16.95856,0.0873167
19.65539,18.18772,17.26636,16.81691,16.44698,0.133316
24.0113,22.20116,20.93251,19.86037,19.28199,0.6322888
22.05941,21.45529,20.51412,19.55439,19.18476,0.6833786
23.03658,20.00225,18.36395,17.70797,17.33653,0.2839872
24.19353,22.00577,20.4891,19.54359,19.05578,0.4558349
25.83779,22.01438,20.225,19.30457,18.84802,0.4912508
22.37998,22.03138,20.71924,19.84149,19.36468,0.5015061
21.44542,21.10649,20.39566,19.48025,19.16337,0.7122834
24.31443,22.5328,20.78906,19.81519,19.33814,0.4924873
24.09729,22.77704,21.06673,20.09469,19.57029,0.4987898
20.02683,17.87712,16.71309,16.22435,15.83243,0.1579999
24.33289,23.05655,21.16257,20.00538,19.41284,0.5822317
21.97046,21.45452,20.87315,19.92844,19.38085,0.762832
26.23387,22.56822,21.16904,19.72481,19.1694,0.7306725
22.67055,21.73956,20.13857,19.22982,18.96193,0.4682123
25.94285,22.39892,20.94608,19.95612,19.36419,0.5129769
22.7481,22.00566,20.81707,19.84255,19.27359,0.6255932
19.32022,17.26563,16.33803,15.84428,15.57736,0.07413661
19.15558,17.80064,16.92879,16.44513,16.09817,0.1277502
18.66101,17.64727,17.30095,17.08455,16.93345,0.03106228
19.63882,18.2694,17.45242,16.99997,16.71485,0.1572032
22.13193,20.63411,19.42255,18.91832,18.68784,0.2531685
24.96665,23.41338,20.9643,19.84908,19.3532,0.5506794
19.81901,18.107,16.97469,16.46797,16.09355,0.1536564
24.3545,22.19119,20.47896,19.6489,19.21063,0.4271373
25.80787,22.13025,20.17279,19.27378,18.77573,0.5421207
17.22873,16.23295,15.82126,15.52692,15.39798,0.05548846
20.08339,18.24514,16.98756,16.5211,16.1295,0.1679929
19.97351,18.18283,17.3693,16.99227,16.67704,0.04622256
23.93491,22.44309,20.80837,19.67881,19.09476,0.5916112
24.57864,21.75373,20.76996,19.71272,19.38355,0.6862466
19.9278,17.89313,16.8399,16.40102,16.02435,0.1229592
24.00192,22.86996,20.48209,19.25669,18.68391,0.695133
26.68047,20.91732,19.80098,19.20449,18.74936,0.1983249
19.01507,16.98213,16.0214,15.58422,15.25278,0.06857721
22.3515,20.62064,20.05436,19.75989,19.67287,0.9304116
23.9239,22.55507,21.11349,19.94868,19.48912,0.5938012
19.49821,17.79923,16.79451,16.26575,15.86115,0.1166094
20.34086,18.41261,17.3361,16.90314,16.52348,0.1480615
23.31008,22.68841,20.53956,19.56716,18.91362,0.5821465
19.62792,18.10894,17.22055,16.76623,16.40143,0.1254967
20.35715,18.28294,17.19896,16.74902,16.36142,0.1386286
24.28299,21.1691,20.18203,19.42013,19.24624,0.5820634
23.5089,21.4696,19.46378,18.72909,18.3927,0.4118628
25.4212,21.6879,19.74115,18.79233,18.32507,0.4958511
20.57524,18.64139,17.51715,17.03825,16.66335,0.14686
22.13328,19.92615,19.02867,18.24243,17.89159,0.1787881
23.84073,22.07341,20.78921,19.93212,19.42669,0.5566398
25.95271,22.51755,20.90988,19.79683,19.3743,0.5432405
17.91976,16.90979,16.58541,16.39873,16.32845,0.03143195
24.21552,22.56966,20.91017,19.80273,19.42258,0.5758603
23.76044,21.78758,20.70383,19.71478,19.34693,0.5179659
25.93395,22.25312,21.0234,19.96571,19.66086,0.5500032
25.19158,22.03055,20.36078,19.29652,18.78751,0.518463
23.95687,22.32282,20.70371,19.65254,19.27519,0.6376309
19.88626,17.49417,16.25766,15.75419,15.33567,0.1431109
24.09195,22.69497,20.85508,19.83269,19.06819,0.55879
22.10123,19.52494,17.95707,17.38526,16.98205,0.2796915
23.77338,22.4184,20.53617,19.60491,19.1597,0.4704069
16.75927,15.62012,15.041,14.71669,14.44965,0.0295817
23.28804,22.54897,20.67447,19.54612,19.09649,0.598195
25.34995,22.12879,20.63296,19.51113,19.06672,0.6076581
19.46999,17.62246,16.7987,16.39751,16.10277,0.04646964
22.71101,20.69667,18.99197,18.35744,17.9291,0.3518192
24.04762,21.43084,19.9555,19.09868,18.70586,0.5861914
24.12734,22.88727,20.48653,19.40879,18.99046,0.5265896
18.66685,17.34813,16.8513,16.56227,16.42224,0.07473942
22.4564,21.08012,19.55241,18.66946,18.16899,0.5164666
22.05964,22.59433,20.553,19.53556,19.11591,0.5655833
20.36566,18.54643,17.33062,16.79123,16.3599,0.1249438
23.8504,21.27308,19.70964,19.1319,18.78625,0.2919296
19.68574,18.34504,17.55556,17.10115,16.76847,0.1042327
23.47024,20.93815,19.16749,18.53005,18.12615,0.3397141
19.40249,18.21166,17.62963,17.27848,17.11694,0.08326093
23.44229,21.96612,20.23615,19.32934,18.83968,0.4809916
21.79402,20.79047,19.54144,19.12838,18.74939,0.3496173
21.87436,19.51614,17.98521,17.37458,16.9887,0.2498809
19.82639,18.28018,17.33356,16.89479,16.56753,0.1235791
22.64823,21.79472,20.10751,19.30427,18.76653,0.4554963
21.93258,21.44881,20.49942,19.73782,19.40238,0.5801333
17.37974,15.54173,14.59294,14.07874,13.72303,0.03955185
24.86355,22.76867,21.44333,20.16426,19.73088,0.6186777
21.92389,19.83955,18.13593,17.55814,17.18709,0.3264664
22.18466,20.66745,19.22963,18.69177,18.27414,0.2701392
18.10161,16.48766,15.64721,15.24084,14.94741,0.1025869
18.51483,17.3983,17.02892,16.72403,16.59702,0.05538805
26.13231,22.71773,20.79095,19.86347,19.90718,0.244459
19.5888,17.79353,16.8826,16.44251,16.10676,0.1105828
22.34453,20.103,18.42263,17.8028,17.37954,0.3174041
25.19264,22.52692,20.72083,19.87051,19.42776,0.4557193
22.10884,19.56691,18.12047,17.55759,17.21103,0.2695315
20.15207,18.38123,17.24395,16.73436,16.37495,0.1475328
25.58674,22.41907,20.53139,19.45511,19.09795,0.5198353
19.24566,18.21057,17.82812,17.60069,17.43021,0.07527081
21.97215,19.8767,18.34247,17.74635,17.33744,0.3142123
24.32675,23.63081,21.69166,20.89441,19.86758,0.3637377
21.94292,20.87903,19.07107,18.41994,18.10217,0.37978
19.25395,17.87646,17.11585,16.71287,16.40901,0.1165459
20.93428,18.89437,17.65624,17.16348,16.82745,0.1810219
18.47667,17.32184,16.77806,16.4681,16.24651,0.0643077
22.62183,21.45926,20.5037,19.67777,19.37386,0.613917
19.82319,18.51228,17.78733,17.36417,17.10077,0.08893291
24.94719,22.11944,20.48975,19.57154,19.22314,0.464967
17.69729,16.3685,15.7213,15.38537,15.10174,0.04379669
20.69681,19.3664,18.591,18.13852,17.87641,0.1499286
24.78332,22.03162,20.39438,19.58025,19.13494,0.4510404
24.5668,22.16405,20.45576,19.52811,19.20881,0.571002
25.9542,21.70935,20.22989,19.42824,18.905,0.545423
22.78716,21.61613,20.43774,19.4012,18.76248,0.588127
19.49023,18.11536,17.04048,16.5327,16.21374,0.2282961
16.44967,15.23327,14.61123,14.32096,14.00248,0.01927742
22.184,21.06441,19.53927,18.95046,18.35622,0.2952838
24.48933,21.67569,19.83523,18.97952,18.45262,0.4391776
22.83571,21.97309,20.25316,19.46124,19.03715,0.476474
23.38514,21.53648,19.57184,18.72103,18.20486,0.4620008
22.82326,20.08242,18.37652,17.76721,17.36685,0.3214749
19.15038,17.99637,17.46482,17.15268,16.97439,0.06074775
25.32166,21.34648,19.89039,18.93235,18.36971,0.5044565
24.22894,22.21438,20.597,19.79914,19.29561,0.4589683
20.76554,18.7876,17.69075,17.22447,16.8573,0.1254856
22.08126,21.17114,19.27708,18.26394,17.8074,0.5158679
23.96288,21.80635,20.304,19.46939,19.03718,0.496388
20.58214,19.00386,17.82442,17.21817,16.70922,0.1356661
17.77013,16.63345,16.13061,15.81233,15.64431,0.0649112
23.23333,22.07371,20.49455,19.64575,19.24548,0.5266083
24.95911,22.69153,21.09574,19.93676,19.49819,0.6248296
23.29335,21.37676,20.04542,19.13141,18.6793,0.5171475
19.97161,17.81182,16.68597,16.23665,15.86998,0.1390123
19.7516,18.37469,17.65458,17.26551,16.99672,0.07256214
23.19676,22.61437,21.41661,20.83274,20.55039,0.4803571
22.18264,22.46844,20.43607,19.59158,19.2088,0.47142
22.71115,19.55235,18.01478,17.44639,17.14849,0.2440505
19.39135,18.21795,17.78895,17.5457,17.39447,0.06256147
19.70158,17.96687,17.1084,16.72298,16.38463,0.06264381
24.12301,22.98048,21.72631,20.55332,19.81774,0.8149675
23.35534,21.47989,19.57681,18.60818,18.12766,0.4994049
18.74109,17.41614,16.83018,16.44633,16.12355,0.06469536
18.36359,16.95576,16.25054,15.85329,15.57516,0.07737206
23.26856,20.49151,18.84566,18.24881,17.78933,0.3657251
21.05459,20.49163,20.03899,20.39193,19.65329,0.3374906
20.00805,18.48636,17.45197,17.03493,16.69299,0.1658631
19.36061,17.86038,17.07976,16.68505,16.38017,0.09613949
24.20454,22.00561,20.6345,19.60784,19.09311,0.5311708
25.91399,21.80299,20.27032,19.3289,18.79874,0.4971524
23.0632,21.66161,20.80707,19.60179,19.01359,0.6388332
24.65238,21.39508,19.41217,18.71241,18.45857,0.3652235
25.74871,22.37784,20.92119,19.9668,19.67734,0.5194117
23.39589,23.16481,21.03888,19.87097,19.53018,0.6342173
22.00188,21.21171,19.77885,19.03105,18.79359,0.4255268
22.29817,21.03389,19.66363,19.15544,18.72896,0.3371158
22.27751,20.38516,18.70346,18.10299,17.74739,0.3191499
23.49061,22.6002,21.50739,20.3993,19.54012,0.6167732
25.14917,21.83733,20.12182,19.33174,18.823,0.473108
23.54124,20.65069,18.78451,18.10589,17.58892,0.4098463
25.56786,22.27069,20.81179,19.98131,19.37498,0.5408117
23.95867,20.99671,19.47409,18.84046,18.36575,0.3207971
18.06761,16.88792,16.46213,16.19686,16.13352,0.04464067
24.31184,22.29399,20.375,19.39207,19.11586,0.505548
19.88107,18.35079,17.62493,17.23851,16.93906,0.1054965
19.86133,17.9247,16.9158,16.47027,16.1,0.1062871
23.1974,22.25622,21.17907,20.10491,19.74801,0.7189392
21.9283,22.14526,21.32272,20.21661,20.23151,0.8005366
23.52758,21.74208,19.884,19.06971,18.57568,0.4530519
24.16002,23.37091,21.05998,19.84938,19.43084,0.6290417
24.49656,22.02727,20.35259,19.27323,18.92739,0.5589676
18.28552,17.11151,16.5519,16.183,15.95913,0.07911732
25.11144,21.61388,21.06384,20.18565,19.61897,0.7487684
17.79805,16.55698,16.03368,15.6688,15.44794,0.08647047
18.36329,17.15511,16.6498,16.37518,16.17791,0.03699495
19.61731,17.85716,16.84753,16.39761,16.05014,0.1589679
26.03048,23.00901,21.29499,20.03931,19.45526,0.6712038
24.11265,24.24262,20.8739,19.72654,19.51494,0.5881001
20.02254,18.36177,17.38982,16.95458,16.5852,0.1243114
18.53104,17.42519,16.85697,16.46986,16.29665,0.08301156
20.02539,18.44164,17.30748,16.79257,16.4441,0.1932371
20.10656,18.13089,16.96324,16.47475,16.04493,0.1545249
19.73059,18.27752,17.43722,16.94757,16.64739,0.1399882
20.64524,18.71674,17.4798,16.99485,16.60874,0.1767099
24.86216,22.078,20.35269,19.50276,19.08293,0.4767722
19.04036,18.07317,17.68105,17.51416,17.36648,0.01084987
20.4855,18.30283,17.051,16.57436,16.20059,0.1757961
25.42699,22.99382,20.9525,19.72926,19.19382,0.6204
21.34586,18.8662,17.47985,16.92707,16.55349,0.1819576
22.51979,23.01812,21.41167,20.36932,19.64586,0.5690486
25.64882,21.41912,19.5229,18.84078,18.44448,0.3883469
19.83568,19.07626,18.57452,18.2473,18.13572,0.1911123
20.34541,18.14575,16.98353,16.50579,16.13385,0.1707022
24.87119,22.56491,20.37723,19.19361,18.70756,0.5983016
19.11866,18.00384,17.26703,16.83788,16.57468,0.1821013
21.59809,20.30819,18.61603,17.96758,17.66725,0.3719152
20.84336,18.79443,17.60337,17.10643,16.78285,0.1764666
19.17076,18.28645,17.91572,17.57652,17.51623,0.07261894
20.10794,18.49648,17.68937,17.29804,16.97748,0.09191498
18.54337,17.3434,16.81635,16.50096,16.303,0.06096875
19.87928,17.88613,16.93824,16.49869,16.12548,0.07866843
18.88941,17.03181,16.09841,15.69136,15.37418,0.08320617
22.71496,23.08845,21.07302,20.11558,19.43317,0.651172
25.42187,22.56814,21.26186,19.98388,19.6776,0.578088
20.48792,18.54907,17.32107,16.78469,16.43096,0.1822096
24.16526,22.76422,21.06825,19.79773,19.25671,0.6471877
23.92386,23.90321,21.32042,20.12621,19.6145,0.6054953
19.21338,18.12254,17.70387,17.39674,17.24318,0.07079878
22.42891,21.05197,20.37594,19.89162,19.81377,0.2261107
23.04224,22.02353,20.45503,19.58551,19.16946,0.4294974
19.69616,18.30217,17.54319,17.13314,16.82677,0.117614
18.43978,17.41578,16.98157,16.68671,16.51378,0.09300712
20.41124,18.48168,17.18639,16.67833,16.31693,0.1966599
19.97223,18.51419,17.47639,16.95557,16.64627,0.2118496
16.93154,15.68594,15.28048,15.03224,14.96881,0.03148072
24.36469,22.52329,20.84992,19.83558,19.45307,0.5305086
23.81256,22.65178,20.80288,19.94495,19.51075,0.491834
21.88399,20.74701,19.47299,18.99304,18.52408,0.3791808
20.00642,18.3066,17.24846,16.80609,16.43818,0.1258243
20.03713,18.64049,17.72433,17.26006,16.96271,0.2035509
22.58792,22.37365,20.59628,19.25509,18.89046,0.694086
18.51045,17.31685,16.68982,16.37094,16.08023,0.03056228
23.17402,22.29984,20.73189,19.78598,19.18602,0.5025687
20.85347,18.81322,17.65926,17.08484,16.65855,0.1369178
19.91529,18.35301,17.66847,17.27864,17.06022,0.08402751
23.71671,21.63613,20.24541,19.50546,19.03042,0.6106337
26.76085,20.7075,19.03087,18.40376,17.96118,0.3574342
23.0017,22.11804,20.73684,19.66466,19.23264,0.5782847
25.32907,22.2407,20.56913,19.68931,19.0871,0.4758657
22.0938,20.94317,19.31203,18.56974,18.16794,0.4251362
22.34389,21.02185,20.4067,20.0746,19.85522,0.1711056
22.42069,21.17231,19.54961,18.93,18.51234,0.2984237
20.5776,18.34663,17.18182,16.66546,16.21607,0.1203192
19.08026,18.43025,18.04582,17.66979,17.70107,0.1858204
21.46026,20.6576,18.94894,18.30934,17.8345,0.354986
24.59084,22.52391,20.49731,19.67047,19.21177,0.3169449
23.09087,21.41433,19.68136,18.76879,18.22924,0.4837705
24.16738,22.61891,21.34324,20.07466,19.6212,0.5865195
23.33802,20.70045,18.91253,18.30815,17.89884,0.3689987
21.33785,19.12485,17.80353,17.32133,16.9459,0.192677
20.56894,18.68666,17.51359,17.07589,16.7288,0.1745212
23.54622,22.58191,21.05368,20.067,19.44677,0.5703075
21.6998,19.6517,18.17842,17.61409,17.2382,0.2449186
26.0093,23.02805,21.02223,19.60318,19.1073,0.6668088
24.28006,22.06905,20.31461,19.42027,18.98149,0.5653433
20.19128,18.53981,17.60448,17.10966,16.74532,0.1380618
17.98587,16.93057,16.44335,16.11458,15.97457,0.08288943
19.54781,17.42476,16.48686,16.06441,15.76133,0.09050912
19.16875,17.99623,17.68268,17.48311,17.32806,0.05918246
24.46423,21.71278,20.62305,19.79895,19.49096,0.5092043
22.33359,21.55669,20.91584,20.06248,19.61549,0.6912996
23.2809,21.76157,19.83552,18.71151,18.19341,0.5259642
22.35308,20.33278,18.67444,18.04128,17.60983,0.2770075
19.97713,18.61718,17.79588,17.37159,17.07886,0.1817676
19.18164,17.60728,16.72155,16.29182,15.97524,0.1285111
23.2978,23.15421,20.88406,19.83942,19.32576,0.5838609
23.68064,19.93607,18.05249,17.46981,17.04791,0.3294717
20.05211,18.078,17.0918,16.6695,16.26215,0.1112382
22.31176,21.62427,20.45649,19.49518,18.73211,0.6153361
20.91662,18.7434,17.48181,16.98061,16.62159,0.1921825
19.58422,18.20586,17.5201,17.12949,16.83215,0.08467748
22.61972,20.44035,18.69721,18.10423,17.73533,0.3357537
23.52458,21.06206,19.35559,18.64369,18.29091,0.4125194
24.16724,22.96187,21.58894,20.42874,20.05766,0.6556379
24.94822,22.83264,20.85381,19.81589,19.49871,0.491464
19.70899,18.35933,17.69594,17.3101,17.05576,0.09737341
20.02423,18.0074,16.95526,16.41109,16.0038,0.1135538
20.64619,18.47474,17.37609,16.86532,16.41941,0.1207414
19.96513,18.27988,17.44608,16.99166,16.64544,0.06570856
25.84722,20.89827,19.12059,18.50074,18.00376,0.368762
23.17928,21.1905,19.53249,18.77732,18.27604,0.4202925
20.43734,18.51231,17.57403,17.16029,16.82072,0.09854996
19.45451,18.16035,17.41574,17.00811,16.71234,0.09624433
22.56998,21.4347,19.88517,18.81079,18.32904,0.567906
21.07443,18.88301,17.83212,17.3526,17.01711,0.1143211
19.96942,19.23506,18.31253,17.83426,17.47765,0.2988096
20.95103,18.84171,17.71014,17.28859,16.94012,0.1438969
22.73122,21.25558,20.83322,19.88665,19.55878,0.7088489
22.12821,20.93304,20.22399,19.27412,18.59835,0.5829712
24.28764,22.36363,20.59751,19.48829,18.90575,0.5857607
24.37206,22.41028,20.83315,19.62668,19.12908,0.7027784
19.37587,17.91175,17.07921,16.67729,16.40978,0.1293642
19.20798,18.44238,18.24681,18.10461,18.02965,0.02962781
21.52054,19.47902,17.99069,17.4192,16.96705,0.2264815
23.67304,21.95341,20.65423,19.70697,19.19556,0.6004434
25.38071,21.95366,20.20406,19.27535,18.80687,0.5251051
19.3908,17.81727,17.05776,16.6532,16.36078,0.06771615
19.85064,17.9917,17.09682,16.67765,16.35905,0.08450099
25.43125,22.84697,21.23843,20.20064,19.75518,0.5945398
19.78527,18.02158,17.03232,16.62486,16.2809,0.1203661
25.06196,22.33096,20.64153,19.74724,19.21964,0.5614213
19.64065,18.09277,17.24725,16.74483,16.40848,0.09158139
22.19126,22.34331,20.52499,19.50419,18.63937,0.5422565
24.46158,22.09489,20.43603,19.58229,19.09918,0.461598
24.06613,22.98116,21.11287,20.02433,19.71389,0.464029
26.03012,22.6967,20.56438,19.52979,18.90836,0.5272834
20.6542,18.64595,17.51672,17.02785,16.66002,0.1305802
21.39862,19.00984,17.71898,17.22765,16.84086,0.1979415
19.30733,18.34159,17.51655,17.10833,16.84292,0.2049748
23.88426,22.26067,20.69421,19.72676,19.29404,0.6454555
19.76967,18.02778,17.19939,16.77106,16.47766,0.09272406
22.211,19.45647,18.01158,17.36752,17.00738,0.2988776
24.37613,22.07579,20.45412,19.6356,19.44933,0.4400911
19.79274,18.34754,17.5253,17.11185,16.86971,0.1439632
25.10195,22.5493,20.80929,19.8367,19.26571,0.4765719
24.023,21.71149,20.61125,19.36659,19.92465,0.732084
23.77657,23.84265,20.32973,19.3065,18.7828,0.5214829
25.46823,23.42454,22.01595,20.68409,20.77006,0.6993697
19.40013,18.27713,17.60205,17.18866,16.9689,0.1125333
25.4393,22.774,20.86171,19.81565,19.41619,0.5498356
21.61856,21.245,20.26059,19.45114,18.89535,0.6244065
24.2326,22.78765,20.73716,19.78335,19.17512,0.583002
22.81262,22.53743,21.01017,20.5129,19.78022,0.3098032
24.7324,25.42497,22.05832,20.72031,19.7793,0.8404443
20.45498,18.54708,17.4302,16.98623,16.67985,0.1718885
25.76752,20.55142,18.8609,18.17901,17.73892,0.3691147
22.77042,21.33721,19.95949,19.43705,19.10978,0.2655437
20.28446,18.46233,17.4132,16.90529,16.46314,0.1080828
18.30356,16.83746,16.1022,15.72913,15.42962,0.03353775
25.02575,22.15084,20.51565,19.51693,19.03675,0.6003844
24.00061,22.01353,20.2198,19.34777,18.94978,0.4856398
22.65996,22.05162,20.59495,19.54788,19.13529,0.6193566
19.42041,17.70802,16.78915,16.34405,15.97427,0.09561118
23.1652,20.76202,19.08715,18.46645,18.06237,0.4113241
22.42604,21.70523,20.54785,19.77089,19.70736,0.3218793
18.52267,17.83338,17.81147,17.55126,17.68625,0.07323986
19.56936,18.66934,18.24064,17.92242,17.84854,0.1227424
25.04095,21.0172,19.16266,18.31427,17.95277,0.4759561
24.14764,22.85684,20.94171,19.74071,19.53948,0.5407745
19.5996,18.19329,17.45267,17.06306,16.79726,0.1210058
26.48866,24.20915,21.71671,20.47882,19.61286,0.7981325
26.53551,22.79428,21.06205,19.75332,19.19221,0.7265321
23.02736,21.56075,19.87411,18.96232,18.53405,0.5092615
24.78358,22.58354,20.65722,19.69419,19.23201,0.5139613
20.55971,18.64365,17.60248,17.18655,16.85406,0.1238347
19.07584,18.08919,17.72459,17.47512,17.28899,0.05271276
24.25135,20.81012,19.0708,18.44886,18.00555,0.3200924
21.05451,20.88983,20.41911,21.05712,20.5367,0.29377
25.72475,23.14619,21.31592,19.93648,19.58361,0.7128704
22.952,21.57585,20.35228,19.62101,19.14828,0.3299979
20.70378,18.63087,17.50086,17.0306,16.66737,0.147784
25.34708,23.68363,21.32495,20.06116,19.46131,0.668382
18.76349,16.8122,15.81973,15.38813,15.02306,0.08561404
21.87703,20.13716,18.30869,17.67818,17.27647,0.331841
23.9119,22.51656,20.76063,19.59209,19.10984,0.6295105
19.77485,18.44628,17.6026,17.18811,16.90055,0.1496854
20.88463,19.08085,17.87081,17.44182,17.08734,0.2193551
24.81656,23.41112,21.24981,19.98444,19.62381,0.5780985
25.03348,21.19754,19.30505,18.55403,18.16018,0.4621055
20.39114,18.49793,17.4811,17.03153,16.66757,0.1294912
19.22067,17.66803,16.88425,16.47767,16.16558,0.09586065
19.88796,18.10379,17.19095,16.76173,16.44134,0.07143492
20.82843,19.10557,18.11067,17.67526,17.30918,0.122441
22.86395,22.48652,20.87175,19.92649,19.53754,0.5219859
20.05257,18.23042,17.18847,16.71355,16.38839,0.1496291
22.10986,21.68592,21.03754,20.56539,20.5034,0.1934474
26.20923,22.1295,20.23087,19.28065,18.84367,0.4866976
24.78271,22.74096,20.98096,19.73416,19.18274,0.6079353
18.79765,16.86625,15.89474,15.46112,15.10622,0.09346975
23.97478,23.26917,21.78893,20.4988,20.06302,0.7037092
23.4868,23.55342,21.79295,20.28445,19.74353,0.6896808
24.5375,22.87751,20.88594,20.02966,19.64842,0.4855307
21.11727,19.08089,17.90577,17.43985,17.17596,0.1521573
26.23177,22.78294,21.15732,20.09186,19.55914,0.6172795
19.58714,17.54128,16.40351,15.96425,15.5895,0.1440097
22.78809,20.74441,18.96404,18.32708,17.82693,0.3584158
19.31542,18.05268,17.60183,17.36986,17.14195,0.02011001
22.77468,21.31438,20.11869,19.33526,18.84431,0.5291669
20.4167,18.32483,17.39206,16.92681,16.64753,0.1486212
24.65754,22.0286,20.63006,19.77134,19.45709,0.5643398
22.31889,21.66681,20.60448,19.72617,19.37572,0.5998054
23.77183,23.02066,21.13844,20.06669,19.43007,0.7085575
22.65384,19.88636,18.27501,17.58552,17.2369,0.2896295
24.21026,22.62735,20.78312,19.84479,19.25367,0.4748119
20.64028,18.70727,17.70872,17.2638,16.95571,0.1086505
22.90271,21.72656,19.94462,19.14052,18.75235,0.4467182
20.1311,17.96851,16.93082,16.4898,16.12794,0.1059338
23.33157,21.80166,20.29238,19.4372,18.98509,0.4750145
19.50204,18.12503,17.37678,17.03462,16.74153,0.1126332
26.71699,22.3899,20.82375,19.58926,19.04711,0.6220813
22.80318,21.53077,19.82452,18.93948,18.4438,0.4701093
23.40229,21.60089,20.55157,19.70664,19.16329,0.2495735
23.27657,22.37545,20.4747,19.4934,19.15178,0.5537199
18.64955,17.6209,17.29981,17.15705,17.01455,0.01242932
22.59945,20.4959,18.84031,18.28354,17.9138,0.2936102
24.31317,22.43134,21.06515,20.18321,19.93399,0.486163
26.3637,22.96603,21.0537,20.01366,19.59507,0.4977832
18.22882,16.1054,15.07619,14.56772,14.15867,0.05392775
22.86903,21.63051,21.22005,20.94286,20.4257,0.1301923
19.42756,18.13752,17.64174,17.29099,17.03947,0.07313892
20.38008,18.77031,17.81862,17.34296,17.02507,0.1499889
22.95907,21.9408,20.79455,19.79552,19.20542,0.6013449
24.75505,21.07568,19.33764,18.57275,18.17372,0.4537115
24.61751,22.13481,21.05473,20.03933,19.53315,0.5069665
19.16646,18.15766,17.77129,17.58887,17.47155,0.02330861
24.87774,21.06813,19.37054,18.6338,18.42182,0.2847419
25.96795,23.17987,21.69976,20.20093,19.46972,0.7158843
20.16023,19.6245,19.20037,19.11724,18.97325,0.253991
24.19596,21.96074,20.08701,19.15811,18.65779,0.5182136
18.67976,17.30309,16.69071,16.31914,16.0497,0.05881327
18.63501,16.747,15.79157,15.38037,15.04802,0.07752618
20.50923,18.3847,17.09924,16.58593,16.17692,0.1831714
25.95454,22.81361,21.57299,20.4282,19.66074,0.5581547
23.80406,23.96985,21.14785,20.06083,19.57362,0.4850653
25.59301,21.33238,20.12568,19.18565,18.74889,0.5586304
19.7394,17.85855,16.97699,16.55675,16.22464,0.08115926
19.41757,17.48277,16.44793,16.0226,15.67399,0.1144831
19.13927,17.75478,16.87227,16.42776,16.09847,0.159024
22.44894,19.21263,17.82536,17.20773,16.73635,0.2054038
24.74354,22.2878,20.83142,20.02788,19.5278,0.4310247
23.66245,21.13715,19.3825,18.51134,18.1038,0.4779227
20.38035,18.36866,17.36411,16.91667,16.57838,0.1129631
24.44273,21.92705,20.45325,19.57603,19.08519,0.4632678
25.61952,21.38204,19.56675,18.9057,18.60838,0.3803329
20.99431,18.73506,17.43124,16.90113,16.50907,0.1928386
18.69598,17.20238,16.56494,16.21433,16.03381,0.06195805
17.27793,15.39798,14.49034,14.04542,13.73724,0.06592841
26.33795,22.61246,21.00695,19.87107,19.46085,0.5345569
20.06201,18.88749,18.40932,18.12974,17.94333,0.04857774
20.37301,18.61048,17.54667,17.11489,16.78228,0.1445086
21.19254,19.00056,17.66579,17.07667,16.67388,0.2327631
22.61786,21.60466,20.59409,19.98459,19.43055,0.273252
18.88931,17.43389,16.64104,16.2809,15.99185,0.0829505
24.42222,22.18244,20.64003,19.85571,19.41949,0.4378785
18.74306,17.51584,16.8362,16.44594,16.19042,0.08477844
21.56329,20.62222,20.06499,19.96364,19.5358,0.742208
23.87447,20.21689,18.54946,17.89098,17.4603,0.2782382
24.23833,22.37016,20.56137,19.60918,19.25032,0.5826401
24.86506,22.85126,21.02126,20.22502,19.46453,0.5660581
22.25398,21.98914,20.60355,19.49059,19.11816,0.713448
19.56418,17.87761,16.83942,16.34233,15.94717,0.1156193
19.08427,17.9046,17.45013,17.08431,16.93357,0.07237474
19.59867,18.65282,17.80327,17.35209,17.08876,0.2218692
25.29004,23.53567,22.29591,20.26349,19.35463,0.8661273
19.94087,17.70666,16.52193,16.02205,15.60052,0.1365456
25.4021,23.32912,21.5132,20.03597,19.32274,0.6969891
19.88713,18.46668,17.63508,17.14787,16.83777,0.08062324
17.56537,15.92927,15.2029,14.79608,14.48165,0.04561776
19.64257,18.41278,17.68355,17.3112,16.99463,0.1372775
17.34979,15.65203,14.85028,14.42299,14.12536,0.01134013
19.83883,17.84755,16.87534,16.44153,16.09163,0.1173724
23.78115,21.20376,19.96625,19.19647,18.82139,0.4288538
19.46047,17.77651,16.87523,16.37221,16.04468,0.08807568
23.99517,21.38512,19.60291,18.80922,18.33429,0.4486387
20.75984,19.78757,18.53705,18.04422,17.613,0.3780015
19.45806,18.31504,17.5841,17.17281,16.93559,0.1447463
22.0527,19.1917,17.43145,16.77615,16.4468,0.3374618
26.55441,22.53297,21.02142,20.14478,19.46733,0.4770152
18.72321,16.93802,15.9898,15.52462,15.13346,0.08704335
20.32349,18.56833,17.58505,17.13926,16.77692,0.1104945
23.52964,21.82761,20.00796,19.16638,18.77934,0.4475604
18.98039,17.15379,16.21865,15.81387,15.49467,0.1311851
23.07747,23.27657,21.12928,19.84378,19.31139,0.6276039
19.60718,18.58019,18.01228,17.61575,17.47095,0.1341072
20.07248,18.07484,17.01707,16.48309,16.05682,0.0696598
21.73734,19.26774,17.59967,16.96229,16.56371,0.2849626
22.90776,21.76294,20.60506,19.84426,19.47684,0.55266
24.03417,21.07117,19.31936,18.62953,18.20163,0.3364383
23.3939,22.85633,21.18655,20.22316,19.8287,0.5325877
23.44901,22.62516,20.81951,19.84262,19.30945,0.552858
20.54785,18.4388,17.46419,17.02067,16.64623,0.09189515
17.74705,16.71223,16.24493,15.89799,15.73523,0.1165617
22.58043,20.23715,18.69127,18.08547,17.79123,0.2896196
15.30036,14.11678,13.62749,13.33329,13.17001,0.01811678
20.31221,18.08752,16.79901,16.30736,15.95319,0.2000753
19.44475,18.22838,17.58501,17.20427,16.93722,0.127006
20.2807,18.06359,16.98815,16.52672,16.1329,0.117235
25.78031,22.13337,20.35022,19.3029,18.83509,0.5960153
17.32904,15.53545,14.7447,14.36592,14.0923,0.02166561
23.75973,22.48911,20.4149,19.23785,18.75275,0.5974497
17.40627,16.21073,15.65025,15.22807,14.99598,0.08547309
22.62626,22.28619,20.50832,19.63706,19.10342,0.516548
22.51784,22.56178,20.61232,19.60773,19.15483,0.50592
23.69684,21.85818,19.84673,18.96723,18.47714,0.5019104
21.08672,19.34287,18.10546,17.59893,17.30614,0.1746222
22.59851,21.57247,20.0905,19.20131,18.76403,0.5335826
19.25223,18.15469,17.72592,17.51953,17.31327,0.03750645
23.77065,20.65974,19.00912,18.38652,17.99351,0.406926
23.02163,21.4723,20.59628,19.80676,19.44992,0.6255145
23.24201,22.5169,20.85866,19.82615,19.39454,0.590459
19.86355,18.1002,17.25765,16.82639,16.47055,0.03935936
23.65021,22.40811,20.86694,19.84601,19.29485,0.7189841
21.97387,20.76357,18.88198,18.21982,17.78405,0.3337567
25.19286,20.46585,18.69882,18.01357,17.63391,0.4139606
22.75035,20.78726,19.05256,18.45452,18.03503,0.3492254
19.72252,18.23815,17.27543,16.86365,16.52257,0.146951
20.27116,18.59999,17.63826,17.08599,16.7458,0.1157855
21.95187,20.29996,18.47228,17.84075,17.46537,0.3720809
20.23043,18.56634,17.92304,17.55749,17.29937,0.1391347
22.5395,22.50484,20.85619,19.82769,19.37071,0.5064234
24.38486,22.26171,21.04388,20.07745,19.59298,0.5472133
22.57805,20.75443,19.04591,18.44018,18.00538,0.3422042
23.50468,21.2106,19.41856,18.75511,18.43175,0.3556444
19.32518,18.15181,17.70142,17.39871,17.2007,0.04740471
19.20069,18.00344,17.42607,16.97355,16.72751,0.06045281
23.1669,21.58675,20.18248,19.44028,18.96665,0.5158829
18.01604,16.88368,16.37504,16.04907,15.84315,0.04708766
20.36909,18.74315,17.83238,17.38056,17.04492,0.1144655
23.85686,21.33806,19.64756,18.81278,18.3804,0.4304118
19.64924,17.88325,16.9955,16.57714,16.27409,0.08183119
25.3789,22.67832,21.027,19.86951,19.20436,0.640812
25.41795,20.81847,19.06273,18.35969,17.97012,0.3353027
22.70939,21.84256,20.22324,19.36895,18.85273,0.5066658
16.82335,15.59152,15.10525,14.83946,14.62414,0.02484193
25.02837,21.74135,20.01308,19.01452,18.59262,0.5097238
22.0422,21.46217,19.83483,18.84616,18.31306,0.5627996
26.04416,22.37289,20.77712,19.93598,19.46151,0.5374559
24.96637,22.9115,21.1139,20.03086,19.6078,0.544058
19.83016,18.16726,17.25603,16.79715,16.43426,0.08141904
18.46465,17.38102,17.07035,16.85632,16.67422,0.0417864
20.75667,18.93408,17.61551,17.15751,16.75844,0.1999324
24.16371,22.8526,21.17067,20.01371,19.62032,0.6009816
23.66361,21.79446,20.32473,19.38425,18.94601,0.5212504
19.05084,17.74761,17.21424,16.84097,16.63498,0.03630489
19.03943,17.74454,17.05459,16.68116,16.45554,0.09721424
19.30102,18.29289,17.76337,17.36112,17.27494,0.1653525
22.57439,20.58996,18.86595,18.21061,17.77189,0.3127752
23.49686,21.64973,19.84069,19.01541,18.56777,0.445671
25.77519,22.05136,20.52603,19.67792,19.23853,0.4297902
22.29552,22.25103,20.64981,19.77756,19.46971,0.4897617
19.38432,17.63378,16.71201,16.23913,15.88249,0.08925618
18.87094,17.95697,17.62159,17.3333,17.31095,0.08465102
25.35126,20.88423,18.98644,18.36552,17.96259,0.3708043
19.52895,17.76423,16.68882,16.21433,15.84538,0.136939
22.87134,21.02857,19.34071,18.49891,18.03984,0.4807929
22.66662,22.42796,20.92447,20.06038,19.57808,0.4346192
20.50099,18.93844,18.01408,17.48845,17.13221,0.2010474
23.92742,22.1711,20.30198,19.29026,18.92416,0.5243215
22.08162,21.67893,20.24415,19.37626,19.21984,0.4645328
21.93958,21.35507,20.04764,19.29075,18.87053,0.4989484
17.34312,16.36889,16.01099,15.84342,15.72716,0.01396442
23.13717,22.13755,20.64195,19.5882,19.06198,0.5337715
25.14713,22.06623,20.71567,19.72528,19.31904,0.6018934
26.35596,22.14019,20.35145,19.41497,18.97149,0.4987698
22.97435,23.05668,20.70479,19.51065,19.03462,0.6896989
23.27255,21.0011,19.41846,18.4951,18.06848,0.4668354
23.31379,20.48783,18.69839,18.09654,17.72065,0.3305673
23.19529,22.44494,21.10506,19.98619,19.66485,0.5277942
19.89862,18.47103,17.62395,17.21794,16.91582,0.1496837
22.3314,21.17289,19.45167,18.71852,18.21603,0.4454717
19.80737,18.01932,16.93093,16.44846,16.06011,0.149077
20.36636,18.60132,17.39919,16.92644,16.53333,0.1827168
23.08578,22.32795,20.74703,19.7398,19.3564,0.5368827
25.97763,22.76108,21.17662,19.86921,19.48457,0.5759343
24.2798,22.22225,20.63631,19.6967,19.30969,0.5213835
19.81297,18.17138,17.28826,16.88297,16.60898,0.2056154
22.23667,21.1987,19.62895,18.76216,18.32002,0.4601179
24.93079,22.14098,20.21755,19.26933,18.93916,0.526379
24.39301,20.87592,18.94336,18.22993,17.84597,0.3275724
21.02482,18.84353,17.3338,16.79032,16.42809,0.2392356
23.75839,22.2866,20.88302,19.86662,19.32667,0.5456468
23.29442,22.63631,20.7146,19.59581,19.06906,0.5758032
23.3956,21.50325,20.32428,19.49103,19.05958,0.5441214
23.66331,22.18503,20.25061,19.42736,18.80669,0.4912891
22.94815,21.60063,19.97032,19.39198,19.03216,0.3154335
18.84464,17.39551,16.56631,16.08198,15.72798,0.07318031
23.66215,22.3469,20.67553,19.49719,18.92431,0.6220648
22.96898,20.71819,19.0074,18.31428,17.77925,0.3923541
23.48565,22.14779,20.8874,19.94785,19.32007,0.4092299
23.96838,21.64116,20.49286,19.75026,19.37924,0.5219348
21.17368,20.48288,18.87302,18.27068,17.91247,0.3333298
23.37449,21.92246,20.68991,19.64075,19.20473,0.5760791
22.3053,20.25143,18.61697,18.02492,17.60562,0.2884077
20.42966,18.5578,17.37784,16.89423,16.53929,0.1806096
19.70678,17.64249,16.67945,16.2367,15.87246,0.08847246
24.77697,23.8507,20.68074,19.28803,18.73332,0.6766146
15.002,13.25014,12.4316,11.94721,11.61041,0.006685563
22.14334,19.85688,18.26674,17.66396,17.24588,0.2923676
20.2562,18.40608,17.61904,17.23169,16.94175,0.05854148
19.48188,18.25622,17.77069,17.53596,17.26349,0.02440353
24.80589,22.19876,20.28988,19.36366,19.04228,0.4707997
25.18863,22.40936,20.56275,19.53752,19.04384,0.5677924
19.085,17.78983,17.07232,16.61232,16.32227,0.09083197
19.42913,17.52109,16.54752,16.11374,15.74206,0.1023552
23.61263,22.00429,20.12788,19.09427,18.5325,0.6063907
20.77489,18.74287,17.42163,16.87384,16.48814,0.2255765
22.40127,20.80832,19.11648,18.41871,17.97468,0.3318809
17.95126,17.15941,16.79683,16.61898,16.49532,0.006197183
19.32514,17.95783,17.48858,17.35781,17.23208,0.04346249
22.82201,19.754,18.27467,17.5929,17.17053,0.1874939
22.8948,22.41604,20.5405,19.53351,18.8759,0.557167
22.61575,21.22833,20.17329,18.9502,18.54606,0.593122
24.57083,22.74225,20.70181,19.5361,19.08849,0.562085
22.75533,21.33842,19.58055,18.83218,18.38617,0.4278747
25.76908,21.37526,19.65524,18.73012,18.32012,0.4758351
22.21001,21.04925,20.64053,20.44045,19.93481,0.08800512
22.74527,21.95187,20.91833,19.90996,19.48481,0.6003981
19.04619,18.21951,17.95267,17.6562,17.61197,0.0905709
21.80304,21.44247,21.46698,20.83047,21.88391,0.4075162
22.69463,21.92349,20.17884,19.07387,18.72082,0.5857959
21.44226,20.81814,20.2755,20.3437,20.66952,0.1670464
18.08263,17.05547,16.60798,16.36546,16.17381,0.03767181
23.41259,21.94473,20.335,19.52112,18.95812,0.465104
18.83931,17.00181,16.06593,15.61665,15.26524,0.07492882
24.33169,22.67251,20.80297,19.91675,19.53783,0.4646046
23.93554,20.77153,18.93345,18.23478,17.76802,0.3510061
22.50911,21.99027,20.40297,19.39245,18.99977,0.568324
20.43155,18.60038,17.29918,16.80786,16.48454,0.2118661
18.36292,16.81221,16.08372,15.66132,15.38276,0.1020441
22.92216,22.43903,21.22261,20.82505,20.22863,0.4208609
20.00983,17.87316,16.77066,16.34748,15.94817,0.1067381
22.53328,22.23759,21.49228,20.33447,19.80651,0.7433721
19.97998,18.08373,17.1307,16.66089,16.29786,0.08476962
22.56159,22.90121,21.35115,20.10701,19.6937,0.6724073
22.44115,20.15546,18.53152,17.91656,17.50069,0.3301937
17.60564,15.6884,14.79852,14.34542,14.01396,0.04017343
24.70122,22.65169,21.3026,19.84,19.19718,0.6680096
18.37253,17.2353,16.77901,16.44846,16.31955,0.08098362
20.00025,18.39493,17.46612,17.00263,16.6904,0.157874
24.37754,23.06011,21.16757,19.73363,19.12062,0.683477
25.92328,20.43691,18.82854,18.21349,17.77226,0.3473358
22.29068,20.38689,18.7483,18.12974,17.6622,0.3105554
20.29995,18.49623,17.62175,17.24214,16.93801,0.08329241
19.76812,17.94587,17.00503,16.54652,16.20543,0.0812213
21.98776,20.38007,18.75974,18.13768,17.75431,0.3117509
21.55556,20.1316,18.2945,17.69633,17.28448,0.3619778
21.0968,19.29701,17.85228,17.2886,16.85251,0.2448376
20.90425,19.07905,17.58656,17.06839,16.67525,0.2520623
21.04275,18.76407,17.4299,16.89539,16.54372,0.1895325
19.21592,18.00839,17.49589,17.11262,16.86222,0.08772004
18.69289,16.97156,16.14869,15.7145,15.40349,0.08723669
20.2031,18.42124,17.49087,17.02636,16.68085,0.1304678
22.42459,21.10427,19.37369,18.63276,18.19286,0.4262736
18.78032,17.5474,16.99301,16.68377,16.43999,0.03281063
22.45957,20.712,18.90395,18.29726,17.95286,0.3769453
23.5225,22.19523,20.43039,19.44637,19.05318,0.4938487
23.9943,22.23373,20.86301,19.86625,19.4738,0.5381947
22.25336,19.50803,17.9009,17.26693,16.81899,0.2754253
21.91469,20.80398,19.55353,18.96282,18.6347,0.3846722
22.20431,21.39659,20.05404,19.19504,18.64849,0.5575064
21.98904,22.24623,21.12748,19.98747,19.58026,0.7267808
24.09849,22.33293,20.43226,19.61877,19.34554,0.4848822
23.18784,21.95845,19.71396,18.77677,18.43169,0.4665538
21.84017,21.15768,19.46829,18.5765,17.98339,0.4999391
23.92531,22.34384,20.67296,19.75211,19.3614,0.5247164
25.47805,22.94332,21.22051,19.9545,19.47213,0.6291765
19.60857,17.50877,16.45768,15.91491,15.47743,0.1129854
22.85499,22.6931,21.09344,19.9911,19.33245,0.5852724
24.87219,22.48964,21.45255,20.45485,19.89012,0.5603901
18.73435,16.83528,15.89845,15.49562,15.14348,0.08417733
20.03072,18.08842,17.03544,16.50447,16.08876,0.1309158
25.34072,21.92598,20.49838,19.51198,19.02651,0.5139103
23.69949,22.7943,20.77307,19.66477,19.17133,0.6125562
25.88663,21.96262,20.29757,19.17392,18.64775,0.5271166
21.90077,19.59796,17.78668,17.15463,16.72247,0.324064
18.58793,17.38751,16.85603,16.44719,16.20762,0.05922851
24.02857,22.19153,20.83294,19.98574,19.54492,0.5354482
21.61002,19.93173,18.2366,17.58861,17.13181,0.2988712
23.34944,21.44814,20.34202,19.62772,19.2438,0.2641911
23.10963,22.07387,20.54932,19.75913,19.07971,0.4740523
26.34136,23.69153,21.85822,20.22174,19.44228,0.7242735
19.3753,18.0161,17.42619,17.05678,16.93502,0.08187883
23.02462,22.16428,20.36879,19.53271,18.92883,0.5019516
20.34189,18.59205,17.66879,17.26805,16.94387,0.09799057
19.22729,18.04845,17.56921,17.27507,17.14516,0.05277009
25.78642,22.09356,20.69506,19.66752,19.35137,0.5593714
18.42381,16.56606,15.62659,15.1468,14.78974,0.07850038
20.22318,18.53454,17.3979,16.87562,16.50757,0.2105374
27.01323,22.0695,21.16719,21.13085,20.53476,0.2814732
25.14247,21.30449,19.35256,18.67203,18.32784,0.3195631
24.23252,21.38314,19.87231,19.11481,18.56636,0.5015701
23.67376,21.1481,19.30248,18.40329,18.02803,0.4808733
25.50809,22.15176,20.70006,19.83205,19.42588,0.5468086
25.03768,21.47277,19.15867,18.40668,18.07229,0.2861362
23.31703,22.79691,20.73945,19.58755,19.41122,0.6205912
18.71251,17.62315,17.18752,16.89303,16.6967,0.08552437
23.77156,21.89945,20.64421,19.61258,19.22032,0.5115398
24.44586,24.36333,22.00318,20.5063,19.61251,0.9667385
20.43005,18.31268,17.12617,16.64889,16.25668,0.1541406
20.30172,18.99969,17.94143,17.45383,17.12538,0.2195342
18.91281,17.89892,17.54269,17.32535,17.36393,0.05022789
23.16643,20.62709,18.82669,18.22707,17.91201,0.3456007
23.27586,22.21803,20.7084,19.69491,19.38606,0.5339274
23.75097,22.09656,21.53905,21.13032,20.74357,0.1475559
22.83467,21.89801,21.04622,20.75189,20.44202,0.4160998
24.08026,21.95952,20.17859,19.24008,18.72545,0.4858103
20.05791,19.88036,19.37651,19.99651,19.36453,0.2823173
23.74205,22.29146,20.9443,19.80874,19.23003,0.5375472
24.56748,21.96483,20.59018,19.68994,19.11969,0.5063639
24.60115,23.32998,21.22453,20.18558,19.67514,0.6235586
22.72804,19.90196,18.26304,17.66917,17.35208,0.30483
23.91132,21.90899,20.34807,19.78888,19.36697,0.2491423
23.0281,22.26616,20.34531,19.37241,18.86656,0.5242685
24.5859,22.66168,20.55459,19.55729,19.2859,0.5381207
17.4006,16.28152,15.84907,15.60405,15.40086,0.03276557
25.12502,21.03842,19.20746,18.61833,18.28532,0.3372973
24.38881,24.65938,21.76117,20.52882,19.79233,0.7318118
24.40781,22.79698,21.05525,19.88663,19.45017,0.5403479
19.13797,18.12006,17.73305,17.39803,17.23453,0.06570902
23.92957,21.18817,19.41494,18.63816,18.20734,0.4306554
20.0022,17.98718,16.6945,16.2097,15.82321,0.1822973
23.33455,20.10455,18.50471,17.97145,17.65861,0.2930593
20.5017,18.22564,17.2236,16.69511,16.29509,0.08414804
22.17316,20.57766,19.79833,19.47418,19.38945,0.1918235
23.64891,22.51466,20.8336,19.70277,19.16372,0.5748688
23.47904,22.85731,20.98674,19.91203,19.47391,0.5856104
19.65499,18.39502,17.49959,17.05483,16.74039,0.1418498
19.20394,17.38704,16.47666,16.06988,15.74119,0.08415757
19.29204,17.70238,16.96013,16.54853,16.288,0.09878141
23.06252,21.03846,20.35386,19.53234,19.25576,0.7606978
19.47717,17.81107,16.92666,16.47743,16.13741,0.1416581
20.21494,18.39827,17.37293,16.89213,16.48032,0.1042119
20.99833,19.18472,17.929,17.4632,17.07635,0.1888327
24.95296,21.75241,20.10847,19.3803,19.03472,0.4165522
22.23683,20.77843,19.47516,19.14641,18.75289,0.5151992
20.73478,19.13353,17.83779,17.29623,16.96946,0.2159307
24.42506,22.69609,20.78401,19.65516,19.52921,0.5692166
22.46193,21.99474,20.79433,19.83315,19.16691,0.657595
19.66051,18.23585,17.50956,17.04711,16.76785,0.07508112
19.19329,17.19965,16.31283,15.88272,15.53908,0.09100226
20.15566,18.31944,17.40413,16.99187,16.66059,0.08807518
21.60768,20.96487,19.82005,19.42735,19.02584,0.4617519
21.34089,19.01572,17.69177,17.14758,16.74255,0.1793143
17.76149,16.54338,16.08581,15.82439,15.65853,0.04246772
21.613,20.71839,20.1646,19.63083,19.53085,0.132883
24.58383,22.96928,20.66347,19.65536,19.10801,0.5794257
22.55613,21.30976,20.02157,19.40335,18.95991,0.371757
24.28686,24.49317,22.24714,20.971,20.74774,0.570739
24.76124,22.52747,20.8023,19.78813,19.25385,0.5438911
19.86033,18.04954,16.97472,16.44806,16.00882,0.1162227
19.44868,17.50936,16.53981,16.09032,15.75968,0.08104298
19.19302,17.7789,16.90509,16.43503,16.1952,0.1793549
22.46119,22.03243,21.00668,20.17748,19.78085,0.6933306
18.19019,16.24207,15.29466,14.83085,14.4905,0.06312977
22.33282,21.86287,21.16441,20.63888,20.3601,0.1822126
19.01073,17.82328,17.13869,16.7024,16.4273,0.07773671
24.46898,20.71643,18.94112,18.3329,18.10408,0.3157947
21.95646,20.87739,19.55403,19.0704,18.67086,0.4122983
19.23431,17.90094,17.20117,16.86932,16.57295,0.02894331
18.13594,16.34063,15.49986,15.0692,14.7437,0.03024096
20.89785,18.86303,17.76147,17.31467,16.93348,0.1517597
23.72647,21.02969,19.30186,18.61655,18.25757,0.3804573
23.4275,22.63457,21.13061,20.00072,19.8286,0.6176932
17.88402,17.00531,16.67786,16.46954,16.33963,0.02983111
22.47946,23.02685,21.24527,20.66322,19.90963,0.390589
22.89022,21.15312,19.40032,18.63859,18.1903,0.4328567
25.38086,22.97973,21.17781,20.01572,19.43007,0.646958
18.42649,17.34002,16.9105,16.56183,16.4052,0.06992946
23.31297,21.42819,19.60625,18.91401,18.46564,0.3967136
23.0782,22.3345,20.53866,19.54335,19.04647,0.489356
24.56652,20.30677,18.57058,17.95009,17.56503,0.3217115
19.10206,17.08959,16.10446,15.67268,15.322,0.08757104
21.81269,21.11591,20.08361,19.39006,18.97564,0.5487878
23.46229,22.98506,21.00573,19.53922,18.93714,0.5851071
24.35019,22.23543,20.29959,19.35126,18.79923,0.5062642
25.23647,21.68751,21.0074,19.77194,20.89938,0.472061
21.83341,21.34927,21.04476,20.70621,20.62584,0.5981069
23.75087,21.17436,19.78707,19.019,18.49706,0.4280955
23.93808,23.00277,21.27082,20.24103,19.75705,0.5368596
24.07064,21.90822,20.42627,19.52054,19.15647,0.4380054
23.67854,24.42532,23.42957,21.96463,22.82689,0.01689907
23.18075,22.05486,20.17274,19.2364,18.87505,0.5031986
19.46301,17.80549,16.63376,16.00749,15.45163,0.05198183
24.87523,21.32052,19.49745,18.60415,18.07076,0.4851875
26.31455,22.2364,20.89727,19.45091,18.92856,0.691304
19.65634,18.45234,17.59472,17.19203,16.93004,0.2031299
24.54458,23.26972,21.23116,20.5827,20.65676,0.3574454
25.16805,22.05729,20.32366,19.3548,18.80421,0.5300309
22.12226,19.68546,18.58211,18.15152,17.71463,0.1394016
23.47072,21.87374,20.90084,20.28315,19.85543,0.1729898
24.66083,20.56734,18.8067,18.20016,17.79179,0.3323143
22.67387,21.7629,20.25191,19.49036,19.04874,0.3913996
22.97816,22.06635,20.5943,19.51173,18.90179,0.5840973
23.3451,21.71512,19.93682,19.06415,18.64082,0.4992329
20.51682,18.58843,17.53934,17.00923,16.60969,0.1185524
25.15315,22.85854,21.25079,19.97141,19.38943,0.5761611
24.91855,22.67929,20.87894,19.86793,19.46601,0.5652786
24.55524,22.15954,20.77412,19.61977,19.09262,0.5459858
23.0778,22.27763,20.57973,19.54935,19.01923,0.5350585
18.56801,17.38201,16.75504,16.39328,16.14498,0.1028595
21.7704,21.52926,20.05461,19.24684,18.71708,0.4209834
18.68743,17.78275,17.3108,16.92147,16.82964,0.1025437
25.53725,22.80845,21.24823,20.1118,19.67231,0.5576124
20.52873,18.70809,17.7172,17.29898,16.96434,0.1306251
24.4593,24.29665,21.38109,20.74458,19.86394,0.8244936
25.22059,23.26428,21.75878,20.56237,19.70635,0.7434248
20.17076,18.31452,17.48059,17.12639,16.82139,0.09752673
18.62551,17.23164,16.55932,16.1805,15.91817,0.06381946
24.67253,22.26222,20.88914,19.91397,19.34456,0.4772547
20.32755,18.34648,17.19412,16.71376,16.30916,0.1496339
22.42705,20.48506,18.79644,18.13366,17.68766,0.3508876
19.2867,17.95832,17.17408,16.74475,16.41903,0.1482422
25.81616,23.82283,21.65872,20.40382,19.62589,0.6928087
23.05479,22.40882,20.67457,19.29276,18.71633,0.6901758
22.93546,21.99896,20.63778,19.50391,18.9636,0.2174197
17.02505,15.07137,14.19486,13.78339,13.48647,0.0677539
19.26203,18.2125,17.69984,17.37046,17.16718,0.1163748
23.31807,22.22634,20.53143,19.62567,18.98091,0.5230189
25.8493,22.8484,20.63316,19.45272,19.07893,0.6285707
24.44311,22.33374,20.29873,19.43334,18.79769,0.511135
19.40652,18.54347,18.06119,17.67223,17.5188,0.1511175
22.96401,20.94818,19.23309,18.54076,18.06442,0.4108897
24.54432,18.88995,17.6227,17.12509,22.77442,0.2254309
19.52087,18.58617,18.21799,17.85122,17.79486,0.08296216
23.24329,22.59906,21.17272,20.00638,19.58933,0.593275
24.18579,23.14826,21.47364,20.47554,20.09311,0.5389475
21.94141,21.63993,20.57501,19.78195,19.33937,0.6001732
23.51866,22.40485,20.13995,19.0528,18.68435,0.6375295
24.86429,22.68719,20.86605,19.88249,19.37275,0.5735338
25.31874,22.33993,20.65277,19.66545,19.38137,0.5668833
19.21471,17.21678,16.21563,15.78574,15.42265,0.1028747
22.71884,22.3144,20.62337,19.67296,19.06994,0.5604262
23.33409,22.45622,20.96349,19.80624,19.4125,0.5504626
20.00561,18.42951,17.46425,17.05866,16.75461,0.1223188
21.60106,18.96518,17.67249,17.10877,16.70652,0.1625596
23.49881,22.75588,20.66097,19.44213,18.73041,0.6585007
18.09883,17.18917,16.90491,16.69702,16.58069,0.04050918
18.05501,16.10338,15.21678,14.80099,14.54491,0.05345204
23.05644,20.18708,18.5162,17.94891,17.50879,0.3093514
25.67959,22.467,20.53694,19.47502,18.99099,0.5228159
24.61692,21.69832,20.19438,19.30293,18.72437,0.4829676
18.89699,17.21092,16.39155,15.94247,15.60263,0.04030824
26.1398,22.44242,20.34068,19.16298,18.63039,0.6551273
20.78864,18.63115,17.17682,16.63317,16.24419,0.2222592
22.9554,24.43718,22.46089,21.10697,19.80989,0.8733675
19.74234,17.74308,16.81565,16.38737,16.09263,0.07612113
20.71636,18.51779,17.41164,16.91913,16.52613,0.1357055
19.6892,18.20602,17.45729,17.01998,16.6974,0.07326705
20.57167,18.85483,17.84785,17.38458,17.08819,0.1495223
21.39119,21.52441,20.49406,20.05986,19.36978,0.6310501
22.92955,22.04351,20.30524,19.36395,18.88646,0.5133436
18.81479,16.91118,16.41917,16.17832,15.9047,0.02355934
20.39826,19.3584,18.56634,18.18004,18.04008,0.200228
20.1666,18.06916,16.9019,16.42442,16.05683,0.1592507
22.36034,23.19839,21.00888,19.72708,19.33569,0.7183412
18.02143,17.08564,16.7562,16.48539,16.35295,0.04951096
17.5931,15.76669,14.88423,14.41485,14.06985,0.0532371
17.31221,15.28709,14.39582,13.96737,13.63943,0.04080328
19.96881,18.41456,17.45417,17.03035,16.68839,0.1265133
20.31429,18.36645,17.32428,16.88182,16.50008,0.1228116
26.14898,21.53976,19.80602,18.85133,18.05271,0.5452389
19.11242,17.61934,16.87255,16.44748,16.16137,0.05208408
26.39404,14.74279,13.82646,13.92899,22.88977,0.2061218
26.06624,23.1012,21.04644,20.05971,19.48757,0.5721082
23.95868,22.40869,20.75327,19.71165,19.13114,0.566269
22.65801,20.10212,18.48925,17.86014,17.44706,0.2957047
20.37624,18.39888,17.33349,16.89317,16.55535,0.135606
20.21851,18.70641,17.61022,17.05292,16.67321,0.1796099
25.45525,21.02137,19.27254,18.58642,18.20925,0.4243098
19.84099,18.36415,17.18364,16.68031,16.3328,0.2147131
21.05956,19.83601,19.27464,18.95211,18.84154,0.1671343
17.9315,16.0318,15.18014,14.77863,14.46126,0.04623495
19.53255,17.67829,16.70309,16.26295,15.91723,0.1233387
20.27798,18.66822,17.68787,17.21471,16.83614,0.1752886
19.87376,18.26213,17.41369,17.01694,16.75869,0.08835216
19.14648,17.90104,17.30717,16.84953,16.60599,0.06101532
25.5012,22.0558,20.29781,19.49991,19.08418,0.4238048
23.2417,22.57921,20.85189,19.83492,19.26908,0.5596091
21.16792,18.97699,17.71725,17.20474,16.8464,0.1961606
18.51333,17.34428,16.81155,16.54236,16.36656,0.04711344
20.71588,18.09968,26.27825,25.72778,24.42436,0.1507341
20.09992,18.07545,17.20976,16.65739,16.34411,0.1116795
25.50762,23.13887,20.79383,19.86776,19.44677,0.4790623
22.91643,20.61549,18.82213,18.20378,17.77465,0.3513465
26.56235,22.63812,20.72604,19.86857,19.67469,0.412648
19.40763,17.58533,16.63974,16.2109,15.85421,0.08505735
19.6856,18.13282,17.34916,16.95134,16.64973,0.08461059
24.53116,21.17064,19.24769,18.42459,17.98022,0.4808878
25.28314,21.35612,19.59736,18.92798,18.56301,0.4229727
20.22425,18.40793,17.45351,17.08015,16.77206,0.1509646
18.56496,16.8087,15.82913,15.36071,14.9889,0.09585926
23.23078,20.14151,18.54054,17.89657,17.56026,0.3179673
22.40127,21.91542,20.56412,19.55305,18.98417,0.5251572
22.2102,20.75902,18.99239,18.34715,17.90455,0.3958248
19.04743,16.87117,15.78699,15.31259,14.93369,0.0877929
25.13201,22.7312,21.03109,19.69692,19.24902,0.6217935
25.26127,22.49966,20.80244,19.83187,19.31736,0.5590506
24.96456,21.69983,20.31535,19.55161,19.24104,0.5212515
26.35452,22.66805,20.92314,19.88918,19.38231,0.5644622
22.16802,22.01233,20.43675,19.61674,19.2003,0.6036627
23.02944,22.16426,20.33145,19.52523,19.09688,0.4369537
26.26281,21.8203,20.21365,19.38433,19.00985,0.4653164
21.63604,19.50012,18.25359,17.74254,17.41851,0.181113
16.63782,15.67488,15.26671,15.07679,14.89407,0.02016207
20.3677,18.38642,17.32524,16.87083,16.49627,0.1405804
23.44871,22.29842,20.52799,19.6801,19.14757,0.4844869
20.62912,18.49782,17.38807,16.93129,16.53872,0.115644
20.25112,18.99099,18.49705,17.73571,17.4185,0.1386752
19.62849,18.1988,17.45685,17.08264,16.80154,0.1230725
23.55036,22.34437,20.73334,19.78683,19.38879,0.5258551
25.62764,22.69604,20.98141,19.80468,19.33206,0.5635316
24.86819,22.29811,20.62828,19.66684,19.22566,0.7883698
19.46546,17.82151,16.94532,16.53046,16.2055,0.07280552
23.61153,19.93474,18.26378,17.63969,17.28999,0.2962067
26.2216,21.3516,19.52111,18.60671,18.03437,0.5050785
20.4652,18.49881,17.42531,16.98174,16.57538,0.14329
25.46931,22.4628,20.97717,20.0245,19.79133,0.4906198
23.98127,22.23056,20.50172,19.54324,19.28218,0.522431
19.1929,18.09323,17.61686,17.3168,17.16804,0.08629435
24.79144,22.45164,20.88952,20.00522,19.57307,0.4822927
21.21785,19.24563,17.84761,17.37438,16.97009,0.2293367
18.45739,16.7519,16.00312,15.63624,15.32558,0.02379078
18.93295,17.62261,17.00974,16.65435,16.42755,0.05973842
24.5443,23.73237,21.85363,20.74609,19.98822,0.6476956
19.16942,18.08608,17.62819,17.31581,17.21268,0.08775959
24.95368,22.00397,20.40277,19.55702,19.06127,0.5349177
20.63543,18.49553,17.12964,16.60227,16.23261,0.191862
20.06787,18.46601,17.69269,17.22798,16.97739,0.1215045
23.19773,21.60966,20.04078,19.14085,18.69432,0.4733915
20.76075,19.005,17.76491,17.11052,16.48327,0.07982544
23.67303,22.00578,19.87662,18.79114,18.35423,0.5491672
21.98858,21.12878,19.29534,18.63091,18.28405,0.3794796
24.93829,22.73984,21.13558,19.94593,19.4102,0.6281555
20.48009,18.49137,17.52464,17.12708,16.78388,0.1095695
20.32369,18.46459,17.5178,17.06995,16.75961,0.1807825
17.54542,15.64897,14.84944,14.45058,14.14638,0.05038764
25.97859,22.49594,21.05546,20.14912,19.81316,0.549287
21.39611,21.26245,20.29053,19.49552,19.18424,0.7154741
19.30639,18.07617,17.48455,17.10687,16.89499,0.04512895
25.36093,23.1367,21.52101,20.07188,19.56005,0.6972312
25.50906,24.11554,21.29191,19.9741,19.28418,0.6461327
20.48858,18.40471,17.20972,16.70132,16.26696,0.1384507
19.04543,17.27569,16.44287,16.01445,15.66356,0.04517534
19.86085,17.702,16.49528,16.049,15.65498,0.1582888
17.64499,15.74391,14.87046,14.44453,14.12068,0.03388923
21.95527,21.15219,20.39956,19.28803,18.74833,0.661254
20.63425,18.69497,17.74367,17.25504,16.97868,0.1198002
24.45855,20.0983,18.35197,17.80251,17.40443,0.3136902
22.62184,21.8201,20.10048,19.34019,18.61488,0.4616992
23.90212,22.79297,21.09018,20.00608,19.52148,0.5985699
24.54279,20.66869,18.98984,18.38785,18.01931,0.373038
22.16222,21.83734,20.52841,19.73414,19.32205,0.4074295
25.15298,22.34949,20.9478,20.00061,19.473,0.6892916
20.49594,18.43063,17.24778,16.75936,16.36514,0.150777
22.90858,22.551,21.6674,20.39086,19.7082,0.6417095
23.89776,20.69602,18.94819,18.32226,18.0405,0.3444158
22.55912,21.72231,20.73826,19.69819,19.34974,0.6189976
20.3011,18.31466,17.30522,16.86016,16.49487,0.1043742
22.16485,22.09057,22.51072,21.79249,22.82691,0.05657253
18.9068,17.70425,17.16875,16.82837,16.66305,0.07931866
23.92284,20.85765,18.97414,18.30719,17.96567,0.3797729
22.33319,22.65234,21.1094,19.78656,19.35618,0.6272433
24.25898,22.0078,20.28955,19.35323,18.76437,0.4962133
19.0112,17.8254,17.20933,16.7907,16.54024,0.05476107
22.06418,21.03522,20.70981,20.37817,20.06112,0.165046
20.92555,18.75132,17.49603,17.04067,16.63767,0.1830462
18.51892,17.33964,16.85554,16.51049,16.34961,0.09616388
20.8086,20.32841,19.78664,19.73211,19.17152,0.2994342
24.85259,22.58161,20.85336,19.85436,19.7016,0.5460281
23.62583,21.34969,19.48672,18.77447,18.35906,0.4176437
25.20164,22.26331,20.37814,19.51651,19.06826,0.5104345
22.61062,21.69709,20.19929,19.2551,18.705,0.5284303
24.93511,24.78254,21.70393,20.05623,19.52051,0.6836984
25.30664,22.5277,20.45577,19.38125,18.88386,0.5511954
24.65152,22.19105,20.72372,19.60823,19.22054,0.6170204
22.6049,22.18831,21.23158,20.11131,19.55578,0.6259423
19.87973,17.93119,16.95421,16.47516,16.07595,0.0903394
22.71716,21.83164,20.44489,19.53201,19.149,0.4933979
23.77567,21.96736,20.60885,19.36873,18.79111,0.5850739
23.85201,21.25067,19.52934,18.72176,18.21726,0.4991836
22.99183,21.73147,20.78683,20.04648,19.51507,0.4917847
22.77676,21.98784,20.31636,19.27263,18.65749,0.6339528
24.01297,21.96003,20.82894,20.03256,19.79912,0.5053648
23.77621,20.86477,18.99072,18.34584,17.90861,0.3745646
21.56151,20.13834,18.89063,18.35608,17.96591,0.2620427
22.15503,19.28529,18.06542,17.5045,17.07574,0.1285041
20.31127,18.44212,17.53969,17.1574,16.82344,0.109132
24.78981,21.84679,20.40896,19.60004,19.16176,0.4709781
23.14176,22.97486,21.49193,20.40197,19.76399,0.5967671
19.59875,18.32573,17.84116,17.59335,17.55375,0.06953073
19.13656,17.66111,16.81628,16.38069,16.05429,0.108477
19.96213,18.29939,17.29555,16.83694,16.53134,0.1246729
18.72114,19.46362,18.88122,18.12096,28.23451,0.7273657
25.29855,22.49225,20.76244,19.66746,19.22429,0.5579317
18.85299,17.09991,16.28662,15.88809,15.57737,0.05791375
22.97682,21.84176,20.10874,19.25102,18.87733,0.4730266
22.61242,21.04263,19.36349,18.60094,18.18733,0.4251845
20.09627,18.15744,17.12556,16.70223,16.35069,0.1403831
19.84793,18.19306,17.30009,16.77737,16.37358,0.08421936
24.08647,24.3067,20.98823,19.64664,19.1729,0.6440031
18.80853,17.75405,17.38834,17.12594,17.03663,0.05695716
19.1236,18.01286,17.41913,17.0041,16.79088,0.1208271
22.4941,20.87167,18.91682,18.22762,17.81035,0.4161426
22.01334,21.22001,19.76572,19.13429,18.90288,0.2661693
22.54407,20.9123,19.14568,18.42336,18.0269,0.418523
18.98317,17.05936,16.11063,15.68803,15.34374,0.08300954
23.1442,21.71432,20.2194,19.46528,19.35044,0.5052239
21.37084,19.94337,18.66479,18.16727,17.78057,0.1937399
22.04432,20.54602,19.20513,18.55002,18.24683,0.2506216
24.0736,21.45671,19.89095,19.05832,18.49693,0.4430406
23.28643,22.60057,20.84974,19.84338,19.13541,0.5798689
24.0162,22.02943,20.73831,19.52635,19.10048,0.650696
19.62661,18.40022,17.67656,17.25558,17.0158,0.1018683
23.21841,21.75294,20.24415,19.59703,19.3343,0.3909725
18.87534,18.12531,17.88073,17.7018,17.56899,0.03401096
19.62934,17.9549,17.08601,16.66445,16.33109,0.08833205
22.98345,21.87564,20.17819,19.36392,18.99913,0.4990703
23.87144,21.85653,20.62058,19.73481,19.42943,0.5262792
22.74883,21.97619,20.66088,19.79757,19.59738,0.6378149
26.77622,21.85474,20.31683,19.33357,18.95043,0.4722999
22.98252,21.60945,20.01758,19.15835,18.67822,0.5058843
22.6757,22.01857,20.27901,19.48415,19.13023,0.4469217
21.55663,19.55531,17.93817,17.33861,16.95835,0.2939512
23.69639,21.29301,19.31075,18.59455,18.24207,0.4278868
19.0506,17.88891,17.15664,16.69691,16.39757,0.1807489
18.98857,17.83158,17.20015,16.87108,16.65565,0.1120274
22.28356,20.48176,18.7299,18.10118,17.74287,0.3055609
23.61253,22.71363,20.99489,20.01876,19.59935,0.5490813
22.58932,20.11027,18.30194,17.71309,17.28959,0.3123822
23.3482,22.1546,20.53891,19.76247,19.15266,0.4734522
22.2928,21.44683,20.16228,19.37763,18.75906,0.4883635
25.47396,21.89999,20.00752,19.10056,18.63029,0.4777114
19.9102,18.13165,17.22503,16.81044,16.50771,0.08270188
20.21494,19.476,18.99833,18.67626,18.56414,0.1823826
18.68937,17.45059,16.69907,16.30037,16.03247,0.1257723
20.87628,18.89237,17.722,17.25259,16.91983,0.1878519
23.26982,22.53615,20.9621,19.99766,19.56191,0.5387589
19.39104,17.9709,17.13745,16.69071,16.39342,0.1475221
22.75077,19.78293,18.06962,17.48116,17.09032,0.3064177
19.2562,18.62145,18.41834,18.16267,18.19334,0.1204563
26.28613,22.55464,20.98659,19.9251,19.35242,0.5217634
23.17926,21.9072,20.34589,19.39738,18.72726,0.5494416
23.85466,22.52325,20.49692,19.61366,19.1424,0.5072212
22.80969,21.48909,20.54051,19.81644,19.1403,0.524115
19.71625,18.43449,17.61443,17.18211,16.92843,0.1621065
26.08725,21.08174,19.27631,18.66625,18.37076,0.3856444
22.55792,21.99133,20.85644,20.01313,20.58271,0.5136347
24.09537,22.93843,21.50462,20.41959,19.83349,0.6128603
25.88418,22.17075,20.27332,19.39994,19.24371,0.4590491
25.18005,22.36533,20.36385,19.3577,18.85711,0.5263885
20.41569,18.44776,17.42794,17.00732,16.64282,0.1117785
22.22437,19.28933,17.67903,17.08157,16.83068,0.262639
20.96295,20.87195,20.28695,19.98233,19.92932,0.4597597
21.31823,21.17018,19.84581,18.77761,18.27012,0.5763719
24.42284,21.73026,20.09562,19.27512,18.83789,0.4508137
20.11011,18.29478,17.22196,16.76631,16.4086,0.1274091
20.26858,18.29976,17.30683,16.88622,16.56499,0.1039578
22.31273,22.31737,20.73273,19.65446,18.9552,0.6990125
21.05106,19.18162,17.66305,17.07632,16.63285,0.2647091
26.20043,23.33058,21.08597,19.75418,19.03559,0.7430815
24.09277,20.77751,18.9212,18.27979,17.89797,0.3756605
21.29518,19.1783,18.1622,17.687,17.28269,0.1226188
23.83643,22.6601,21.48653,20.28452,19.8002,0.6785054
19.1263,17.82135,17.05154,16.64113,16.32567,0.1167462
22.41965,19.78438,17.93689,17.1577,16.72505,0.4217702
24.41372,22.5958,22.03969,21.49568,20.93843,0.9594985
20.46624,18.41719,17.28818,16.8245,16.46416,0.149734
22.47538,22.56958,21.27051,20.3219,19.91426,0.6895058
20.30649,18.13256,17.10242,16.68771,16.32092,0.1518111
23.47867,21.77648,20.3221,19.19401,18.71039,0.5818239
22.22758,20.77391,18.93082,18.13157,17.61106,0.3927825
19.54553,18.18897,17.64177,17.29536,17.15718,0.08998345
19.3856,17.54853,16.59646,16.13941,15.78721,0.07949738
21.14333,18.96335,17.92622,17.48107,17.12297,0.1152265
20.17022,18.09046,17.03104,16.53198,16.09293,0.0885445
23.9844,20.8161,19.28744,18.52938,18.13826,0.4327177
20.28841,18.80576,17.9032,17.45911,17.10105,0.1482538
18.64817,17.41864,16.94412,16.58792,16.39239,0.05111692
21.10418,20.62339,20.26047,19.45384,19.24905,0.8570825
22.27315,21.02245,19.12741,18.44935,18.03001,0.3530129
19.53198,17.98209,17.34943,17.12399,16.87711,0.03655308
19.10645,17.94469,17.40574,17.09258,16.9206,0.1115383
19.83549,18.00803,17.01969,16.57731,16.21768,0.09721833
24.79812,22.26871,20.74411,19.79219,19.26355,0.542961
17.91976,16.90979,16.58541,16.39873,16.32845,0.03142289
20.18176,18.68012,17.78676,17.35732,17.12383,0.1300039
20.07545,17.97976,16.91333,16.45234,16.05436,0.1362148
19.51077,18.19618,17.64768,17.27886,17.11516,0.1367299
23.70717,21.89474,19.77892,18.87221,18.30383,0.5100651
25.41701,22.97774,21.22528,19.92618,19.18583,0.7120108
24.47361,22.20383,20.6018,19.39403,18.99739,0.5332412
19.54173,17.43904,16.34384,15.83222,15.41977,0.1132895
19.54668,18.30909,17.77914,17.44037,17.31155,0.110682
18.88987,17.94417,17.47065,17.22611,17.01732,0.02599834
19.73583,19.09975,18.78909,18.48543,18.51384,0.1774331
22.26624,21.11877,19.24688,18.58674,18.22305,0.3949169
24.62707,22.47514,17.71547,16.84579,16.98603,0.1618302
22.77676,21.98784,20.31636,19.27263,18.65749,0.6343169
22.3023,20.67511,19.54566,18.99921,18.6198,0.2248047
18.97349,17.54252,17.04639,16.81821,16.66867,0.03879372
19.60422,18.25141,17.43384,16.98761,16.69778,0.1362179
22.48243,21.01361,19.74595,18.90492,18.3352,0.4884357
19.94826,18.15885,16.9314,16.37745,15.96326,0.163828
20.39497,18.37823,17.18383,16.69597,16.34327,0.1658465
25.41802,23.09597,21.29604,20.1703,19.62604,0.6152222
23.10229,22.78074,21.20655,19.93201,19.75616,0.6126227
26.30245,20.50207,18.82411,18.16394,17.68092,0.4108548
20.97864,18.75258,17.61118,17.12033,16.74611,0.1370011
18.8859,17.76088,17.27094,16.94378,16.80268,0.07236955
21.43032,19.76425,18.58002,18.0033,17.60104,0.2199219
20.72798,18.82349,17.8798,17.44901,17.11202,0.08182976
22.6576,22.02865,20.61057,19.60275,19.21101,0.5576069
20.17677,18.14989,17.05825,16.60586,16.19312,0.1214351
23.10951,22.28284,21.16596,20.1119,19.32435,0.5974123
26.12891,22.69715,20.2954,19.17541,18.78854,0.5810006
22.58355,21.42967,19.93556,19.30937,18.86169,0.2950973
22.02426,19.6969,18.36902,17.87881,17.54763,0.1989255
23.67136,22.04157,20.6357,19.70479,19.08808,0.5222299
19.52968,17.55491,16.49394,16.0624,15.70407,0.1251927
22.85691,20.681,19.01113,18.3572,17.95506,0.3748558
22.98528,22.53037,20.80736,19.67487,19.10634,0.52946
24.22668,22.39312,20.51821,19.70257,19.26083,0.4632036
18.0292,16.6509,16.12347,15.83811,15.63801,0.04462653
21.97225,20.52295,18.96773,18.41326,17.93347,0.4025421
26.28501,21.83515,20.42553,19.54189,19.33936,0.4940382
22.87746,20.63878,18.78166,18.16699,17.76908,0.3632398
25.62633,22.82559,21.06388,20.01308,19.47313,0.6025266
23.08164,21.55834,19.87409,18.99671,18.55496,0.471012
25.13189,21.47266,19.79833,19.17278,18.7069,0.403997
22.92785,21.46646,19.38623,18.80725,18.26362,0.392201
23.16199,23.32299,21.41065,20.09279,19.51428,0.6676654
21.95929,20.36389,18.72824,18.11377,17.75654,0.3686709
23.11943,19.97694,18.27158,17.66776,17.3169,0.3199877
25.49706,21.80317,20.0053,19.17446,18.80344,0.4587918
22.27001,20.58956,19.1284,18.50588,18.13517,0.2197858
25.63931,22.823,20.98879,19.68069,19.09252,0.6999125
24.38506,22.68469,20.79542,19.78797,19.40209,0.5141093
24.91136,23.69241,21.85597,20.56845,19.90385,0.6884084
18.77667,17.89857,17.64021,17.37638,17.31829,0.07235449
24.632,20.61261,18.70698,18.04015,17.88292,0.3569357
24.17354,22.66636,20.43675,19.34683,18.65149,0.651352
19.19161,17.91413,17.22518,16.81466,16.56646,0.09989683
19.60715,18.23069,17.43442,17.00115,16.7059,0.1017191
20.85675,18.88115,17.55611,17.02689,16.64389,0.2105119
25.02575,22.15084,20.51565,19.51693,19.03675,0.600607
19.23978,18.12379,17.6825,17.38812,17.22613,0.08114253
22.66248,22.11453,21.19646,20.30497,19.96775,0.7987254
21.79737,18.85773,17.64452,17.17603,16.71138,0.1712919
23.27789,21.24492,19.30297,18.41549,17.94468,0.4629093
21.32747,20.67616,19.87533,19.65372,19.33089,0.3583383
19.79388,17.95778,17.08282,16.66791,16.30449,0.04781452
20.01693,18.23595,17.33114,16.90367,16.57933,0.1207669
19.83645,18.51452,17.8183,17.42508,17.20632,0.06831619
25.96391,22.59288,20.57107,19.52106,19.10916,0.5743549
19.36697,18.04482,17.39697,17.00301,16.74834,0.07826691
19.3652,17.53926,16.57396,16.15189,15.81382,0.1033478
22.85295,22.48335,21.71341,20.61978,19.95587,0.7362012
21.09426,18.00359,16.20469,15.18166,14.47319,0.0002393494
22.45914,20.9436,19.77,18.81243,18.82078,0.5751221
18.82392,17.13294,16.29627,15.84516,15.47158,0.04335296
23.36314,22.24711,20.63465,19.50209,18.90886,0.670712
23.46657,20.48442,18.58967,17.94291,17.50119,0.3679064
23.51449,22.83247,21.01403,19.75096,19.1099,0.7021372
24.01198,22.20455,20.50453,19.59912,19.13021,0.4749733
25.20238,21.71977,19.89693,18.81396,18.38584,0.5158345
19.48562,18.10475,17.39748,16.98218,16.70274,0.1140024
24.39233,22.7412,20.97709,19.83995,19.32598,0.5761953
22.43971,20.43918,18.64904,18.01246,17.56895,0.3875856
19.51806,17.91293,17.03258,16.51406,16.09395,0.04889975
19.17875,18.05451,17.57174,17.25124,17.03582,0.04434826
24.13298,21.9597,20.29829,19.47808,19.04924,0.4733545
22.66281,19.9858,18.40441,17.79308,17.42923,0.2453502
25.36789,22.02776,20.32877,19.51078,19.08585,0.5114738
23.13448,22.79646,21.31712,20.23356,19.86761,0.5784062
19.57911,17.66449,16.6498,16.20287,15.85732,0.1099107
17.83845,16.75058,16.35098,16.09792,15.91327,0.0468175
23.77465,22.29361,20.63112,19.74263,19.19175,0.503657
20.53225,19.78598,19.47611,18.60959,18.18376,0.2997589
23.21041,22.57058,21.07133,20.09002,19.69588,0.4816269
17.82501,15.89573,14.96161,14.49114,14.17153,0.06904139
22.27112,19.86108,18.34307,17.72416,17.3539,0.3509073
19.93633,18.49824,17.7354,17.26146,16.87697,0.08383591
19.10505,17.73277,16.94361,16.58722,16.29841,0.1416766
21.21034,19.35508,17.8933,17.34148,16.94494,0.227604
22.13659,20.01014,18.39757,17.79496,17.41141,0.2682988
20.66927,19.54079,18.42058,17.8601,17.48919,0.1811823
20.29413,17.87704,16.4508,15.95434,15.60982,0.1924946
24.76245,23.97725,21.73516,20.58537,19.6409,0.7167764
19.41237,17.29939,16.23182,15.7607,15.39121,0.1094026
22.38781,22.22535,20.48958,19.42696,18.51171,0.6885204
22.50618,21.49432,19.75782,18.86327,18.18025,0.4547466
22.52866,21.48034,20.13488,19.3364,18.96494,0.5383683
22.74626,20.61778,20.0766,19.3552,19.16424,0.1754002
23.18544,20.31856,18.40936,17.78387,17.43719,0.3394632
19.7031,18.45726,17.71401,17.23687,17.00065,0.1470385
24.66613,24.81325,21.4838,20.47371,19.8084,0.5314263
20.3819,18.45238,17.60215,17.21527,16.85493,0.07593045
22.68696,19.93768,18.27627,17.65377,17.2606,0.3056455
25.1169,22.86711,21.0522,19.87119,19.42751,0.5853518
23.0348,21.18603,19.38223,18.69971,18.25307,0.3906768
25.38728,22.89024,21.26694,20.17386,19.70881,0.6165153
22.19609,20.89999,19.16903,18.46662,18.05203,0.4264545
22.57412,20.05383,18.25207,17.59612,17.30247,0.3593889
22.76834,21.49238,19.95187,19.11304,18.72591,0.4755243
25.3562,22.74568,21.20493,19.82281,19.30463,0.7183874
26.80866,21.10468,19.47038,18.6952,18.21618,0.4364544
26.82461,22.18002,20.53246,19.51434,19.2271,0.4736227
21.63392,20.83823,19.85145,19.44866,19.19974,0.2481389
20.88931,18.73795,17.55902,17.08374,16.7813,0.1663164
20.50585,18.53923,17.45197,16.98798,16.63394,0.1450422
19.39439,17.58274,16.66801,16.25677,15.92531,0.08612585
22.41929,21.87447,20.23831,19.31539,18.79597,0.4865732
24.73154,22.8614,21.35192,20.18869,19.96861,0.5961789
24.22114,22.41101,20.74696,19.82214,19.41563,0.5229055
24.57566,21.60908,19.56221,18.94348,18.50077,0.4703887
22.72528,22.11922,20.98297,20.03531,19.70288,0.535152
24.86126,22.00512,20.05839,19.17613,18.70267,0.5107314
24.62495,22.1998,20.45136,19.54924,19.17023,0.4730379
20.08417,18.88897,18.16075,17.68639,17.42629,0.127534
26.06076,22.11798,20.43217,19.51938,18.96838,0.566541
22.95589,19.78443,18.17974,17.53884,17.20902,0.2858649
23.33422,21.88899,20.8274,19.85519,19.58596,0.6690562
20.07013,18.47442,17.70537,17.3392,17.08196,0.07323683
23.85098,20.12791,18.62268,18.02524,17.60719,0.2859719
23.80462,23.47851,21.06777,19.73378,19.07431,0.6560361
19.56665,18.11278,17.34318,16.95816,16.67842,0.1148188
20.48879,18.74645,17.48453,16.88015,16.38689,0.1584116
25.05381,22.90031,21.46808,20.19767,19.53704,0.6536427
22.61432,23.11126,20.89008,19.8533,19.19923,0.61506
23.47962,21.79306,20.59202,19.85514,19.34195,0.3444218
17.82141,16.69353,16.17997,15.76843,15.55083,0.0588531
23.26879,22.84678,21.27889,20.02295,19.50226,0.6437417
23.3022,21.79981,20.38497,19.61714,19.21704,0.4752301
19.36106,17.38921,16.25861,15.77061,15.40405,0.1293933
24.63993,22.32173,20.77875,19.70041,19.16849,0.5675004
26.78819,21.86649,20.28092,19.33051,18.90587,0.5310072
20.79858,19.54044,18.28151,17.80073,17.38816,0.2934842
18.8164,17.04675,16.17271,15.70788,15.32437,0.04135537
24.37699,21.83022,20.20124,19.33093,18.89883,0.4528792
24.23739,22.68463,21.10078,19.77608,19.16618,0.6610614
19.56226,17.90505,17.02534,16.59434,16.26856,0.08009203
19.27496,17.74924,17.02209,16.65498,16.37686,0.03515251
24.5442,20.79732,19.1867,18.47074,18.05808,0.4444155
20.16402,18.27429,17.28299,16.84144,16.45396,0.09778262
22.49599,22.42896,20.91424,19.73135,19.33162,0.5523306
20.91735,19.10217,18.36581,18.07068,17.9058,0.001061186
23.61066,22.44817,20.79991,19.89349,19.56685,0.5125602
23.18221,21.42737,19.36211,18.56609,18.05125,0.4293735
20.34887,18.48693,17.57902,17.20027,16.88446,0.08250514
25.46386,20.67503,18.85399,18.21158,17.81599,0.3650084
20.57861,18.20466,17.44913,16.92911,16.67974,0.1173183
22.40286,21.1506,19.31374,18.38359,17.90354,0.4960714
22.24371,21.90141,20.8939,20.1003,19.64442,0.5731491
23.59782,21.27451,19.42911,18.74496,18.30014,0.3451943
22.78894,20.97102,19.15214,18.4928,18.04258,0.4065348
24.28856,22.39611,20.70969,19.60588,19.18682,0.5717098
22.67379,22.12137,20.71874,19.87699,19.48153,0.5197122
21.90794,21.45052,20.29277,19.3954,18.94522,0.5468772
23.63367,21.66747,20.33359,19.52848,19.11475,0.5213851
24.60016,24.20567,22.23926,21.02555,19.92272,0.8781247
19.73421,17.63358,16.56332,16.09409,15.69766,0.12377
17.70443,15.99919,15.14205,14.66632,14.28692,0.03347733
20.91058,18.60719,17.52954,17.3106,16.69545,0.1129867
23.22322,21.91607,20.13045,19.28989,18.71503,0.4867693
22.11815,21.71102,20.98142,20.09518,19.65876,0.6906343
21.60678,21.20154,20.40303,19.76171,19.2192,0.6297945
23.31569,21.16868,19.31783,18.62857,18.2127,0.4327845
24.18937,22.08268,20.47196,19.32342,18.76215,0.5782413
18.05871,17.06542,16.72894,16.55927,16.39627,0.01594334
21.24734,19.09319,17.80364,17.30286,17.02426,0.2020299
20.78291,19.54484,19.13623,19.52,19.98775,0.9215446
24.2675,22.55154,20.75795,19.7315,19.37664,0.6103285
20.50915,18.63227,17.71551,17.30176,16.98733,0.09100002
22.68159,19.92629,18.10048,17.47505,17.09772,0.3245455
21.05223,19.10347,18.07089,17.59088,17.24147,0.1308193
26.91824,21.90857,20.07636,19.13362,18.74583,0.4958898
20.68329,19.88708,20.35807,19.55534,20.11366,0.07875346
19.74125,17.86973,16.91485,16.4671,16.09599,0.1070341
18.71423,17.76911,17.44706,17.24059,17.21357,0.02535882
23.79322,22.0941,20.2043,19.4992,19.16473,0.3690283
23.3406,21.61493,20.10612,19.14808,18.79019,0.5129554
21.58171,21.03296,20.20428,19.25336,18.84369,0.6698792
26.56278,22.46311,20.61404,19.64656,19.15192,0.5191461
22.76303,19.75961,18.2107,17.68467,17.30786,0.2631636
23.6575,21.68349,19.87108,18.99459,18.56082,0.467393
20.04267,18.4858,17.80978,17.4837,17.20315,0.05047752
19.01908,17.9804,17.47823,17.01997,16.86898,0.07248693
22.40516,20.33004,18.93875,18.41098,18.11651,0.2485329
23.25162,22.24663,20.77471,19.83249,19.55664,0.5114015
25.28587,22.30215,19.87839,18.98511,18.51451,0.4783222
22.27602,20.26787,18.49409,17.86966,17.51976,0.3600248
16.76177,15.33314,14.62573,14.2515,13.96212,0.04765764
17.93806,16.02656,15.09312,14.67406,14.33487,0.04986536
18.60792,17.54641,17.13568,16.76884,16.64853,0.08187867
23.13976,21.55885,19.58951,18.9198,18.29753,0.4290105
23.91838,22.37382,21.08048,19.90523,19.40902,0.6091403
21.86547,20.65659,20.01965,19.70833,19.55257,5.313475e-05
21.56175,21.12893,20.33908,19.76791,19.4944,0.6093311
21.93059,19.93463,18.66407,18.13483,17.73498,0.1773207
22.38795,20.07112,18.31205,17.70067,17.34713,0.3776335
24.49274,21.31345,19.5344,18.52673,18.02116,0.510531
25.95169,21.34484,19.54437,18.82775,18.52126,0.4112506
18.76057,17.5513,17.02137,16.75071,16.50355,0.09553675
23.24882,22.02163,20.71396,19.5639,19.11947,0.5600387
18.97908,17.07681,16.18239,15.75378,15.42182,0.06761101
23.96057,22.78863,21.36275,20.51045,20.07067,0.4851663
19.38095,17.52617,16.46634,16.01484,15.62553,0.1207544
18.05944,17.17224,16.84867,16.69994,16.55445,0.0190497
19.53539,17.69525,16.76719,16.36069,15.98606,0.1033635
19.51498,17.71908,16.7505,16.2527,15.82526,0.09596653
19.84291,18.13289,17.3553,16.94298,16.63723,0.06880063
26.07453,24.03389,22.27163,20.74444,19.91746,0.6996424
18.5143,17.25373,16.74045,16.38139,16.16051,0.05480139
23.65486,21.81105,20.47885,19.7364,19.46625,0.4304299
20.80244,18.78375,17.47664,16.93199,16.6331,0.1973805
23.15498,22.6286,20.99553,19.70485,19.2259,0.6470336
21.81257,19.75205,18.2634,17.692,17.37124,0.2630644
21.41595,18.95,17.53159,16.98847,16.58191,0.2293243
20.01357,18.55761,17.59164,17.14066,16.86696,0.1954688
22.41058,21.77853,20.97618,20.88701,20.49964,0.3895856
24.17668,22.12278,20.54283,19.53305,19.01785,0.5346924
24.80302,21.99263,20.56373,19.6441,19.27286,0.5455104
19.64431,18.39943,17.71998,17.32212,16.99407,0.09446133
20.64472,19.7466,18.35366,17.81761,17.41717,0.376966
25.0568,22.26131,20.39749,19.53065,19.07956,0.502507
21.37365,19.45385,17.96837,17.33845,16.90325,0.2307156
24.63052,24.28392,21.74165,19.88314,22.46867,0.08824813
24.35192,22.36022,20.56238,19.53083,18.98399,0.5935322
24.27826,20.95289,19.12666,18.44221,18.10674,0.382482
20.08349,18.39978,17.24265,16.69384,16.37076,0.1719903
21.61016,21.21754,20.33865,19.5463,19.40878,0.5956823
19.34822,17.42502,16.50129,16.0606,15.72245,0.07573065
20.10279,18.31608,17.38612,16.89956,16.55191,0.08666075
24.86072,23.65007,21.88176,20.58618,19.87112,0.7461109
20.65591,18.52098,17.49685,17.05227,16.61941,0.1395765
21.92616,20.55442,19.00043,18.38663,18.06018,0.3189323
24.83773,23.88542,21.12589,19.9946,19.88743,0.6105745
24.8785,21.50747,19.57094,18.78276,18.25817,0.4340605
21.80339,21.42697,20.19343,19.46349,18.9929,0.6132351
20.5943,18.64431,17.63811,17.18193,16.80873,0.1252228
24.65283,21.75233,19.98284,19.17983,18.60921,0.4664814
22.59852,22.35505,20.48659,19.65711,19.32682,0.4722566
22.21198,20.98313,19.59261,19.03238,18.73011,0.2646878
21.62943,19.31051,17.88674,17.38304,17.01179,0.1925114
21.34756,19.01463,17.60711,17.09597,16.71611,0.2179775
20.71662,18.70685,17.63281,17.16778,16.81099,0.1256261
25.63206,23.03747,22.13241,20.6633,19.85836,0.6140738
18.91502,17.95408,17.45954,17.03364,16.93419,0.1372681
22.75901,22.17387,20.46048,19.56457,18.99643,0.4983101
23.91353,22.28495,20.44246,19.49513,18.93849,0.4867955
24.55896,24.44142,21.87211,20.73223,20.0646,0.1001594
25.51237,25.0731,21.76183,20.46986,19.63367,0.7432259
22.43479,21.99977,20.55639,19.74689,19.33094,0.5426998
23.23552,22.03576,20.51668,19.63376,19.13993,0.5235587
23.73877,21.34755,19.47475,18.85315,18.36605,0.3977824
17.46233,16.33316,15.95117,14.49681,15.37928,0.2048408
21.96318,20.68934,19.46636,18.81545,18.41253,0.2224134
18.09927,16.69645,16.04748,15.67135,15.4248,0.0533534
26.26181,22.31832,20.7839,19.88149,19.47073,0.4798871
25.64065,25.65099,22.84439,21.22791,19.93616,0.7294474
20.46821,18.44052,17.40117,16.96362,16.60019,0.1345112
23.19897,21.04882,19.33884,18.57508,18.28626,0.4266241
26.39033,24.28428,22.01058,20.80069,19.78978,0.7948046
25.47742,21.13674,19.40726,18.73859,18.41312,0.4232311
19.98388,18.42403,17.23204,16.7171,16.35566,0.2101925
19.49154,17.80301,16.86794,16.42322,16.05635,0.1125834
25.73304,22.11612,20.48333,19.48978,19.0542,0.5323502
21.29761,18.85607,17.64367,17.13808,16.81494,0.1832672
20.78255,18.56667,17.24974,16.77301,16.38069,0.1808681
23.79977,23.03664,21.06546,20.10062,19.63368,0.5275572
20.32157,18.37572,17.39478,16.95341,16.59094,0.08265997
26.29975,21.98139,20.40812,19.41216,19.15106,0.54181
19.87025,17.95596,16.95944,16.51263,16.13002,0.08975301
19.92666,18.49614,17.63139,17.19591,16.84736,0.1280845
24.67031,22.51321,20.73349,19.82764,19.33052,0.5035563
19.14335,17.20671,16.24081,15.82015,15.47841,0.09103554
26.21208,22.9218,21.03286,19.98051,19.39601,0.6041459
24.83864,23.16053,21.12605,20.02885,19.72439,0.5743948
22.31155,22.28219,20.50538,19.25315,18.69905,0.6703519
23.6155,25.20287,21.36035,20.32557,19.60602,0.6716991
26.29197,23.54387,21.82092,20.58861,19.91728,0.633203
19.27665,17.41925,16.40299,15.98722,15.65107,0.1325898
24.85246,22.70886,21.14392,20.18779,19.68215,0.4982408
25.36023,22.22882,20.5113,19.45535,18.89685,0.5732679
26.41453,21.40635,19.62834,18.86444,18.44437,0.4437691
22.7411,21.43867,20.157,19.43622,19.03031,0.2490156
22.62808,21.94761,20.28651,19.47466,19.00482,0.446476
23.105,22.69154,21.74831,20.65196,19.97729,0.6183046
24.6625,22.3295,20.68869,19.61515,19.27064,0.5267113
18.69204,17.60953,17.13106,16.82388,16.64757,0.09839579
26.5754,21.8518,20.17381,19.35609,18.91333,0.484336
22.1421,21.786,20.58593,19.51916,18.86717,0.6681811
23.39609,22.13076,20.73076,19.84165,19.34945,0.5837119
22.51003,21.833,20.12754,19.26781,19.04107,0.4784844
23.04038,22.84524,21.05639,20.16312,19.46842,0.5781541
18.60597,17.04959,16.26873,15.84391,15.50614,0.03368096
20.09395,18.24294,17.13242,16.67948,16.3306,0.1564065
17.66107,16.9616,16.99818,16.87846,16.9039,0.03066832
19.65885,17.69157,16.59929,16.16615,15.80136,0.1486761
21.05041,19.05051,17.74553,17.28994,16.92278,0.2011759
24.16717,20.79227,18.98132,18.23206,17.78434,0.4134083
24.13603,21.56221,19.94568,19.17385,18.75503,0.4340594
21.18028,19.60394,18.71305,18.17359,17.83191,0.1039701
18.82198,17.05847,16.21576,15.78593,15.44597,0.0484081
20.65696,18.72433,17.73486,17.29701,16.97176,0.1165489
19.17395,17.25643,16.45706,16.08262,15.89245,0.04628501
24.31383,20.97827,19.20774,18.59127,18.23109,0.3862087
18.5047,17.25381,16.71901,16.4066,16.25343,0.103081
25.01541,23.78527,20.64253,19.51125,18.96781,0.7424443
21.98402,20.9414,19.38562,18.31076,17.83724,0.6238624
18.17678,16.1857,15.24327,14.787,14.40182,0.03766533
22.80065,22.87068,21.0807,19.64067,19.20827,0.6936086
25.50994,20.55084,18.76978,18.10432,17.66624,0.3838035
19.53721,18.13142,17.43846,17.05745,16.79947,0.1095425
23.6884,20.52077,18.77661,18.12282,17.81858,0.4039011
20.93654,21.07469,20.12578,20.30759,19.78708,0.5222073
20.63159,18.86394,17.55536,16.97582,16.57993,0.2182221
25.19797,22.73921,20.95742,19.805,19.4222,0.5783448
18.06203,17.22339,16.81717,16.44899,16.38,0.09745187
22.30098,20.71293,18.96745,18.33722,17.91871,0.3185986
24.97001,22.62342,21.23613,20.05567,19.76975,0.6078746
20.67486,18.60556,17.62518,17.20057,16.84078,0.09571622
21.80315,19.40594,17.96587,17.45303,17.06276,0.1925182
27.6012,22.47655,20.03066,18.92332,18.31832,0.6681745
23.47381,22.14345,20.53539,19.5386,19.03816,0.4663631
24.63297,23.80076,21.1859,19.85264,19.506,0.6543126
20.75034,19.77661,20.04479,19.45785,19.69807,0.06877619
21.76842,21.72232,20.11838,19.2938,18.89338,0.4651364
23.65444,20.82213,18.9775,18.36022,17.89295,0.335078
18.86539,18.73119,17.77896,17.7882,17.73973,0.03129282
20.11147,18.27528,17.34764,16.94513,16.62926,0.0972037
19.70942,18.24878,17.64904,17.25233,17.07915,0.07700416
23.46903,23.22148,21.2811,20.15608,19.59573,0.5555182
25.3532,21.40976,19.83811,19.01303,18.65837,0.5056883
20.07253,18.46274,17.48789,17.06751,16.70967,0.1086656
22.58955,22.39546,20.71612,19.69653,19.29919,0.5327213
23.47327,22.07425,20.3089,19.32794,18.78295,0.5234419
20.55916,18.70729,17.48724,16.94739,16.52095,0.1412828
22.50503,21.41782,19.43999,18.71197,18.18055,0.4329655
25.19043,23.10627,21.48377,20.41093,20.01908,0.5890977
21.90957,19.37014,17.821,17.29001,16.86941,0.2655068
20.43891,18.64439,17.68106,17.2542,16.91834,0.1268269
20.30473,18.41304,17.44665,17.04904,16.7372,0.1318918
22.80131,21.16447,19.31636,18.74037,18.5047,0.3637945
25.61186,20.78802,18.92775,18.30692,17.88921,0.3834607
24.48123,22.15021,20.27262,19.35543,18.82581,0.478273
22.88991,21.62531,19.98932,18.98819,18.55918,0.4966692
19.01789,17.85998,17.34127,16.97491,16.80694,0.07159798
24.84035,23.0701,21.20377,20.09016,19.425,0.5339374
19.49105,17.90884,17.05826,16.67343,16.3508,0.1107347
27.55438,20.72351,18.96061,18.37577,17.93929,0.3359168
22.94212,22.05578,20.49468,19.63426,19.22975,0.5128735
20.5629,18.65217,17.73976,17.30198,17.01593,0.08631959
25.02993,22.14332,20.43456,19.6083,19.11888,0.5226404
24.24133,24.51471,21.44763,20.18283,19.62194,0.6103143
24.79066,22.22872,20.54589,19.66407,19.29972,0.4354737
19.18111,18.07685,17.51451,17.1215,16.92723,0.07235999
22.48694,21.55515,20.39545,19.54653,19.01712,0.6071565
25.48296,21.8167,20.98459,19.91832,19.51022,0.6738214
25.86915,22.21628,20.79073,19.64425,19.12876,0.5908712
22.66213,20.71302,19.03287,18.38356,18.00106,0.2937289
24.4094,21.83118,20.23133,19.1515,18.87169,0.5784653
21.81328,19.47888,17.80118,17.22379,16.86351,0.3081229
22.51812,21.43894,19.88129,19.04948,18.55288,0.4852822
19.65539,18.18772,17.26636,16.81691,16.44698,0.1332476
23.73079,21.95547,20.24964,19.23777,18.74937,0.538464
23.91391,21.94317,20.58109,19.72696,19.39945,0.4054058
19.60432,18.24687,17.54662,17.18493,16.93261,0.07254888
20.89916,19.51214,18.68796,18.18198,17.8921,0.1914145
23.7155,22.83426,21.39687,20.27082,19.47928,0.6938604
22.81388,21.49076,19.90142,19.11993,18.5118,0.436753
19.60715,18.23069,17.43442,17.00115,16.7059,0.101773
22.5914,21.65906,20.05771,19.24245,18.82716,0.4663316
21.877,22.48311,20.88576,19.57883,19.20732,0.6662261
18.63579,17.72171,17.38035,17.10633,17.01506,0.101362
19.85889,17.91893,16.94685,16.51172,16.16467,0.09220388
19.71723,17.97533,17.13367,16.68527,16.3459,0.1082418
18.1933,16.8157,16.19225,15.82249,15.57408,0.06849335
24.67479,21.03469,19.30926,18.56428,18.04923,0.4378968
26.41239,22.0774,20.26017,19.33349,18.79657,0.5116578
18.96296,17.97873,17.48879,17.09022,16.86763,0.09531808
19.32045,17.40391,16.4832,16.05353,15.70895,0.05819843
24.53451,22.19941,20.96634,20.20844,19.46227,0.518981
23.87847,22.32086,20.78384,19.7174,19.17729,0.4995091
24.30881,21.34279,19.44741,18.74735,18.37492,0.3851319
23.02151,20.94558,19.08088,18.47899,18.14934,0.36809
20.04877,18.35135,17.34511,16.85727,16.51929,0.12688
23.16104,21.45644,19.89947,18.89356,18.34111,0.5191212
22.79941,21.97988,20.61571,19.77299,19.4469,0.5282731
18.91129,17.10849,16.17549,15.68769,15.30014,0.04927764
25.5038,21.63563,20.03131,19.22669,18.69571,0.4784779
18.69757,17.67778,17.3643,17.12056,17.00994,0.04991531
23.48808,21.11579,19.38595,18.5084,18.16412,0.4765424
21.08219,18.94895,17.58284,17.05593,16.67613,0.1977888
19.68513,17.79574,16.78233,16.37189,16.01114,0.1083334
22.8421,21.33206,19.37276,18.62372,18.10127,0.3644306
21.54131,20.01801,18.42918,17.72879,17.26346,0.3452484
22.29642,21.68546,20.56547,19.5202,19.33476,0.6894423
22.6616,22.19956,20.9285,19.86472,19.2016,0.6532008
20.17965,18.0412,17.00736,16.56251,16.21479,0.1153683
22.60885,20.49995,18.82089,18.18289,17.77806,0.344408
26.21006,20.90621,19.07427,18.41391,18.08894,0.4021102
21.60714,19.52872,18.10394,17.57943,17.24779,0.2620195
18.21013,17.37154,17.04522,16.86697,16.77403,0.02550551
19.79184,17.85879,16.86556,16.44433,16.10523,0.0979175
24.37151,23.48986,21.09206,20.02239,19.26638,0.5684745
25.90686,22.18616,20.15874,19.29597,18.80465,0.4897345
24.18205,21.58641,19.98027,18.79057,18.21923,0.6009526
22.83453,21.2067,19.65356,19.06662,18.60499,0.3190134
20.74845,18.7017,17.29048,16.71375,16.32483,0.2109481
17.14293,15.78393,15.15187,14.81241,14.57063,0.04780681
23.1875,21.31881,20.39211,19.64909,19.27072,0.6175103
23.8524,22.06515,20.73385,19.74891,19.47472,0.6818025
24.36794,21.73323,20.06587,19.10055,18.70152,0.4928393
19.75188,18.07532,17.18525,16.72914,16.45364,0.1522786
23.47217,23.4015,21.59813,20.58968,19.96545,0.5913699
21.50394,18.97571,17.6307,17.12607,16.76579,0.1937556
21.47823,19.18772,17.86696,17.35321,16.96835,0.1959495
23.53709,19.58043,17.97592,17.40751,17.02368,0.2915762
27.01514,21.49468,19.58375,18.87167,18.71162,0.3736822
24.94266,22.4541,20.82801,19.93042,19.42524,0.538067
23.1058,21.5237,19.74322,18.87222,18.41197,0.4912981
21.07605,19.2535,18.24431,17.81386,17.44565,0.1171831
20.34278,18.56369,17.48317,16.9857,16.62976,0.1165992
19.94752,18.36056,17.53734,17.06966,16.821,0.1181245
21.97607,21.28765,20.72392,19.89518,19.4602,0.7379531
23.62569,23.49776,21.46527,20.60054,20.32658,0.5109609
24.94743,21.02517,19.26248,18.52684,18.21013,0.3766522
20.31037,18.40525,17.427,16.98933,16.65779,0.1002176
22.37811,20.78885,19.32139,18.55627,18.13067,0.4316825
19.89502,18.49671,17.56947,17.14075,16.81904,0.146507
21.80701,20.69132,19.06557,18.3796,17.89824,0.4340115
22.93266,22.44886,20.91746,20.02021,19.69278,0.5802712
20.08074,18.30344,17.45153,17.05551,16.8437,0.05838332
24.44223,22.50382,20.83995,19.91492,19.27974,0.5749469
21.66805,20.5602,19.61879,19.08437,18.78828,0.1601845
23.07553,20.92735,20.40103,19.55392,18.95751,0.6570111
22.58162,21.62778,20.01868,19.20071,18.77934,0.5011709
22.67209,20.01575,18.39721,17.76054,17.33685,0.3051564
22.61502,21.04884,19.08168,18.44466,18.08371,0.3292139
23.86823,19.23951,17.64578,17.06808,16.68695,0.2784952
20.3673,18.52723,17.60053,17.19785,16.8749,0.0918521
18.7712,16.93626,16.04346,15.64876,15.32086,0.08318103
20.46951,18.48827,17.44714,16.97237,16.58267,0.1086676
19.65902,17.62183,16.47336,16.00597,15.61177,0.1387596
25.47954,22.58002,20.62199,19.52448,19.09507,0.5825137
23.01687,21.78847,20.42823,19.63566,19.24619,0.4899158
22.48182,21.88425,21.03921,19.96637,19.22898,0.7006976
23.63129,21.45349,19.49931,18.70834,18.26322,0.434708
21.72527,19.58638,17.91904,17.31576,16.91468,0.3272496
26.32251,23.96337,21.17402,19.99209,19.42716,0.7123549
24.44223,23.1349,21.29208,19.42067,18.69452,0.6926516
20.27968,18.47813,17.53685,17.09838,16.7576,0.1046453
18.15583,16.28364,15.38921,14.95283,14.62848,0.05448576
21.99206,21.16617,19.50713,18.57557,18.18356,0.4979454
23.1422,21.08129,19.32526,18.61184,18.19074,0.4041576
22.42515,21.78866,20.79652,19.79659,19.43937,0.6901686
19.60815,18.1329,17.58496,17.26388,17.02345,0.05102526
23.08301,21.33595,19.58954,18.88218,18.51396,0.3961404
22.64499,21.86277,20.50918,19.52835,19.03972,0.5141851
18.04761,16.45034,15.66371,15.269,14.98907,0.07450516
19.37385,17.36899,16.48872,16.02413,15.6482,0.05921793
18.38804,17.13193,16.51061,16.13158,15.89143,0.09887172
23.51133,22.60734,20.89296,20.00635,19.67404,0.4802988
19.90773,18.05083,17.07357,16.61669,16.24956,0.09056308
23.77238,22.02131,20.75401,19.59095,19.08693,0.7068486
19.45574,18.28271,17.79884,17.54445,17.44429,0.04166532
22.28671,20.60936,18.8298,18.20441,17.90522,0.3159006
23.17924,21.15285,19.37312,18.62978,18.16507,0.4190061
25.3026,22.06206,20.34244,19.38145,18.84814,0.5463216
20.31391,18.3352,17.37589,16.91231,16.58946,0.117409
20.43157,18.50073,17.56311,17.12293,16.77455,0.07634416
26.64059,22.28206,21.07089,19.97334,19.48115,0.6218677
19.77724,18.35131,17.59825,17.1214,16.81134,0.08541083
22.60193,21.42353,20.28419,19.54675,19.17737,0.2725869
19.06555,17.06481,16.05295,15.53136,15.14853,0.08300412
19.70765,18.19297,17.31342,16.84376,16.48818,0.1174801
19.33115,18.04402,17.49879,17.20448,17.00467,0.04829505
18.29665,16.2506,15.29586,14.83474,14.50509,0.04314469
20.97334,18.99654,17.67263,17.17029,16.83468,0.2102824
25.44457,22.26511,20.39105,19.35036,18.86013,0.5732581
19.06984,17.92881,17.42299,17.10858,16.93407,0.07354368
23.3517,22.25649,20.91656,19.93302,19.5132,0.6303354
24.11139,21.22556,19.89673,18.93655,19.09827,0.5725864
20.77233,21.31213,19.44896,18.76095,18.86941,0.6867754
20.23142,18.12874,17.03313,16.5648,16.17546,0.1288855
24.36628,23.21268,21.30394,20.06538,19.63569,0.6984473
18.96532,17.22351,16.283,15.81159,15.46003,0.09658904
23.30046,23.02444,21.21113,20.29237,20.05429,0.54903
20.62885,18.79683,17.70239,17.25097,16.91739,0.1401337
22.13351,19.49479,17.74635,17.09812,16.80488,0.3212137
22.02463,20.88539,19.17272,18.53298,18.15689,0.3797588
26.308,22.1249,20.36837,19.43855,19.12888,0.5906831
19.39842,18.40464,18.17116,18.03709,17.93543,0.0222007
20.1304,18.39264,17.48114,17.0888,16.79528,0.09351148
19.64556,17.60751,16.70761,16.28323,15.95399,0.05664095
24.07549,22.90563,20.94934,19.92836,19.36984,0.5561658
22.6524,20.82801,19.01402,18.29907,17.78706,0.4440162
22.76839,21.85071,21.44368,21.1613,20.88264,0.1059044
20.36182,18.5443,17.40876,16.93116,16.60243,0.1537767
19.83533,18.07756,17.15984,16.59781,16.20774,0.08420941
20.20947,18.07658,17.02873,16.56577,16.19314,0.1090147
23.52953,22.1136,20.86721,19.93236,19.97537,0.4703727
23.77506,22.96894,21.19176,19.96219,19.23872,0.5643466
22.8201,21.88384,20.3564,19.42952,19.06968,0.5342058
20.75564,18.6782,17.60732,17.12821,16.74609,0.1182496
22.43855,20.74577,19.13397,18.46733,17.90332,0.3420935
21.65432,20.87882,19.7401,19.00585,18.51296,0.6041724
22.49376,21.8749,20.17812,19.225,18.82382,0.555835
22.21457,21.79532,20.21925,19.32001,18.94687,0.50537
22.63942,21.54416,20.92385,19.87069,19.8434,0.6911998
23.25054,22.45164,20.78674,19.71162,19.34507,0.548646
22.76751,21.66701,20.08513,19.27468,18.83924,0.4915935
23.42905,20.77989,18.96559,18.30076,17.95104,0.3856396
23.68631,20.70745,19.10468,18.41621,18.12552,0.2365466
24.81088,21.91316,20.19335,19.33878,18.9507,0.4979236
18.89456,17.28899,16.59483,16.2783,16.00699,0.0475883
20.46991,18.41672,17.39135,16.96786,16.60692,0.130586
19.51739,17.58386,16.69465,16.27061,15.94095,0.0738266
24.72511,20.93229,19.09665,18.24454,17.78594,0.4458095
22.1885,21.68872,19.8332,18.91287,18.09693,0.5128028
21.55856,18.96848,17.51333,16.97519,16.61832,0.2250684
18.32211,16.69179,15.80243,15.35432,15.00794,0.07342684
21.15559,19.22969,17.77839,17.25803,16.99154,0.2437649
24.57049,22.26516,20.72597,19.73306,19.20762,0.6017518
20.31632,18.78917,17.7676,17.28047,16.97345,0.1707606
24.25281,20.6436,18.92044,18.17123,17.79547,0.4400906
22.78186,22.93521,21.16526,20.11292,19.74402,0.5750054
24.39075,22.76692,21.04763,20.09026,19.56996,0.4738483
20.17212,18.40271,17.35707,16.92857,16.57182,0.1176635
23.86136,22.74204,21.13537,19.95664,19.39311,0.6126009
21.73209,21.31725,20.60406,19.80955,19.23277,0.6612049
26.36861,22.28007,20.9139,19.70098,19.14633,0.679146
22.57183,19.75013,18.07105,17.47053,17.00242,0.2971146
21.17505,19.15717,17.68595,17.14531,16.77992,0.2302231
24.02711,20.21101,18.50123,17.84078,17.51826,0.3667524
23.07721,20.05987,18.46531,17.8676,17.54114,0.3138954
19.21762,17.97689,17.46605,17.17403,17.04885,0.07611968
23.5236,23.08152,21.01337,19.88525,19.66368,0.6261865
22.38463,20.18159,18.30723,17.65497,17.30425,0.3232248
23.03778,22.16094,20.34047,19.35082,18.71758,0.5142286
22.32323,24.1111,21.63021,20.60885,19.9452,0.6682898
20.29817,18.47369,17.2486,16.70824,16.32061,0.1544686
24.5577,22.21616,20.8034,19.88733,19.48625,0.4995219
20.40931,18.50503,17.51938,17.00249,16.59313,0.04509311
18.5775,17.12668,16.35867,15.94479,15.64047,0.09868389
18.53591,17.15871,16.44389,16.05807,15.801,0.07594819
23.62584,22.42102,21.07049,19.97974,19.48446,0.6114523
21.23851,19.31049,17.91538,17.37637,17.01589,0.2187626
23.193,21.70823,20.04866,19.35713,18.89551,0.3270299
18.74832,17.8385,17.44847,17.27468,17.14521,0.008757947
22.76934,22.16917,20.22526,19.31153,18.78226,0.5007731
23.93876,21.16151,19.3782,18.66546,18.21188,0.4292997
23.47901,22.04489,20.51983,19.74369,19.271,0.4637811
17.77194,16.98489,16.84941,16.6137,16.54493,0.04684968
19.11725,17.26744,16.35764,15.89298,15.56152,0.08045691
18.89467,17.48628,16.77919,16.33385,16.0361,0.06921994
22.17914,20.77953,19.43711,18.89042,18.38061,0.2249133
17.96945,16.36567,15.38007,14.90084,14.51195,0.02051811
20.51043,18.54462,17.12777,16.62861,16.26451,0.2302536
26.41239,21.33199,19.42309,18.75912,18.34951,0.4256564
23.15545,20.24039,18.48767,17.84819,17.48307,0.3323601
20.41742,18.46947,17.46347,16.99891,16.60007,0.09238273
18.68472,16.9345,16.05197,15.59128,15.26773,0.1017403
21.21655,19.00417,17.91473,17.41058,17.07315,0.1415825
22.58579,21.85502,20.2022,19.19223,18.64503,0.5504826
22.52617,21.37367,20.30525,19.59109,19.18565,0.5727563
20.1063,18.1769,16.97441,16.4966,16.12197,0.1640046
23.9911,21.17398,19.48769,18.78121,18.26174,0.4078564
19.42866,18.23956,17.53903,17.15146,16.92643,0.1289863
22.45513,20.7046,19.03137,18.40572,18.00739,0.4092264
18.9623,17.47797,16.70801,16.26061,15.92651,0.09381232
24.36836,22.47792,20.94295,20.02601,19.46627,0.5819197
19.38072,17.80252,17.039,16.58527,16.26962,0.06529786
22.78727,24.59184,21.81161,20.24345,19.75017,0.6372665
18.76488,16.87059,15.98416,15.52821,15.18355,0.07343925
23.88691,22.44745,20.52942,19.51939,18.99676,0.5431899
19.52403,17.41244,16.35241,15.83782,15.43153,0.08244476
22.82717,22.95702,20.44217,19.30441,19.24945,0.6040503
18.20028,16.30468,15.40111,14.96623,14.6287,0.06217166
25.33008,23.23331,21.17442,20.20168,19.53231,0.5151646
17.19538,15.98189,15.37988,15.03572,14.79589,0.0379841
23.51652,21.53535,19.94619,19.1736,18.94937,0.4143013
26.09673,22.62806,20.97736,19.6949,19.15325,0.6734458
23.41657,21.18161,19.71377,18.72207,18.36278,0.5807114
19.85699,18.7313,17.98062,17.51917,17.31261,0.1961927
18.20337,17.41603,17.15322,16.99271,16.8601,0.02227142
25.21844,22.35384,20.77542,19.77354,19.24294,0.5806695
25.1483,23.08055,20.98751,19.84111,19.14329,0.5602168
24.94008,22.38257,21.11725,20.19828,19.90259,0.5187205
25.21163,21.83215,20.32163,19.20649,18.75331,0.5717505
22.46454,21.20005,19.40274,18.69198,18.16308,0.4044308
25.3674,20.83459,19.01347,18.38726,17.96702,0.3462237
24.70353,22.45763,20.21407,18.98138,18.50498,0.5660339
19.39651,18.17157,17.6583,17.32038,17.09888,0.05477526
19.07367,17.73578,17.07649,16.66232,16.39933,0.08884031
26.0204,23.40247,21.30035,20.05142,19.56039,0.5958877
18.87807,17.47245,16.68009,16.22712,15.90947,0.1075899
16.93694,15.50322,14.80746,14.45445,14.19735,0.02472693
18.4622,17.55473,17.20974,16.79575,16.70974,0.06538793
25.59772,22.31004,20.44101,19.54914,19.19512,0.4465778
22.82915,21.27401,19.6277,18.82947,18.53706,0.5249611
22.39344,20.58704,18.78546,18.09325,17.56977,0.4113517
22.22898,19.6724,18.18809,17.53352,17.04824,0.2231721
22.21147,21.30717,19.63088,18.8243,18.21052,0.4838655
26.58994,21.97846,19.4152,18.57484,18.38604,0.7025907
21.33663,21.05601,21.19887,21.21818,22.82691,0.03813687
19.15306,17.41266,16.52953,16.11606,15.79965,0.08238391
22.51629,21.29322,19.4555,18.80927,18.45881,0.3423071
20.09882,18.20459,17.27204,16.8299,16.52628,0.08536635
20.71829,18.55457,17.39322,16.92773,16.61337,0.171498
19.04358,17.3493,16.42959,15.97567,15.60087,0.08035431
18.71414,16.95099,16.14581,15.73622,15.45472,0.08331238
17.56197,15.92929,15.1353,14.7783,14.52189,0.0002713765
23.84266,22.39805,21.8885,22.05768,22.47637,0.1992857
26.64133,22.39533,20.62006,19.51918,19.12074,0.5637192
20.82269,19.51461,18.56635,18.10743,17.7796,0.2085188
25.12466,24.39046,22.06862,20.90898,19.96066,0.7997315
22.28274,22.20547,20.47995,19.51396,19.1429,0.4935511
21.57945,20.43772,19.10601,18.52751,18.09678,0.2242216
19.27639,18.16587,17.4629,16.98965,16.74642,0.07103378
19.3503,17.42805,16.47407,16.0445,15.71315,0.08380447
24.40215,21.51044,20.08635,19.17804,18.65138,0.6068008
17.89923,16.09698,15.27797,14.84222,14.56425,0.08246148
24.74113,21.99879,20.35577,19.52036,19.017,0.4965227
19.7173,17.80665,16.77543,16.34408,15.97614,0.1168193
22.83764,21.1943,19.2958,18.50953,18.1348,0.4399512
24.10629,23.03567,21.28454,20.26299,19.58877,0.548467
18.96495,17.84685,17.35891,17.06484,16.89264,0.07953966
19.4076,18.19048,17.58466,17.24113,17.03621,0.1110188
18.98833,17.81459,17.49044,17.21399,17.09962,0.04129386
24.52798,22.18756,21.41702,20.3761,20.47403,0.6919967
19.28049,17.78367,17.04116,16.66253,16.39243,0.1153981
24.56946,22.00419,21.66697,21.00559,20.73474,0.07190695
23.47346,22.00324,20.96212,19.74984,19.33382,0.3637205
26.20205,21.47118,19.89716,18.99425,18.56462,0.5290189
22.96089,21.29968,19.62957,18.81426,18.38037,0.4913742
24.73178,22.13748,20.67731,19.58411,19.09491,0.5330444
26.32559,24.31927,22.05976,20.63788,19.73318,0.7019315
21.10721,19.74768,18.11922,17.46863,17.01501,0.2985896
19.81038,18.29075,17.11905,16.6393,16.33041,0.2180183
24.74582,24.49271,21.73143,20.52561,19.69784,0.7026935
25.34996,23.00836,21.6977,20.51241,19.78965,0.8135016
24.78817,22.22166,20.61764,19.48264,18.94248,0.5455685
23.86814,23.59876,21.94817,20.78339,19.893,0.541355
22.31741,21.72372,20.19698,19.40108,19.07922,0.4625294
23.85941,22.2117,20.65518,19.37861,18.8513,0.6314259
22.94837,22.51486,20.50445,19.4665,19.09301,0.5376892
21.84369,20.79505,19.26325,18.69841,18.18808,0.3624334
24.06696,21.99533,20.47507,19.56296,19.18983,0.48376
23.8709,22.6981,21.86048,22.00863,21.48057,0.3302266
25.87063,22.39632,20.32452,19.38734,18.76519,0.4810064
23.15861,21.17025,19.35765,18.70623,18.39485,0.3685636
18.55016,17.17098,16.49487,16.08337,15.82732,0.06550588
20.1578,18.51619,17.43006,16.91775,16.58524,0.1770507
21.98033,21.46653,20.68184,19.80618,19.44194,0.7636343
22.44536,19.76616,18.0924,17.47306,17.13407,0.2703763
18.78813,17.48187,16.81792,16.42735,16.16402,0.06072385
24.57331,21.02629,19.20406,18.53626,18.1477,0.3755148
20.05034,18.26155,17.39228,16.98719,16.65744,0.08255634
22.85962,21.12573,19.33358,18.6936,18.26273,0.3944802
20.53611,18.70904,17.67277,17.22203,16.89656,0.1365684
21.87584,20.0637,18.32959,17.67756,17.30121,0.3683486
19.1329,17.13325,16.15341,15.72236,15.35541,0.0928099
24.47697,22.38497,20.95684,19.90695,19.29248,0.6477368
24.34383,22.05231,20.33754,19.20687,18.64926,0.5663324
26.16282,22.47215,20.80737,19.7674,19.28404,0.5215581
18.61847,17.73927,17.39008,17.12544,16.96822,0.04823133
25.93442,22.0933,20.40534,19.6096,19.34309,0.4594994
25.93798,21.74635,20.36393,19.24017,18.8596,0.6597393
18.51499,16.7255,15.86288,15.45131,15.11161,0.05952501
24.33613,24.36527,21.70521,20.40894,19.77628,0.6781201
19.43281,17.75525,16.90172,16.5168,16.23063,0.06667425
24.58533,22.10763,20.46533,19.54621,19.09911,0.459496
19.38854,18.09231,17.39117,17.02241,16.73632,0.09507628
18.69061,17.67265,17.33729,17.08448,16.96224,0.06049268
23.74622,21.43311,19.7732,18.97318,18.57724,0.3815896
23.23661,23.50758,22.00805,20.88742,20.12787,0.5852403
21.76934,19.37382,17.85696,17.31651,16.94692,0.2640648
18.24376,16.39622,15.51389,15.1152,14.80893,0.08226017
24.14981,21.79755,20.21796,19.28815,18.93236,0.4445542
22.83945,23.40263,21.94006,20.76211,20.04062,0.7411789
22.45991,21.77402,21.22094,20.8964,20.39773,0.2813092
20.46467,18.55136,17.5332,17.08032,16.7282,0.1215494
20.30294,18.4354,17.24622,16.71023,16.25542,0.1348918
19.9083,18.28677,17.19791,16.63552,16.18269,0.1508875
24.11825,22.7108,20.7882,19.84531,19.3134,0.4988252
20.15878,18.30985,17.35906,16.90714,16.57301,0.1284601
25.6946,21.73884,20.39215,19.46044,19.09825,0.5216904
22.65347,20.90499,19.17365,18.52395,18.14622,0.3730163
22.32724,21.66338,20.17579,19.40913,18.62608,0.4819294
24.53692,23.01774,20.94347,19.6127,19.21492,0.7547077
24.05331,23.13181,21.2301,20.00501,19.36145,0.6364744
25.40921,22.08529,20.67181,19.53224,19.08986,0.576119
20.49476,18.66566,17.63636,17.12055,16.75084,0.1182038
23.74099,23.70022,20.90104,19.64434,19.35663,0.5608677
21.74462,20.67541,18.84004,18.19528,17.7946,0.3453064
24.13084,20.95076,19.58255,18.34602,18.75953,0.5467433
20.91566,18.88883,17.80983,17.37256,16.98876,0.1305187
22.52516,20.22355,18.40972,17.71103,17.21413,0.3121489
19.8246,18.11059,17.35518,17.01685,16.7506,0.06320269
22.24198,21.15585,20.72957,19.87875,19.5741,0.7326793
24.64512,22.3136,20.54079,19.57159,19.13365,0.5249807
26.056,21.51817,19.77866,19.05001,18.56111,0.4503396
19.85109,17.82844,16.76616,16.31441,15.92637,0.1089053
23.94623,20.8953,19.13729,18.49818,18.06055,0.3712578
21.66506,19.94697,18.21972,17.62159,17.22552,0.364145
19.55312,18.22288,17.57756,17.22793,16.97061,0.09725718
20.28957,19.57589,19.09735,18.69499,18.64844,0.2188508
22.77591,20.85044,19.19949,18.53812,18.13194,0.3515945
17.52646,16.17804,15.54106,15.19984,14.93983,0.04609613
19.71949,18.12718,17.29382,16.84165,16.53715,0.08838623
19.27466,17.37255,16.42651,16.02877,15.69132,0.1123513
19.12833,17.77735,17.28722,17.0572,17.03059,0.02935911
21.40927,19.39206,17.92694,17.39961,17.05795,0.248291
21.08954,19.38441,17.88156,17.28946,16.93392,0.2625751
24.88969,22.77802,20.72635,20.02347,19.7607,0.3963224
20.68597,18.71528,17.43577,16.93785,16.60478,0.1865618
22.7724,22.18684,21.02367,19.83749,19.40376,0.769713
22.2546,20.44798,18.76854,18.14081,17.76467,0.3069989
23.9432,22.07937,20.47858,19.62004,19.31659,0.4728995
22.5516,21.9163,20.41223,19.78995,19.4485,0.3901554
22.68508,22.68055,21.50519,20.33454,19.76593,0.6226437
19.52209,18.18483,17.49785,17.10854,16.83098,0.08601433
23.92475,21.19424,19.28486,18.51758,18.06279,0.4331891
24.38614,23.14905,20.59573,19.6308,19.13712,0.4963534
23.05188,22.91592,21.54486,20.35179,19.61843,0.7675798
23.95238,21.91455,20.24176,19.44822,19.10564,0.4451964
25.40528,22.07893,20.34774,19.44205,19.03208,0.4734371
25.45231,23.737,21.35157,19.65614,18.9922,0.7439041
19.87684,18.21215,17.25592,16.7992,16.41705,0.1371096
23.34334,22.5501,20.97824,19.79405,19.36524,0.63886
26.36609,23.05371,20.973,19.92999,19.45959,0.5891755
25.42909,22.2414,20.32871,19.38866,19.03787,0.5093278
23.69131,22.38768,20.38035,19.34832,18.80568,0.5894102
18.996,17.52044,16.66198,16.16818,15.7889,0.1030128
22.40324,21.63143,20.48644,19.6715,19.29548,0.5720738
20.7442,18.63426,17.55316,17.05789,16.67227,0.1266329
25.431,21.61089,20.05573,19.28899,18.86715,0.418641
23.83368,21.34298,19.62143,18.72605,18.24509,0.4755954
19.2564,18.20864,17.81068,17.49939,17.53552,0.04979019
21.15465,18.87661,17.64482,17.14531,16.82212,0.1803568
17.8719,15.82622,14.9237,14.49012,14.16022,0.04931395
23.43878,22.79896,21.0501,20.15794,19.51768,0.4033462
26.10196,22.83083,21.31294,20.13251,19.54661,0.612598
23.8724,22.09936,20.60479,19.74407,19.35419,0.5381778
20.08954,18.49018,17.56443,17.1104,16.77913,0.1506854
19.9712,18.26497,17.43512,16.9832,16.64513,0.08986943
19.89098,17.99743,17.19958,16.79047,16.48585,0.07760298
23.81466,22.63079,20.59979,19.58767,19.09792,0.539537
24.33387,21.98443,20.7376,19.87534,19.25138,0.5529056
18.15195,16.394,15.53177,15.15704,14.77832,0.05488437
25.76815,22.36999,20.9056,19.67084,19.21129,0.7271161
18.42886,16.88686,16.1022,15.67803,15.30708,0.04789536
22.88784,22.28495,20.51056,19.67756,19.18201,0.5395706
23.30713,21.98942,20.3106,19.44995,19.09883,0.485893
25.2382,21.84809,19.69559,18.88824,18.43906,0.3968112
18.92926,17.75925,17.22925,16.91612,16.6834,0.08155919
25.40953,22.67168,21.24434,19.77893,19.13192,0.7107271
25.42679,22.37873,20.41693,19.52167,18.88949,0.4792106
24.59259,22.1325,20.6588,19.67768,19.21869,0.6402765
20.00187,18.02767,17.00371,16.56199,16.18535,0.116455
24.4453,22.84497,21.05429,19.7557,19.20784,0.7066565
19.4685,17.90537,17.41051,16.54142,16.21676,0.1008168
23.89358,21.79263,20.38691,19.58928,19.1394,0.4387677
26.38456,22.84384,21.55761,20.65323,20.13678,0.5390996
23.90304,21.69812,21.16654,20.76988,20.20452,0.7735446
25.47514,22.75346,21.06488,20.00652,19.57412,0.6227279
25.20884,24.04747,21.93214,20.44117,19.51705,0.7369847
21.57178,20.19883,18.55541,17.93061,17.5561,0.3205276
17.94993,16.69541,16.23884,15.89209,15.70402,0.05193289
24.48734,20.77408,19.16367,18.45882,17.92051,0.4472921
22.27868,20.40105,18.76271,18.11317,17.69646,0.2997638
19.39009,17.29806,16.05007,15.54776,15.1617,0.1573551
19.69181,17.93291,17.05501,16.63783,16.30435,0.06299493
22.65154,21.9374,20.36642,19.36284,18.88711,0.5319166
24.25772,24.20541,21.578,20.49242,19.84842,0.60794
19.50624,18.48417,17.61289,17.18316,16.87803,0.2057361
20.92615,19.51528,18.09211,17.56001,17.2107,0.2374511
23.93546,21.40509,19.5949,18.89258,18.58071,0.4247077
22.53578,21.65154,20.24517,19.05118,18.48764,0.6309548
20.38865,18.35701,17.2809,16.80476,16.56392,0.132385
23.58767,21.79661,20.34579,19.29367,18.72343,0.5507999
20.20947,18.07658,17.02873,16.56577,16.19314,0.108904
20.38885,18.37242,17.28596,16.84582,16.46771,0.1360954
22.25891,21.1645,19.27728,18.65412,18.25871,0.3528746
23.50453,22.02035,20.27588,19.28759,18.82935,0.5639497
21.03827,20.17728,18.82409,18.23446,17.7248,0.304842
21.01392,18.94985,17.68615,17.16756,16.79629,0.2032555
23.6753,21.59192,20.26455,19.42739,18.95479,0.5886936
26.25311,22.42219,21.28957,20.15449,19.47707,0.6213553
19.80218,17.9115,17.08297,16.68568,16.40456,0.07723672
19.95294,18.49332,17.59676,17.15283,16.8637,0.146729
19.34183,17.58407,16.64807,16.21171,15.86694,0.1002966
25.22387,21.08566,19.25157,18.66162,18.17953,0.3804936
19.90502,17.93785,16.9217,16.47632,16.17608,0.134616
23.65621,21.31116,19.61828,18.80769,18.40282,0.4518024
19.90905,18.31313,17.50371,17.12242,16.82002,0.08362266
18.72706,17.22976,16.50619,16.09677,15.78692,0.07689177
24.9976,23.68044,22.01525,20.52825,19.75888,0.6824876
21.43925,20.49298,20.20388,19.54561,19.60091,0.05702239
19.60096,18.44889,17.57118,17.15487,16.86995,0.2310828
20.84891,18.60267,17.37823,16.90804,16.53987,0.1706851
22.39433,20.52433,18.81318,18.17504,17.75621,0.3926269
21.72556,19.93336,18.32892,17.75489,17.37797,0.3078673
22.14764,19.81826,18.25161,17.6831,17.27463,0.2734093
22.53139,21.40654,20.45958,19.55769,19.24303,0.5255492
25.80729,21.67786,20.47576,19.66566,19.1939,0.4102065
23.16698,25.06285,22.04905,20.25556,20.04656,0.71576
25.14509,21.98571,20.20216,19.34697,18.82268,0.4652877
19.79645,18.04897,17.16474,16.76401,16.45636,0.07641787
19.62958,18.39297,17.68897,17.23408,16.96999,0.1307944
20.41869,18.57984,17.56796,17.03481,16.58673,0.09950596
23.2026,22.30817,21.07764,20.52636,20.11895,0.3173452
22.5289,21.87263,20.26367,19.29855,18.89112,0.5377565
19.52757,18.21685,17.52084,17.12317,16.88836,0.1296154
23.66388,23.55378,22.00346,20.6953,20.10251,0.6336752
23.37588,21.22658,19.53273,18.80229,18.30171,0.4224027
19.82209,17.85345,16.92839,16.55087,16.25166,0.08424158
22.37518,19.95866,18.45133,17.86534,17.47835,0.2538258
22.35853,20.24776,18.49466,17.86637,17.53045,0.3358732
23.03807,22.17802,20.52144,19.68228,19.31311,0.4993392
24.1911,24.91239,22.52655,20.97016,19.85317,0.8947763
24.42544,23.39948,21.49336,20.26803,19.72662,0.5540252
21.52335,19.27376,17.97069,17.34069,16.93125,0.1636852
20.23509,18.39207,17.33576,16.90564,16.53747,0.1273135
21.96587,21.21167,20.26419,19.41066,19.08437,0.7051255
20.39093,18.55395,17.53936,17.11084,16.78408,0.1353686
21.40614,19.54032,17.92539,17.35377,17.00774,0.2994632
21.56293,19.30485,17.83283,17.32952,16.9883,0.2291778
22.10865,21.6267,20.09312,19.18482,18.83495,0.5145034
23.80527,23.44168,21.36544,20.04013,19.63612,0.6584095
22.50435,20.16633,18.5585,17.92998,17.61378,0.3175776
24.92083,20.70307,19.18275,18.60679,18.21629,0.2562813
22.5299,23.39165,21.1178,20.28113,19.45953,0.6992596
21.37276,19.84368,18.3986,17.83088,17.43892,0.3167234
23.47807,21.93225,20.83306,19.55639,18.9883,0.5712682
22.16465,20.742,18.8918,18.21879,17.84193,0.3853112
20.17717,18.55492,17.44505,16.95362,16.59871,0.1971921
24.23853,21.88184,20.22788,19.38369,18.90857,0.4708896
22.90979,21.77996,20.26662,19.3971,18.86727,0.4989501
23.41746,22.04356,20.52092,19.91119,19.72635,0.3907587
21.33785,19.12485,17.80353,17.32133,16.9459,0.1926386
27.03727,21.37238,19.58462,18.62184,18.18016,0.4884585
24.95348,22.49034,20.80688,19.66099,19.19964,0.5275692
24.93297,22.43751,20.64025,19.68301,19.05041,0.5630689
23.33221,22.54738,20.57838,19.72267,19.3568,0.3251605
25.61593,22.04235,19.97652,19.10262,18.64425,0.5033269
22.98192,22.91162,20.88837,19.6882,19.10736,0.5787237
18.77436,17.81872,17.28062,16.84041,16.71514,0.1447509
18.4522,17.09789,16.44797,16.06105,15.80058,0.07834636
20.81861,18.97779,17.60484,17.02882,16.64941,0.2125078
23.88039,21.79195,19.93164,18.88857,18.31958,0.5597592
19.40002,18.04824,17.33862,16.92821,16.63045,0.05021936
18.92527,17.69376,16.97346,16.52742,16.25693,0.1379391
22.64087,21.64027,20.00172,19.12126,18.70133,0.4794976
18.41445,16.75299,16.30234,16.02101,15.90538,0.03122634
20.40821,18.44295,17.55895,17.12866,16.82293,0.08178894
17.2554,16.11885,15.70043,15.45652,15.27001,0.02909146
19.60446,18.14714,17.54595,17.20176,17.01081,0.07749957
17.36555,15.44926,14.49996,14.03685,13.65171,0.06258424
20.17652,18.38497,17.41546,16.99237,16.65495,0.1127404
19.02981,17.11403,16.22081,15.83711,15.50166,0.08539766
22.54799,20.95657,19.30099,18.52317,18.07124,0.4722909
22.21483,20.81582,20.16928,19.94371,19.77904,0.1802621
23.71531,21.92172,20.24979,19.38666,19.12331,0.4984391
19.93487,17.91528,16.87629,16.43629,16.0476,0.1209613
20.83798,17.92452,17.1186,16.67016,16.73762,0.03114367
18.88343,17.39902,16.75175,16.35644,16.07855,0.05536479
22.95716,21.17263,19.31446,18.54472,18.16461,0.4425957
25.84911,22.14798,20.36076,19.35792,18.94684,0.5525118
23.88059,22.31445,20.85023,19.94366,19.41238,0.6349295
20.77189,19.01048,17.93483,17.43392,17.09735,0.1733962
20.4541,18.35197,17.29818,16.81793,16.46399,0.1298837
21.51282,20.15858,18.48436,17.90877,17.47071,0.3542339
25.72147,20.92742,19.08368,18.26462,17.8235,0.3898208
23.29743,22.79846,21.27195,20.01002,19.50171,0.6001408
21.54306,20.35795,19.22574,18.70695,18.19047,0.2652298
19.33944,18.2786,17.86316,17.62921,17.42533,0.05432412
23.80646,24.00263,20.72338,19.44179,18.72272,0.7124476
22.19897,23.01596,20.94304,19.60429,19.06989,0.6910208
20.09826,18.47406,17.48776,17.04142,16.71683,0.1667121
21.63797,19.97522,18.35522,17.78077,17.37162,0.308972
23.78604,21.54995,19.59529,18.53252,18.08483,0.5298558
24.46097,22.44214,20.72753,19.73492,19.42002,0.4887841
19.66805,17.7888,16.87464,16.43027,16.11758,0.08064014
21.77897,20.37967,18.55157,17.84873,17.49483,0.4246336
20.63817,18.59484,17.40201,16.88062,16.49639,0.1706876
20.11341,18.1959,17.00964,16.50859,16.13935,0.1553052
19.92152,18.34458,17.41643,16.83838,16.50172,0.1376312
18.88721,17.3464,16.52588,16.08977,15.78733,0.07576311
24.79919,22.62835,20.73147,19.73217,19.36159,0.6328848
25.54608,23.17978,21.08469,19.99534,19.32389,0.5600246
21.89591,21.78029,20.47361,19.75089,19.57754,0.5061361
23.66149,21.50303,19.68556,18.86851,18.55479,0.4632693
25.66076,22.83512,22.14043,20.91085,20.0065,0.9576865
23.66221,20.34889,18.75632,18.16163,17.79822,0.3122879
19.90895,17.92974,16.9681,16.53369,16.18426,0.09746978
22.4811,21.63661,19.79835,18.76918,18.25088,0.5456882
23.58053,22.25489,20.70596,19.84893,19.41809,0.5485972
18.07673,16.18988,15.25508,14.8311,14.47656,0.08268337
23.82019,22.78166,20.98625,19.81988,19.26465,0.5679744
24.88366,21.80793,20.20138,19.16594,18.45669,0.588191
18.95151,17.90119,17.39108,17.06789,16.9069,0.08127447
19.83475,18.24693,17.52422,17.08042,16.77728,0.06175688
24.50835,22.48668,20.95258,19.83878,19.21494,0.5979217
19.39265,17.87159,17.12244,16.68712,16.36696,0.0955234
25.69633,23.26817,21.31011,20.21531,19.61018,0.6102847
22.92862,20.31521,18.72619,18.12687,17.87095,0.2974589
22.98477,20.64989,18.78658,18.17825,17.76486,0.3639892
25.09652,23.95376,21.14398,19.81436,19.27044,0.6204754
19.17942,17.99052,17.29811,16.88745,16.65375,0.1379801
24.99251,21.85329,20.09575,19.29234,18.71496,0.4315885
20.02171,18.30154,17.30668,16.77935,16.38171,0.127244
20.41298,18.28644,17.06102,16.57892,16.19169,0.1793109
19.75044,18.09856,17.35607,16.99567,16.75141,0.04510082
25.04425,22.12278,20.61798,19.56628,19.04189,0.5820686
23.65395,22.66335,20.54888,19.54331,19.14186,0.6012582
20.57207,18.55171,17.60183,17.20345,16.87188,0.08964385
19.52782,18.7546,18.30106,17.92418,17.82829,0.1501597
25.18254,21.98333,20.14748,19.23065,18.80471,0.5468626
20.81574,18.84201,17.7503,17.305,16.86042,0.1155166
22.91504,22.76039,20.86525,19.79396,19.3364,0.6757457
22.74745,21.83676,20.1607,19.34003,19.25724,0.4268813
18.5671,16.76936,15.97849,15.4581,15.0655,0.05509599
24.6102,22.73276,20.7691,19.60039,19.01475,0.5950927
22.2509,21.49877,19.94615,19.10869,18.67615,0.4745697
16.99586,15.33315,14.57367,14.19639,13.95269,0.04720761
23.53827,22.45362,20.81181,19.60685,19.10772,0.574766
25.16993,21.33378,19.63674,18.86849,18.42977,0.4662966
17.50214,15.54969,14.67166,14.26083,13.91811,0.04758086
23.72355,21.07517,19.48227,18.96096,18.57205,0.3068462
22.11086,21.63264,20.29872,19.5509,19.09876,0.5644493
24.8211,22.65852,21.12513,19.91433,19.21849,0.5884892
24.99192,21.88489,19.98874,19.14711,18.9467,0.4712495
22.36971,20.03945,18.36158,17.77214,17.34846,0.313622
19.61494,18.04105,17.25198,16.84384,16.48212,0.08265988
22.54329,21.68492,20.48758,19.71458,19.63321,0.5855653
19.97585,17.99869,16.99103,16.52863,16.1543,0.09699048
19.79222,18.55574,17.44189,16.94241,16.57815,0.2297704
22.68453,22.00345,20.40046,19.55624,19.14883,0.5348006
23.86397,20.38487,18.66515,18.04877,17.74286,0.3350768
20.56635,18.7252,17.62226,17.08888,16.64464,0.117972
25.90232,22.16662,20.47339,19.40358,18.75659,0.5580956
19.20258,17.92266,17.36816,17.02545,16.77131,0.02836962
20.53703,18.684,17.73235,17.32032,16.9774,0.07603929
23.03174,21.83751,20.30224,19.48657,19.01333,0.4831408
16.73457,15.19308,14.50167,14.15287,13.87344,0.05857956
23.26795,21.94113,20.31266,19.5274,18.65586,0.4071496
20.17342,18.18666,16.93717,16.44022,16.03045,0.1645397
18.82312,17.53399,16.89931,16.55173,16.35847,0.08673826
24.23677,22.25302,20.53852,19.64093,19.24797,0.5123484
24.90977,21.47575,19.64851,18.97964,18.57649,0.3599188
23.20384,22.18538,20.3595,19.26011,18.7122,0.5503486
22.87937,22.06088,20.37272,19.39067,19.071,0.5216635
19.79165,17.71606,16.59793,16.10958,15.70056,0.1308293
23.29316,22.38747,21.31602,20.10525,19.54577,0.7696947
26.11084,23.72283,21.585,20.35929,19.6457,0.7250947
20.00253,18.33585,17.54628,17.11715,16.78595,0.095276
23.9409,22.94363,21.36123,20.57107,19.96289,0.4788138
24.30593,21.49526,19.86238,18.95273,18.48075,0.503347
20.69555,19.28574,18.62241,18.33483,18.17354,0.1422563
24.71114,25.14457,21.81938,20.70106,20.02081,0.5986956
23.76039,21.88667,20.31045,19.17312,18.73105,0.5971097
19.8962,17.96807,17.00173,16.60439,16.28317,0.1158911
26.82635,21.7498,20.09445,19.11469,18.61553,0.516996
18.5447,16.85015,16.05623,15.66613,15.36635,0.0526456
23.41776,22.97872,20.80325,19.6755,19.23606,0.5961769
24.31189,23.33589,21.8089,20.49183,19.64141,0.6956699
22.82585,20.85142,19.0896,18.41149,17.9771,0.4634933
20.58443,19.04424,17.5745,16.99003,16.6799,0.2929049
25.64441,22.74546,21.1931,20.12538,19.68807,0.5236317
25.92661,21.20357,19.41099,18.54846,18.06473,0.4633246
19.61189,18.12738,17.31157,16.84284,16.53809,0.07477103
24.62856,21.52494,19.66262,18.97631,18.56554,0.4233266
24.3841,20.44526,18.72021,18.03403,17.63471,0.382541
23.48977,22.10825,20.69554,19.40878,18.76549,0.5970421
20.52988,18.70296,17.69446,17.20212,16.88972,0.1708656
23.10049,21.63471,20.77346,19.21817,18.79359,0.4574108
18.81298,17.60867,17.06602,16.72586,16.4999,0.07473072
20.11627,18.01719,16.8889,16.40751,16.01513,0.1402729
22.52471,21.16771,19.2405,18.58865,18.16066,0.4047816
21.38408,19.13897,17.72776,17.19487,16.80811,0.2172487
22.68142,20.73624,19.01086,18.36899,17.99748,0.398865
22.87144,20.5495,18.83298,18.16948,17.76965,0.3177301
19.6674,18.25509,17.28051,16.81088,16.47847,0.1790823
20.54137,20.13335,19.73746,19.74225,19.68481,0.2104795
25.77903,23.50126,21.30706,20.34159,19.82526,0.5680817
23.4375,23.31789,21.5311,20.5324,19.74427,0.5362248
22.38223,21.23235,19.69127,19.1318,18.69825,0.3223355
23.45941,21.94369,20.43626,19.43691,19.03999,0.6313
22.19162,20.56288,18.67962,17.99137,17.51701,0.3660428
22.41207,21.17666,19.68054,19.05939,18.74704,0.2974105
20.23823,18.43703,17.51002,17.10129,16.77001,0.07674706
20.62517,18.29985,17.12508,16.63762,16.27196,0.1593311
20.09555,18.47145,17.60117,17.19902,16.85133,0.1099319
21.65438,19.49272,17.80917,17.19806,16.81877,0.31528
23.02826,22.25429,20.44279,19.35505,19.09799,0.5293876
23.50348,21.51564,19.60064,18.89479,18.32858,0.4222756
25.32796,22.36544,20.41991,19.53683,18.95872,0.5073543
23.03008,23.54749,21.73887,20.68688,19.77472,0.7182513
23.8491,22.77023,21.08941,19.69426,19.12099,0.7277511
25.15971,21.89585,20.39058,19.59222,19.01719,0.4250745
23.08699,20.87905,19.13481,18.45099,17.95143,0.4120917
20.34846,18.54858,17.70796,17.28969,17.01442,0.08477385
24.38764,21.50806,20.34762,19.58632,19.34666,0.3924832
23.55934,22.45384,20.79087,19.74277,19.22635,0.5278811
22.60872,19.89103,18.40216,17.79817,17.38032,0.2148487
24.26262,22.02549,20.34037,19.86672,19.31768,0.313656
22.81399,21.44643,20.02903,19.22441,18.86779,0.4664337
23.61915,21.71826,19.93534,19.11426,18.69985,0.4022628
22.71692,22.67493,20.84372,19.77914,19.05907,0.5888636
21.69214,20.07109,18.4208,17.88461,17.54166,0.3103153
23.70476,22.27109,20.52281,19.64032,19.15999,0.4917949
21.74756,19.9288,18.34585,17.7573,17.37505,0.2812453
19.73934,18.52558,17.69793,17.23854,16.94958,0.1176855
19.76206,18.25181,17.61744,17.21429,16.98698,0.06271341
24.33665,20.62535,18.91322,18.27672,18.00943,0.3211541
25.20799,22.41324,20.7368,19.88188,19.41603,0.4840177
17.87073,16.97596,16.65526,16.44427,16.28964,0.03253777
21.75117,19.46321,18.03095,17.5045,17.15222,0.252066
20.85312,18.716,17.59833,17.12365,16.75295,0.1483912
20.58525,18.8203,17.56296,17.09052,16.7679,0.2109178
26.70181,22.26631,20.65807,19.28302,18.68235,0.6994329
23.30658,21.67863,19.97082,19.16132,18.67752,0.4719808
24.0512,22.23859,20.6901,19.67837,19.50473,0.5473523
20.54295,18.62638,17.58492,17.12247,16.74834,0.1297796
20.84424,18.65833,17.43974,16.94057,16.51436,0.1588084
19.8352,18.55437,17.74237,17.30197,17.07278,0.1893451
24.41728,22.94918,21.43665,20.09336,19.39084,0.6335419
18.54997,16.90536,16.07401,15.6187,15.2483,0.06105397
23.94157,21.56751,20.31989,19.48693,19.32228,0.5407428
23.94113,22.57037,21.08579,20.05476,19.492,0.5742579
23.41346,20.84847,19.10479,18.36027,17.7445,0.4245315
17.8751,16.62088,16.04468,15.67718,15.44958,0.07620737
25.34865,21.99456,20.38663,19.4195,18.89101,0.498009
22.10077,20.50135,18.90136,18.34855,18.1131,0.3266889
20.35801,18.34242,17.07427,16.5695,16.16661,0.1795596
22.30893,20.57982,18.8828,18.18219,17.80807,0.3423022
19.99145,17.82586,16.75247,16.29227,15.92772,0.1225177
26.0222,21.64005,19.82861,18.87958,18.38403,0.4771861
19.46615,17.8003,17.05454,16.6614,16.37802,0.1397861
22.89321,20.87608,19.04264,18.41097,17.99578,0.3479827
19.68621,17.63457,16.58914,16.10901,15.70626,0.1213151
22.0001,21.45645,19.98526,19.10019,18.84514,0.5392079
24.80961,20.72021,18.89861,17.97291,17.50544,0.4913343
25.23252,22.16415,21.00413,20.08546,19.64678,0.5878449
27.08239,22.05454,20.42278,19.25867,18.68094,0.6044465
19.56842,18.75556,18.33203,17.92903,17.89693,0.145081
23.50666,21.54741,19.81708,18.95866,18.53584,0.4563076
25.44607,21.81709,20.43724,19.50909,18.9442,0.5269171
19.20158,17.3145,16.36573,15.9176,15.57736,0.08744828
18.86803,17.27569,16.47858,16.03968,15.69055,0.06377484
22.37071,20.26053,18.5913,18.01478,17.6384,0.3178783
21.50757,20.04644,18.23656,17.6333,17.24507,0.3397194
21.53066,21.85931,20.3243,19.13702,18.43851,0.6022598
20.29983,18.51816,17.47724,16.99163,16.66193,0.1453555
23.76867,22.61344,20.77336,19.79426,19.40469,0.5567426
23.77101,21.94375,20.41475,19.59725,19.16369,0.5249587
22.53283,21.8708,20.18714,19.41349,18.91488,0.4706693
20.28411,18.23604,17.21766,16.74993,16.36913,0.09666078
17.32415,15.95215,15.32355,14.98962,14.75895,0.02388938
20.60535,18.55973,17.40048,16.899,16.50282,0.1341757
24.8937,21.73859,20.129,19.24101,18.76922,0.5017601
23.6863,24.02843,21.2168,20.10706,19.80764,0.5679774
23.35972,21.90071,20.22897,19.39199,19.035,0.4641611
25.09671,21.85748,20.26091,19.1885,18.50363,0.5759043
20.39827,18.63016,17.6726,17.2471,16.87621,0.1264947
19.17177,18.03965,17.40095,17.01983,16.78879,0.1214722
21.66434,19.77003,18.32891,17.71947,17.37817,0.2847697
25.7202,23.09754,20.92913,19.73125,19.22819,0.606198
22.84282,22.17593,20.24963,19.22562,18.88676,0.5227893
19.45742,17.47335,16.36363,15.90819,15.58179,0.1399349
23.76035,21.3184,19.57029,18.59719,18.11032,0.4980883
20.35991,18.38874,17.30949,16.87815,16.49184,0.1462281
20.59375,18.66655,17.56765,17.11847,16.76062,0.1486111
19.2841,17.86736,17.18202,16.78048,16.50713,0.07632522
23.48426,21.9138,20.04113,19.10905,18.61029,0.4596185
25.71281,21.484,20.0969,19.41996,18.98387,0.3211494
25.11555,22.79082,20.56447,19.60033,19.02104,0.6110536
19.68443,17.78539,16.6383,16.192,15.74462,0.1295131
22.11077,21.11781,19.59212,19.09727,18.81343,0.4764201
26.21152,24.82914,22.1186,20.59208,20.03692,0.6714393
20.70446,18.51771,17.26641,16.69104,16.26743,0.1307617
26.87996,23.09107,20.57282,19.43141,18.83243,0.5990781
19.00566,17.26387,16.38967,15.99566,15.65837,0.08476556
22.21618,20.68034,18.89629,18.30034,17.88409,0.3298045
23.5096,21.80603,19.8596,18.8343,18.31981,0.6151221
23.3562,21.09157,19.35512,18.61814,18.28599,0.4497177
25.38404,22.22341,20.64612,19.76285,19.17873,0.4267325
19.86748,18.33728,17.50673,17.049,16.75754,0.1304957
18.64889,17.52408,16.78751,16.36711,16.10382,0.1545735
19.38513,17.74258,16.89299,16.41723,16.06977,0.08273352
21.86341,20.90621,19.79257,19.41981,19.28339,0.3635372
19.63099,18.13664,17.75582,17.48149,17.33963,0.06264409
24.44198,21.93263,20.14624,18.9883,18.35728,0.6014919
21.0314,19.09801,17.73964,17.2432,16.87456,0.2182499
22.99861,20.90502,19.16573,18.5096,18.13713,0.3208683
22.66435,22.12545,20.65014,19.49964,18.93536,0.6535811
21.20991,18.79941,17.51988,16.97968,16.61342,0.1900447
26.38012,22.28212,20.5996,19.70649,19.06886,0.4936801
21.85146,19.21095,17.77811,17.23901,16.91098,0.2315607
24.82483,21.87553,20.20183,19.37604,18.87106,0.4862136
22.60411,21.29163,20.81468,19.90946,19.51423,0.6441907
21.09394,20.03099,19.35211,18.97418,18.88927,0.1871004
20.14749,18.44206,17.3714,16.84687,16.48433,0.1804413
23.43941,20.41758,18.70016,18.0417,17.71153,0.3255222
24.80962,22.01854,20.19852,19.62238,19.2315,0.3205355
25.02699,21.95491,20.48664,19.66996,19.21864,0.2939444
19.80903,17.7426,16.79388,16.36399,15.98931,0.08574168
24.85414,21.72759,20.02977,19.07351,18.59148,0.4766737
23.06913,22.15921,20.73784,19.76482,19.36354,0.5231937
21.52182,20.29318,21.53489,19.40736,19.40538,0.07297561
24.28013,22.21087,20.66612,19.758,19.19415,0.5417358
19.58438,18.14229,17.33703,16.85248,16.50166,0.0997609
24.39194,22.54196,20.85149,19.70869,19.26313,0.5967904
26.06149,22.49677,20.80209,19.8167,19.50236,0.5506492
22.59587,22.501,21.14736,20.05628,19.58796,0.4850092
18.67563,17.66613,17.30591,17.08595,16.96804,0.04286065
23.24862,22.32867,21.27212,20.85348,20.39557,0.2710048
21.97905,21.15638,19.53517,18.70707,18.25044,0.4418632
24.0956,22.405,20.52579,19.65187,19.15722,0.5212212
19.51583,18.30713,17.69652,17.34259,17.09765,0.1303154
22.16726,19.61876,18.11255,17.49119,17.12891,0.2825942
23.41097,22.25194,20.90465,19.92151,19.6497,0.5974027
19.51389,18.36634,17.73165,17.34937,17.09482,0.1364988
22.931,23.34465,21.51376,20.18971,19.58976,0.7241135
18.99352,17.71172,17.07964,16.70741,16.51463,0.05345554
23.67217,22.14147,20.90014,19.78471,19.41314,0.5304657
25.12031,21.68019,19.99062,19.20475,18.77846,0.3693055
24.47326,22.48112,20.57824,19.50742,18.9716,0.5532607
23.31884,21.76949,20.37237,19.54478,18.98179,0.4932187
22.04537,18.89423,17.81671,17.35551,17.06085,0.154146
25.60095,21.63585,20.20595,19.16141,18.82491,0.6214529
24.17188,21.77032,20.39714,19.57824,19.16365,0.4948959
24.79457,20.92632,19.10173,18.48577,18.06407,0.375477
23.34782,23.19475,21.68537,20.3642,19.86956,0.6843846
26.21397,22.69216,20.85519,19.74883,19.25524,0.6177281
19.21954,17.60879,16.76733,16.26904,15.92132,0.08405618
25.49335,22.17956,20.69797,19.39183,18.72168,0.6816483
23.47753,22.03395,21.27238,21.30243,20.83494,0.3379587
20.56817,18.59435,17.52017,17.09524,16.76058,0.1520068
26.37988,23.12883,22.61024,21.08704,19.9457,0.9550965
23.94804,21.67703,19.87168,19.06704,18.79551,0.4660228
23.90374,23.22347,21.06395,19.92816,19.51332,0.5398204
23.28257,22.17745,20.27737,19.29566,18.88654,0.5134678
19.60775,18.16739,17.32777,16.92017,16.66635,0.1420017
24.99706,22.78339,20.71438,19.85459,19.38501,0.4784787
20.30593,18.28245,17.32381,16.91913,16.55055,0.1080187
22.66969,20.58536,19.10333,18.45539,18.07068,0.3468733
23.842,22.54261,20.73256,19.88753,19.34456,0.4704007
21.44446,21.03345,19.18209,18.48589,18.07287,0.408924
21.41816,19.51661,18.02728,17.4637,17.10528,0.2717377
22.48006,21.87529,20.43563,19.59201,19.1067,0.5260767
26.39322,23.08613,20.57419,19.62462,18.98164,0.5142365
19.92784,18.34326,17.44904,16.97846,16.65429,0.1484585
23.69038,22.42047,20.83467,19.3611,19.15051,0.7076247
23.34465,22.1587,20.41361,19.67183,19.22185,0.4362792
23.70456,21.44769,20.43282,19.70142,19.36277,0.2470287
23.37778,21.83,20.00331,19.17803,18.57169,0.4903626
19.98461,18.09115,17.11233,16.68871,16.34285,0.1110304
26.04704,23.34435,21.98988,20.73526,19.97719,0.7058415
23.79354,22.15343,20.42222,19.45046,19.1195,0.4968799
23.24763,22.0691,20.81595,19.92437,19.75663,0.6045753
18.92757,16.93912,16.02978,15.60067,15.25112,0.05591327
17.83931,16.75133,16.18841,15.63929,15.51962,0.1060291
23.44675,21.97024,20.41517,19.5578,19.14989,0.49331
24.79737,23.79172,21.68044,20.62319,19.84141,0.6830267
21.96153,20.53457,18.89948,18.15226,17.72279,0.4328525
19.54721,17.70358,16.77325,16.35459,16.01772,0.08292615
22.3401,22.09644,21.732,21.71479,21.1983,0.1779187
25.9057,22.86106,20.87571,19.62409,19.20212,0.6708809
25.51691,21.2614,19.35723,18.70204,18.31752,0.3372798
20.20606,18.3904,17.37077,16.93054,16.62058,0.1731363
18.62327,16.4911,15.41798,14.84394,14.42429,0.06094548
23.78115,21.20376,19.96625,19.19647,18.82139,0.4292181
18.54219,17.49083,17.07087,16.71762,16.57594,0.1070803
25.22197,22.94698,21.09047,19.71364,19.02312,0.7666416
22.33128,21.67908,21.84352,21.634,22.48762,0.1160437
22.12338,20.87029,19.1223,18.4705,17.88942,0.3926371
24.79789,21.44558,20.00617,19.26658,18.7589,0.4062079
22.26811,19.85038,18.41025,17.87584,17.55879,0.2516372
26.19106,23.20817,20.61588,19.50809,19.08105,0.5434364
23.17116,22.22905,20.82116,19.62297,19.25229,0.6746595
18.3977,17.25951,16.82349,16.54849,16.36883,0.0611262
19.4041,18.13751,17.5058,17.1649,16.88136,0.06781412
23.39701,23.245,21.56838,20.32166,19.35612,0.6076076
22.27491,21.85122,20.83287,20.03802,19.65369,0.6032851
25.02989,20.07246,18.46167,17.83807,17.42585,0.2538877
25.9069,22.63885,20.7584,19.71073,19.2272,0.526283
22.95453,20.66969,18.9171,18.25726,17.78229,0.3694264
20.94443,18.33751,16.84216,16.22414,15.9455,0.2475033
24.50029,22.20049,20.91429,19.78154,19.30235,0.7371073
21.99006,20.37015,18.71557,18.11914,17.7244,0.293332
22.91504,22.76039,20.86525,19.79396,19.3364,0.675952
22.32055,21.39241,20.15317,19.17381,19.01043,0.5961542
23.21901,21.33613,19.42132,18.80362,18.37034,0.3865191
24.05809,22.22562,20.52587,19.47443,19.06397,0.5388736
22.70113,21.95911,20.56444,19.65832,19.2206,0.5708278
24.82199,22.61623,21.53314,20.21009,19.79527,0.7008566
25.58238,22.26659,20.7671,19.80019,19.25318,0.5435464
19.79687,17.92938,16.95241,16.50802,16.17664,0.09636936
22.96122,21.99978,19.91009,18.94588,18.41537,0.4842651
22.87049,21.43093,20.08703,19.19989,18.60489,0.5310786
19.09858,18.12023,17.7513,17.5047,17.39699,0.108324
19.63288,18.33238,17.7512,17.37842,17.11505,0.07582068
25.40829,22.58934,21.21036,19.88101,19.513,0.6025538
25.91098,22.53291,20.8015,19.93515,19.45597,0.4739895
23.31518,21.93883,21.52523,21.32122,22.06528,0.1982344
23.075,22.0991,20.40264,19.50743,19.22889,0.4944114
22.82397,21.76261,19.98314,18.90589,18.69209,0.572669
19.4538,17.66171,16.74143,16.32539,16.0302,0.09217949
24.65695,21.37062,19.61832,18.87174,18.35011,0.4199745
19.30064,17.48533,16.65291,16.17704,15.8442,0.0610122
20.21992,18.21831,16.99479,16.49878,16.1039,0.1772626
25.38449,23.41214,22.10995,20.48943,19.72521,0.6919305
19.64499,17.89686,16.97319,16.57624,16.23944,0.07850018
23.79052,22.85838,21.15877,19.92384,19.42029,0.6472647
19.69142,18.09624,17.19975,16.7054,16.36953,0.06776341
23.54442,21.43825,19.66379,18.83156,18.4171,0.4500674
23.57065,21.24,19.29863,18.73899,18.35287,0.3821535
18.90549,17.72673,17.10558,16.75495,16.53353,0.08181815
19.15353,17.70317,16.92624,16.50699,16.23545,0.08264772
19.54259,18.22312,17.62274,17.22802,16.96991,0.06128567
21.51862,21.25072,20.16599,19.87482,19.31856,0.3959824
22.6206,22.7966,20.59384,19.44448,18.67427,0.6130018
24.70755,22.89389,21.21293,20.15228,19.5265,0.573235
23.79761,20.56116,18.92172,18.23686,17.81115,0.3248455
24.07943,21.87476,20.04036,18.96361,18.49288,0.5902476
20.03043,18.1916,17.36327,16.91872,16.63517,0.07280567
23.35393,23.71652,21.75654,20.54337,19.81783,0.6976876
24.36795,22.0707,19.73236,18.8151,18.40089,0.6310341
18.48396,16.76043,15.98171,15.6036,15.30425,0.03094283
20.33741,18.3068,17.17982,16.64435,16.2175,0.1474021
24.99577,22.27434,20.27245,19.3583,19.07353,0.48309
21.97553,21.39182,20.50462,19.75633,19.46805,0.6571161
22.94423,21.28679,19.5459,18.68966,18.25087,0.4336577
26.86774,22.70794,20.95148,19.92047,19.55317,0.5504236
23.49615,20.97025,19.20452,18.42538,17.93926,0.4423515
24.03612,21.27588,19.60241,18.71092,18.24941,0.4728188
23.6858,21.77066,20.47311,19.46486,19.12427,0.5431921
23.00504,22.17231,20.70211,19.7371,19.13473,0.5108201
19.34676,18.32704,17.58661,17.14633,16.8604,0.1623811
23.02338,22.8453,20.80817,19.63244,18.93155,0.6384378
19.28855,18.11616,17.29338,16.86625,16.6324,0.1859926
19.82584,18.06018,17.04848,16.62231,16.22571,0.1266351
25.53295,22.0811,20.28161,19.36603,18.79326,0.4698712
24.03751,22.21072,20.46029,19.40544,18.95654,0.5151333
21.84779,22.087,20.51061,19.25377,18.61902,0.6910254
19.86431,18.54944,17.7268,17.22334,17.09161,0.09899923
20.93364,18.96553,17.81003,17.3531,17.00996,0.1480975
22.14923,20.98052,18.95558,18.34486,17.87456,0.3370593
22.38847,22.9819,20.76023,19.68901,19.22216,0.6115083
23.01698,24.41485,21.08187,20.17772,19.79316,0.6580263
22.78109,21.31266,21.73777,20.96108,19.02094,0.2601435
19.0397,17.92971,17.45112,17.10558,16.95983,0.06949467
19.69113,18.1472,17.159,16.63171,16.27253,0.1290458
18.71805,17.42208,16.7767,16.44303,16.23034,0.08027337
23.73277,22.13769,20.53558,19.71773,19.2377,0.4846841
26.00663,21.35318,19.34433,18.52556,18.08065,0.4441813
22.88194,21.66805,20.18795,19.40604,19.201,0.4162185
19.03857,17.79956,17.35235,17.08863,16.99323,0.03977071
23.20683,22.48104,20.60468,19.43537,19.05976,0.6269144
23.11213,22.46703,20.86254,19.70587,19.02927,0.7079387
24.08898,21.15633,19.88849,19.3975,19.05755,0.1828788
23.90197,21.83467,20.36881,19.37598,19.08495,0.6536561
20.1234,18.33685,17.10644,16.56757,16.21082,0.1825126
26.22359,23.52336,21.69087,20.45693,19.68012,0.7310934
24.64972,22.05262,20.87512,19.60548,18.83051,0.670039
25.20672,22.62345,21.21172,20.08344,19.73476,0.558175
23.06759,21.70092,20.23113,19.12039,18.65832,0.6007568
25.68821,22.21082,20.38691,19.55422,19.12164,0.4812705
19.92771,18.08168,17.16896,16.76836,16.42092,0.08372255
20.36167,19.56809,19.28041,19.0982,18.9187,0.006327039
22.42398,21.36035,19.89145,18.79483,18.3828,0.4598269
19.07757,16.97329,15.95794,15.49617,15.14087,0.07449563
23.53765,21.35146,19.92827,19.17336,18.60649,0.481466
19.17287,17.22176,16.3186,15.9246,15.60782,0.08374125
23.76303,23.13815,21.66506,20.58883,20.25351,0.7079834
19.81258,18.27953,17.46062,17.03178,16.75178,0.05413438
26.16959,22.03313,20.24067,19.21511,18.67145,0.5156577
19.79095,18.1174,17.44366,17.01737,16.83353,0.09483095
24.94615,22.87832,21.67163,20.20663,19.39524,0.6542089
22.98528,22.53037,20.80736,19.67487,19.10634,0.5290791
18.93474,17.8765,17.39667,17.06088,16.90048,0.1233351
19.07964,17.77763,17.05741,16.65893,16.38951,0.1076372
21.10863,21.25033,20.17767,19.42151,18.89909,0.6979576
18.94926,17.15382,16.36528,15.98881,15.72715,0.04451415
22.98009,21.37341,19.5965,18.8787,18.53036,0.4092475
20.59832,18.70601,17.56041,17.07782,16.7386,0.1664947
24.81179,21.44987,21.03414,21.74988,21.99961,0.08185703
25.90689,21.89437,20.45074,19.46082,19.08912,0.5450715
22.36346,22.20024,20.57487,19.66164,19.2927,0.517061
23.13268,21.71719,20.22118,19.36029,18.9921,0.3470491
25.35218,21.47058,19.48417,18.81231,18.36599,0.3628358
23.59756,20.64235,18.9361,18.27338,17.88492,0.3730495
22.01198,20.89709,20.02649,19.74327,19.61295,0.2758804
19.58858,18.30346,17.63694,17.27189,17.09682,0.07858445
18.91213,17.56384,17.04315,16.70869,16.62992,0.03429588
22.30232,21.23826,19.34965,18.73052,18.40059,0.3913896
23.2179,21.3251,19.604,18.78568,18.32601,0.4558744
19.65796,18.30185,17.51283,17.10758,16.79017,0.1148368
24.79702,21.83076,19.97188,18.91179,18.50461,0.5635429
19.83578,18.00932,17.02371,16.58843,16.20561,0.1022841
22.89135,22.19205,20.71155,19.69667,19.29246,0.6370869
24.9936,22.98218,21.1487,20.01034,19.54427,0.668326
19.0589,16.91146,15.8615,15.41406,15.05216,0.1077243
23.18574,21.02637,19.35039,18.62407,18.25054,0.3372254
24.16767,21.49901,20.53085,19.56591,19.14894,0.5672466
19.50368,18.80916,18.46819,18.12897,18.0588,0.1302673
19.83132,18.5123,17.64471,17.18414,16.83126,0.1481426
19.59615,18.29237,17.55993,17.17602,16.89421,0.08953302
19.9203,18.04036,17.09736,16.61815,16.29474,0.08772673
24.05274,21.55824,20.02617,19.1376,18.52305,0.4983707
19.34437,18.30622,17.81143,17.45311,17.29249,0.1241722
22.3347,20.15977,18.51422,17.9248,17.56222,0.3209097
24.69002,22.29986,19.9752,19.24151,18.68083,0.4124887
22.71565,21.23631,19.28943,18.50234,18.04131,0.417681
24.19876,21.04944,19.74156,19.0031,18.62449,0.4353381
23.34349,21.83474,20.39438,19.11367,18.34619,0.7302662
21.62372,20.26232,18.80635,18.23134,17.90697,0.209969
19.968,18.29151,17.48927,17.08787,16.79739,0.05766016
21.20539,19.31872,18.02982,17.5023,17.17197,0.2020522
18.91372,17.18237,16.31482,15.93609,15.60247,0.0874388
15.76585,14.288,13.47534,13.02648,12.64552,0.01747737
17.90182,17.11068,16.99005,16.87214,16.81171,0.03376773
24.97154,22.21519,20.78635,19.72808,19.45247,0.5905583
24.23129,20.22102,18.45889,17.94423,17.74576,0.278485
19.95974,18.01269,17.09519,16.66412,16.34575,0.08023316
24.15852,21.98094,20.64871,19.66473,19.3038,0.490162
23.14118,21.42671,19.74458,19.017,18.59719,0.4034032
22.80346,22.02695,21.84264,21.52964,21.10516,0.372781
20.02071,17.76465,16.68529,16.11123,15.66649,0.07695858
24.51412,21.58681,19.88799,18.98076,18.49452,0.4712763
25.99584,22.16216,20.30061,19.48619,18.92213,0.4899227
20.1119,18.25754,17.30185,16.85474,16.49652,0.08482426
17.70245,16.22431,15.51102,15.15194,14.83453,0.02122282
23.94027,21.82339,20.69611,19.9283,19.36782,0.4797628
22.36127,21.15633,19.43564,18.78219,18.30855,0.3864504
19.36653,18.06261,17.46202,17.1395,16.83033,0.1179576
18.42021,17.29768,16.84572,16.55041,16.38874,0.04185052
22.63157,24.08272,20.87989,19.58835,19.20462,0.7298412
18.85645,17.77025,17.45228,17.18042,17.03266,0.05278391
18.50531,17.37461,16.94214,16.65069,16.51243,0.07864346
22.90296,22.53119,21.18264,19.86741,19.33749,0.7175147
19.47697,17.48448,16.52982,16.08263,15.74221,0.07551192
18.44372,17.35708,17.06539,16.84051,16.73018,0.06745196
20.0629,18.30348,17.5224,17.14126,16.85209,0.04963415
24.12479,22.42576,20.76756,19.78434,19.44364,0.4748726
22.00571,20.03088,18.83024,18.28891,17.90116,0.2737647
19.08934,17.37336,16.47905,16.02317,15.66737,0.07332443
23.80224,22.10817,20.44651,19.39899,18.79611,0.55649
20.67881,18.74858,17.48833,17.00434,16.63939,0.1899387
22.95339,19.86707,18.37023,17.79233,17.34854,0.2613012
19.22905,18.03629,17.3943,17.00664,16.74651,0.1210786
22.43142,20.28225,18.62939,18.04955,17.60575,0.3222554
19.5239,17.60466,16.64084,16.20983,15.84354,0.08827489
23.39179,22.40492,21.29553,20.08551,19.55499,0.6254654
18.66244,17.90762,17.29742,16.88471,16.65301,0.2179848
24.00651,21.72051,20.09983,19.30664,18.91926,0.5607879
21.50394,18.97571,17.6307,17.12607,16.76579,0.1938361
18.2007,17.10444,16.56492,16.19639,15.98678,0.06244467
25.81067,22.50701,20.65428,19.64705,19.21666,0.5072979
18.86234,17.19269,16.34147,15.86481,15.4981,0.03913505
17.69016,15.83116,14.96459,14.52915,14.15115,0.04161466
18.68678,16.87318,16.00538,15.52333,15.22159,0.04643209
23.39279,22.24608,21.14962,19.85771,19.31726,0.7833924
24.95424,22.2901,20.86795,20.06621,19.44538,0.4717258
26.25515,23.54327,21.25432,20.10235,19.58963,0.6221183
23.64136,22.282,20.84123,19.90555,19.4893,0.5373545
19.18167,16.94658,15.77138,15.23618,14.88448,0.1591688
19.62927,17.82603,16.95262,16.55441,16.25667,0.04385512
21.92332,19.78576,18.25745,17.67711,17.30989,0.2808484
24.85463,23.37889,21.3538,20.32106,19.60637,0.5757882
23.7101,21.65461,20.28209,19.45544,19.02846,0.5479503
24.56118,21.551,20.00181,19.17267,18.62864,0.467225
24.03773,22.1396,20.36788,19.40961,18.92236,0.4976613
17.80882,16.69328,16.20976,15.83863,15.7328,0.08791302
22.4488,22.24162,20.53956,19.54471,19.31638,0.5107892
20.73122,18.84737,17.30727,16.73281,16.33434,0.2461303
18.76357,16.82218,15.84722,15.38094,15.01095,0.05534587
23.56227,22.31464,20.57067,19.6639,19.17876,0.4887659
22.09282,20.97449,19.3075,18.37814,17.97594,0.4733315
25.11136,22.95057,21.20799,20.18334,19.4557,0.6465649
20.18615,18.11262,17.09291,16.63682,16.27294,0.1004928
17.48737,15.91454,15.17432,14.80594,14.50529,0.07444103
20.15817,18.12613,17.09478,16.61006,16.217,0.09482193
22.46391,21.60788,20.56052,19.83682,19.18588,0.5708599
23.60671,22.10387,21.07752,20.02314,19.58596,0.6343464
22.75323,22.74503,20.87693,19.67434,19.02268,0.6548207
26.2623,22.34494,20.68468,19.68725,19.20389,0.5164739
24.68774,23.43617,21.69852,20.21919,19.45762,0.7143792
19.0969,17.11544,16.17229,15.73174,15.39581,0.08228508
19.81167,18.47157,17.69625,17.33496,17.0343,0.1150533
19.24468,18.69852,18.32549,18.16519,18.23165,0.1956854
19.35552,17.34673,16.36816,15.84484,15.37373,0.06419501
21.61593,19.29128,17.87008,17.32364,16.99413,0.2431126
19.39272,17.53023,16.53664,16.00845,15.58063,0.07785986
23.06292,19.92321,18.38416,17.75349,17.36397,0.2952618
23.6141,23.29543,21.543,20.16554,19.66238,0.6864292
25.57429,21.84974,20.38698,19.52913,19.04744,0.4924541
23.54567,22.90361,21.71579,20.60795,19.48881,0.87613
23.70217,20.74524,19.65645,19.128,18.78925,0.190817
19.22024,17.73374,16.96577,16.53015,16.22333,0.06955677
23.65454,21.71729,20.06123,19.01283,18.45485,0.5117446
20.14082,18.59769,17.87355,17.46019,17.12013,0.05883771
17.61653,16.54212,16.28996,16.19918,16.21046,0.002659677
23.40649,22.1906,20.46584,19.4793,19.11747,0.5230995
23.91066,23.21914,21.42352,20.02655,19.47963,0.630877
23.40999,22.91381,21.12144,20.05675,19.36703,0.64508
19.67674,17.90781,16.97205,16.52209,16.18714,0.08066299
23.18165,22.03653,20.59823,19.74684,19.24288,0.4315979
23.55696,22.20396,20.80788,19.81964,19.46257,0.4710913
19.74335,17.80963,16.81659,16.41154,16.05398,0.1100028
20.24694,18.85287,17.83261,17.36231,17.04989,0.2026431
26.62619,22.19834,20.70135,19.68429,19.05776,0.5234861
18.5238,17.52849,17.17023,16.74323,16.71346,0.09564761
23.20445,22.10207,20.34925,19.51526,19.23013,0.3776631
24.68088,22.30194,20.68555,19.73501,19.09239,0.567113
19.96943,18.0835,17.0694,16.67031,16.30618,0.1206202
24.65377,22.33191,20.72472,19.72351,19.09971,0.5525844
23.31609,21.98932,20.51292,19.56349,19.03925,0.5274919
24.21585,21.20562,19.49578,18.64575,18.22988,0.499286
20.29463,18.63702,17.83295,17.47701,17.2033,0.08771932
18.45611,16.8025,16.02408,15.61425,15.36094,0.08408643
25.26981,21.71012,20.43716,19.60109,19.05849,0.6198389
17.84263,16.50037,16.07313,15.83667,15.65487,0.02823341
23.96178,23.02074,21.38039,20.3068,20.08092,0.605237
17.47716,16.55855,16.17856,16.03989,15.95338,0.01096165
20.37814,18.37198,17.43616,17.01298,16.67685,0.1457339
19.54072,18.2978,17.7377,17.37399,17.11403,0.09429195
22.11832,20.90388,19.36694,18.52893,17.99894,0.4993179
19.10019,18.01866,17.26252,16.87846,16.65893,0.1800012
19.33375,18.09704,17.49383,17.17222,16.92639,0.0878978
26.67566,21.26134,19.82227,18.76648,18.15282,0.5165358
22.98656,22.15648,20.26329,19.37095,18.96589,0.4950829
25.06189,21.33803,19.49255,18.76215,18.30776,0.4266946
23.01187,19.46309,17.82718,17.43431,16.85933,0.267008
20.22336,19.65513,19.01953,18.96546,19.10232,0.2060622
20.38012,18.43584,17.54425,17.14972,16.81278,0.08474629
23.31824,21.86484,20.28903,19.21596,18.75687,0.5980476
25.665,22.29665,21.12041,20.27991,20.20111,0.6203431
19.45082,17.63634,16.63568,16.21302,15.85456,0.1233515
22.78641,22.04034,20.14165,19.12309,18.65972,0.5317042
22.01797,21.70699,20.58656,19.75003,19.41321,0.6407298
18.88124,16.93871,15.97981,15.53952,15.19699,0.09180105
18.86829,17.66625,17.06377,16.65409,16.39921,0.05964153
20.01868,17.79328,16.70399,16.18392,15.77316,0.107073
25.46171,20.70539,18.82394,18.15077,17.78552,0.3941574
20.12126,18.03772,16.98091,16.46511,15.99397,0.09338613
19.80848,18.44308,17.6245,17.2107,16.90441,0.1478714
25.5135,22.9052,21.07402,20.31932,20.19079,0.4270674
21.36058,19.61531,18.16578,17.61158,17.2455,0.229669
22.11196,19.67044,18.12531,17.55749,17.1967,0.2574024
22.62207,20.2413,18.36909,17.74666,17.30217,0.3540664
20.60172,18.73724,17.543,16.98409,16.45617,0.1302303
18.5413,16.62492,15.70921,15.2762,14.93121,0.04871643
21.83267,21.3124,20.31197,19.584,19.20891,0.5107221
20.31844,18.10746,17.08125,16.63075,16.26263,0.13807
23.50468,22.13424,20.22289,19.42506,18.87915,0.4921851
23.27648,22.99785,21.72781,20.37863,19.72262,0.709359
20.29384,18.48252,17.47105,17.02507,16.69514,0.1256454
23.39893,22.40641,20.3626,19.04253,18.49294,0.7085654
19.8583,18.31871,17.46344,17.01159,16.71287,0.08687946
20.46848,18.52038,17.34501,16.86117,16.43884,0.1385086
23.51725,22.62674,21.47092,20.22959,19.90775,0.7220496
20.5854,19.71518,18.71159,18.24555,17.89705,0.3717309
23.24068,22.39512,20.58662,19.67672,19.18428,0.5104594
18.85496,16.8428,15.86345,15.41568,15.05105,0.08421674
22.98747,21.81388,20.19846,19.41093,19.01363,0.4620302
24.69504,23.04443,20.93392,19.90136,19.26237,0.4996072
25.92317,22.90092,20.96437,19.85481,19.49209,0.5725787
23.20856,21.7121,19.71355,18.924,18.49272,0.4027377
22.07277,21.25039,19.80093,19.33115,18.99451,0.2927239
19.79816,18.36761,17.44174,16.96628,16.62989,0.1512029
24.13814,20.87796,19.17103,18.52107,17.97988,0.4088133
18.16785,17.26439,17.02209,16.8038,16.67497,0.04045619
26.23928,22.02063,20.33006,19.50623,19.09013,0.4583589
22.38809,21.61259,20.02463,19.13484,18.59529,0.4736248
20.13405,18.29795,17.27732,16.85523,16.49214,0.1220193
20.09632,18.64638,17.58562,17.06549,16.68508,0.1570863
23.86834,22.71101,20.92188,19.79771,19.24493,0.5732076
22.94439,22.15324,20.32691,19.23361,18.78821,0.5308009
17.20442,16.09992,15.6884,15.4095,15.27989,0.05095008
23.14715,21.46203,19.98745,19.20018,18.88069,0.5665694
23.81147,22.33852,20.77731,19.8651,19.38831,0.5247532
21.49598,18.84281,17.30095,16.7903,16.46637,0.2304718
22.32895,20.83076,19.45353,18.88916,18.51887,0.2611905
23.30332,23.1218,20.79677,19.6386,19.1258,0.5175831
23.9455,21.40894,19.60544,18.81834,18.36026,0.4108298
19.32112,17.80075,17.03268,16.56548,16.33359,0.1015723
25.94341,23.74072,21.35658,20.18599,19.48932,0.5653443
20.30472,18.54231,17.57638,17.17716,16.87967,0.1002765
23.43355,20.60372,18.76257,18.07897,17.67089,0.3917946
18.6665,17.81655,17.53692,17.37372,17.34222,0.03429344
25.16616,21.92166,20.87488,20.01078,19.91967,0.5692312
20.12458,18.2669,17.37512,16.96968,16.64573,0.09492067
19.85966,17.82338,16.71194,16.26027,15.90351,0.1420852
20.20079,18.08965,16.91815,16.44669,16.10574,0.1507021
25.14113,22.39858,20.5125,19.55855,19.4944,0.4193979
23.37041,20.69494,18.97134,18.08419,17.63317,0.4728982
22.38847,22.9819,20.76023,19.68901,19.22216,0.6114658
22.54768,21.66235,19.8983,19.07848,18.64792,0.4638231
25.28392,22.14243,20.29612,19.31844,18.73592,0.5074715
23.91724,21.30059,19.98693,19.1199,19.8131,0.2183365
22.2387,21.14103,20.41778,19.53823,19.15816,0.1127587
20.47317,18.49115,17.14256,16.6256,16.30803,0.2326266
21.10193,18.96579,17.79494,17.33552,16.99007,0.174995
24.11519,21.49762,20.21343,19.58408,19.20104,0.2930376
20.3353,18.12227,16.88881,16.39805,16.00761,0.1890033
25.14576,22.61176,20.43576,19.43885,18.86008,0.5468394
24.0782,22.57104,21.03944,20.09069,19.79189,0.4917374
18.14117,16.76429,16.08141,15.72688,15.44965,0.09578438
24.54842,23.25859,21.62341,20.44825,20.03821,0.6296693
24.3132,21.95152,20.25717,19.42093,18.61217,0.5312423
21.13042,18.8913,17.74647,17.26641,16.88809,0.1243084
23.6246,21.11952,19.37282,18.64682,18.09394,0.4491659
19.99022,18.18217,17.26749,16.87945,16.5568,0.1248261
18.0833,16.8477,16.06037,15.58834,15.35887,0.117537
21.62772,21.45543,20.02141,19.11815,18.61639,0.5395
23.96204,21.73133,20.42334,19.43546,19.16803,0.5051034
25.06506,21.62946,19.70815,18.75627,18.15287,0.4844066
20.89865,18.84406,17.73271,17.28508,16.91042,0.1379099
23.83743,22.55351,20.82352,19.92855,19.37838,0.5316387
24.9464,22.09664,20.72529,19.77046,19.45966,0.4858021
25.99747,23.56471,20.86344,19.74108,19.35576,0.5663543
21.06725,19.10119,17.56506,17.014,16.68462,0.2944591
20.24197,18.26845,17.22685,16.79026,16.4321,0.123176
22.01681,21.55748,20.24923,19.48007,19.13151,0.4800335
22.77619,20.70279,18.88204,18.17747,17.7261,0.4340881
20.48641,18.50844,17.4866,17.04292,16.67336,0.114731
20.69419,18.68687,17.72066,17.26022,16.87849,0.07195388
22.15532,21.25592,19.69846,19.03143,18.72217,0.2913793
24.40801,22.93203,21.06054,20.00622,19.71437,0.558511
19.9117,18.22882,17.26628,16.75644,16.36422,0.1405914
19.90943,17.99299,17.09142,16.69311,16.41638,0.09642956
22.58464,22.75511,20.88305,19.74398,19.54519,0.5777104
19.6156,17.63814,16.63496,16.18497,15.79833,0.1074399
23.45226,22.95258,21.5536,20.44275,19.81812,0.643751
22.44815,21.00802,19.67835,19.09845,18.75643,0.2136028
24.40616,24.23015,21.66289,20.62635,19.76662,0.7319804
25.53186,22.40748,20.78248,19.82628,19.52651,0.3925963
19.50445,18.06841,17.77062,17.54216,17.43935,0.08610729
18.57239,17.18364,16.38426,15.94742,15.65451,0.06737973
20.97477,21.09064,20.86719,20.7789,20.66708,0.6419711
26.93419,22.22307,20.5937,19.43459,18.94307,0.598323
17.62532,16.58125,16.06725,15.60656,15.47072,0.08657026
21.44059,20.87905,21.20095,21.2716,22.82918,0.04193083
23.89472,22.43896,20.82684,19.81581,19.25856,0.5267771
23.09677,21.51111,19.8926,19.12186,18.75341,0.4285473
24.64256,22.43458,20.85582,19.76307,19.16132,0.6463833
20.54488,18.68417,17.59057,17.11682,16.77375,0.1800954
18.56489,17.28337,16.65403,16.27755,15.98773,0.07000244
18.98885,16.98727,16.06243,15.53579,15.07409,0.04779874
24.17901,22.46202,20.74723,19.65165,19.12807,0.5400745
22.9663,23.2787,21.27919,20.08093,19.58158,0.6339408
21.35148,21.19199,20.16202,19.38515,19.232,0.6659092
20.85571,18.93751,17.69973,17.21035,16.76273,0.1434542
23.0111,21.92899,20.17103,19.34583,18.97051,0.4625126
22.53316,22.21281,19.72366,18.68449,18.44393,0.607071
18.59287,17.0871,16.29822,15.88552,15.56863,0.08071391
22.55269,22.33351,20.53648,19.24559,18.69718,0.619534
25.11964,22.51815,20.6368,19.75343,19.34758,0.5017447
25.27575,22.12288,20.41084,19.62175,19.12599,0.4326346
24.6251,22.15967,20.99448,20.11731,19.65836,0.5942472
20.55653,18.66732,17.4359,16.93849,16.54701,0.1524078
19.64532,18.00697,17.09316,16.6192,16.29914,0.1422762
25.81508,21.46015,20.15967,19.35287,19.0638,0.5143432
19.60853,17.71303,16.69716,16.2053,15.81903,0.08490478
21.83502,19.65543,18.11235,17.52718,17.10663,0.2641623
18.14614,17.09301,16.68175,16.44398,16.20429,0.02490769
18.95371,16.97185,16.06259,15.64918,15.30034,0.07728735
24.08146,22.34142,20.98609,19.99376,19.61362,0.6352052
26.06193,22.8051,20.88956,19.90779,19.60021,0.540782
23.13042,22.32348,20.67114,19.68992,19.13682,0.5165057
20.94641,18.82421,17.56241,17.07901,16.74523,0.1983822
18.9878,17.71051,17.12835,16.75883,16.55678,0.06890327
19.65629,18.23695,17.40438,16.97411,16.61696,0.1589259
21.2279,21.25333,20.74479,19.94955,19.78139,0.7265527
19.40037,18.21871,17.83287,17.60822,17.50951,0.02851265
22.70114,21.52979,19.51627,18.78428,18.35984,0.2707381
23.27563,22.73522,21.11139,20.12273,19.56404,0.5539194
24.91862,22.54247,20.80852,19.65987,19.08964,0.591597
21.65394,21.32102,20.08638,19.2886,18.9925,0.5228186
20.15392,18.5279,17.48963,17.00737,16.63023,0.1523422
23.33244,22.2086,21.15199,20.56434,18.81396,0.1228464
19.2335,18.17438,17.46778,17.05253,16.78909,0.1186279
23.22354,22.03453,20.15334,19.31763,18.77739,0.5000736
23.43496,21.38583,19.69312,18.87255,18.41805,0.420749
22.69879,22.10765,20.49795,19.44244,19.02253,0.522275
21.75213,25.15754,18.71397,18.06133,17.44494,0.1715248
25.58859,22.59488,21.05779,20.04623,19.68255,0.6461528
23.6334,19.89901,18.35618,17.81076,17.44977,0.2816942
22.6335,20.96225,19.10173,18.34439,17.85922,0.4711194
21.00995,18.72416,17.48949,16.9576,16.54532,0.1491411
22.95336,20.72723,19.02528,18.29712,17.83627,0.4178272
21.90486,21.31172,20.50895,19.54104,19.24127,0.7399093
23.27122,22.48366,21.14145,19.9934,19.72278,0.5334995
24.82332,23.35978,21.33203,20.2201,19.57854,0.6311689
22.39613,22.07677,20.68806,19.80059,19.25198,0.4774348
20.39454,18.42923,17.18576,16.69532,16.31542,0.1873938
20.1493,18.13246,17.1083,16.68027,16.32654,0.1278946
26.04962,20.84063,18.98475,18.28673,17.83043,0.414044
22.24096,21.99011,20.28808,19.08906,18.68695,0.6028557
18.37135,16.91825,16.25416,15.86436,15.63962,0.08832494
19.27515,17.55601,16.73484,16.32329,16.03924,0.1099938
22.5221,19.39301,17.82529,17.24881,16.95984,0.2393466
22.23198,22.23303,21.80662,21.6755,21.17155,0.8068663
24.9418,22.14464,19.93655,18.95256,18.53853,0.5230913
20.24484,18.50517,17.42141,16.96418,16.60747,0.1500827
25.16966,22.94553,21.45076,20.01463,19.23418,0.6669763
19.53023,18.21755,17.52469,17.1713,16.94634,0.1050548
21.18544,20.20796,19.04269,18.6151,18.35428,0.2951689
20.09204,18.70755,17.84173,17.4082,17.06647,0.141431
20.67033,18.75364,17.74274,17.33912,16.9952,0.1212014
23.46521,22.90854,20.82638,19.93354,19.37761,0.5323329
23.39388,22.81322,20.93176,19.97455,19.59317,0.474331
25.68466,22.03108,20.24806,19.19477,18.73312,0.5391214
20.62515,18.8929,17.71039,17.14163,16.78646,0.1996704
18.94695,17.51568,16.80462,16.37475,16.06501,0.09711879
22.59806,20.26781,18.56961,17.94996,17.50485,0.3686904
23.08501,20.37419,18.7572,18.10218,17.67965,0.305944
19.73947,17.73589,16.71759,16.17863,15.73088,0.08310145
20.59527,18.81965,17.7708,17.27808,16.96554,0.2240829
23.80883,22.67713,20.88377,19.74437,19.3066,0.6539401
22.52588,22.54378,20.62464,19.54381,18.91851,0.5932963
19.6866,18.48908,17.91552,17.56639,17.33578,0.1032536
23.1263,22.77704,21.0861,19.83872,19.63612,0.6101236
22.83677,21.01208,19.98604,19.17223,18.67812,0.4941755
22.38511,21.95767,20.90708,19.90382,19.48109,0.6309512
19.39011,17.5724,16.61777,16.19303,15.82967,0.08292363
19.26642,18.20497,17.76208,17.41499,17.26515,0.08780749
21.74937,19.22283,17.6763,17.12263,16.80011,0.2795112
19.69131,17.71016,16.55649,16.09995,15.74558,0.1685821
19.773,18.52406,17.66795,17.25734,17.00262,0.1653931
18.50833,16.65103,15.69518,15.27224,14.92008,0.09936982
21.37145,19.89609,19.49355,19.27554,19.1697,0.03926044
23.03656,19.98744,18.46568,17.87733,17.53884,0.2840063
25.89523,22.00819,20.27431,19.44722,18.97543,0.4711963
23.05065,21.65224,20.89603,20.02044,19.55454,0.7662474
25.80726,20.88783,19.07093,18.40956,18.05083,0.3971896
26.09457,22.03625,20.35962,19.4735,18.92291,0.5263769
25.69833,21.02297,19.42957,18.62593,18.14675,0.4494886
20.27505,18.32511,17.19077,16.72217,16.38948,0.1653372
25.59374,23.20406,21.49726,20.24792,19.82632,0.590198
24.65048,22.44503,20.6375,19.36469,18.8963,0.6042128
18.31409,15.63197,15.40908,17.69589,14.02316,0.4591278
23.9424,22.74803,20.8556,19.62266,19.17207,0.6707592
22.51895,21.23723,20.60279,19.72131,19.28478,0.7863998
23.10067,22.77009,20.79208,19.66924,19.1318,0.6071342
20.56874,18.23648,17.29528,16.89438,16.58584,0.08067162
22.19932,19.52636,17.85758,17.26951,16.93476,0.3051631
20.57258,18.62342,17.63901,17.14566,16.78395,0.08753531
20.4152,18.84901,17.90404,17.41631,17.02179,0.1472101
22.37066,21.87283,21.13935,20.89834,20.97552,0.51675
22.52535,20.89893,19.21977,18.55693,18.06715,0.4074093
24.43111,21.11596,19.33364,18.58263,18.08191,0.458204
24.54711,23.37842,21.87712,20.81289,19.99815,0.6071479
22.75462,23.14994,21.30357,20.01747,19.53164,0.761032
17.36431,16.30897,15.93517,15.72214,15.6261,0.03029318
20.07869,18.18867,17.27374,16.82303,16.49179,0.06079087
26.18106,23.02328,21.11499,20.12035,19.66819,0.6061322
22.41237,20.24893,18.65561,18.03966,17.68586,0.3056276
19.42004,17.56019,16.57341,16.08844,15.72515,0.09664973
24.09611,21.59969,20.25109,19.15852,18.6186,0.6082985
20.50447,18.4104,17.1679,16.61332,16.15487,0.1347883
20.86443,20.12664,19.25408,18.81478,18.52484,0.26344
23.48504,22.12063,20.24772,19.24257,18.73578,0.4863166
24.66023,20.62655,18.83183,18.14062,17.78137,0.3265822
24.58696,23.90356,21.95579,20.81699,19.96786,0.8823776
19.91608,17.87123,16.92547,16.51978,16.1707,0.1019811
23.68233,22.29132,20.46119,19.67104,19.47429,0.461522
23.03732,21.17957,19.52721,18.77312,18.45462,0.425188
27.4387,22.27762,19.7878,18.79177,18.27438,0.557407
18.79862,17.66096,16.96385,16.49742,16.21231,0.1219675
24.54661,22.21824,20.65571,19.52441,19.14335,0.5012607
23.01361,21.60868,20.06445,19.24158,18.61094,0.4891059
18.219,16.21285,15.23194,14.76733,14.41291,0.07866544
17.71214,15.71768,14.77534,14.30649,13.892,0.04133293
19.60324,18.25692,17.49361,17.09501,16.80607,0.1142414
23.17154,21.5912,20.30043,19.81319,19.41525,0.3600969
22.35011,21.79252,20.82267,20.00198,19.81316,0.6584954
24.10585,22.47059,20.80391,19.81408,19.1727,0.5514433
20.03725,18.13512,17.22395,16.80647,16.48251,0.09657693
20.36381,18.38239,17.3611,16.9408,16.58664,0.1231796
23.96085,22.67032,20.90647,19.82833,19.17137,0.5596597
26.39404,14.74279,13.82646,13.92899,22.88977,0.2057966
18.51291,17.20081,16.76805,16.53112,16.46466,0.04315808
20.12173,19.25592,18.71115,18.32964,18.1335,0.1749776
24.0373,20.42127,18.76023,18.09134,17.81321,0.3637576
19.22911,17.61511,16.76448,16.35165,16.04826,0.09298541
22.41529,21.23586,20.13383,19.36362,18.8912,0.5120402
23.69163,21.24829,19.39725,18.75408,18.30657,0.3658269
18.61631,17.63966,17.20926,16.99191,16.81178,0.03100949
26.19936,20.79588,18.92781,18.24793,17.86705,0.3312488
20.6346,18.66486,17.57099,17.06735,16.70465,0.133196
21.86106,19.31088,17.96044,17.39238,17.01242,0.2191273
22.98785,22.60892,20.57848,19.63929,19.07014,0.4852867
18.16058,17.30575,17.09036,16.96662,16.85107,0.0291895
24.95481,22.85943,21.66161,20.63453,19.86233,0.6019675
20.50323,18.62505,17.51517,17.05372,16.65583,0.1285984
21.91131,22.02137,19.97991,19.10385,18.73256,0.5518128
19.9637,18.37315,17.53262,17.12985,16.81106,0.1019839
24.19375,22.28965,20.67238,19.74337,19.51661,0.5673652
24.38339,21.29025,19.45432,18.51974,18.06886,0.4851764
24.54508,22.47821,20.73737,19.78695,19.35648,0.6191317
25.77255,22.37216,20.39757,19.50792,18.87719,0.4757895
20.57344,18.3554,17.2226,16.69368,16.28137,0.158198
24.88037,22.59432,20.72356,19.55664,19.00378,0.5431601
22.87127,22.24674,21.47613,20.43504,19.74133,0.7007086
20.13335,18.25569,17.39822,17.00265,16.71631,0.05409241
19.37717,17.57997,16.66917,16.21968,15.87863,0.08216152
23.26962,21.9856,20.80169,19.95812,19.58157,0.6706133
20.64394,18.59907,17.61575,17.19258,16.89075,0.1098466
23.42412,20.98831,19.18149,18.44052,18.06463,0.4028087
26.33005,22.20606,20.53047,19.52921,18.98708,0.5838367
22.06444,20.94773,19.80967,19.17763,18.71145,0.1420242
19.18143,18.08897,17.64435,17.34734,17.25774,0.1030337
25.32589,25.68543,22.60866,20.76828,19.60411,0.874154
22.60293,21.55397,19.72927,18.88125,18.38328,0.4477061
22.46567,21.93088,21.13678,20.7659,20.67384,0.3964482
18.07636,16.16198,15.2931,14.88043,14.58777,0.04837527
19.66364,17.77028,16.84363,16.37649,16.0537,0.08505543
19.76059,18.78666,18.37796,18.11405,18.04669,0.1061025
21.93542,21.52264,20.00932,19.1339,18.66445,0.5264623
21.22695,19.1264,17.78212,17.19323,16.76584,0.2104248
23.92034,21.82026,20.21519,19.3872,19.10305,0.4641405
23.10234,22.40624,21.32797,20.00475,19.49067,0.6469769
22.52287,21.11504,19.31842,18.67287,18.14328,0.3923419
21.11428,18.81916,17.54243,17.00462,16.61638,0.1828001
23.1734,23.14616,21.39448,19.93664,19.44553,0.6293318
19.32548,18.08243,17.47206,17.07072,16.82507,0.07594688
25.05841,22.18562,20.61909,19.65977,19.20792,0.4984736
19.74326,18.27807,17.38776,16.93879,16.63668,0.1499051
22.7149,20.0108,18.27188,17.61677,17.25113,0.3438004
19.15897,17.74275,17.15339,16.77975,16.57415,0.06279471
25.38665,23.13457,21.49511,20.04862,19.33133,0.6696044
19.35711,17.24314,15.97302,15.4946,15.11927,0.1669239
25.6615,21.51824,20.53079,19.20817,18.49444,0.6960851
22.27968,20.52177,18.99942,18.27664,17.82854,0.4171828
19.32494,17.68884,16.92883,16.48691,16.21823,0.07621378
23.50398,20.60601,18.75897,18.10828,17.71859,0.3260651
25.9585,21.88591,20.31061,19.26362,18.70502,0.4985473
19.96669,18.65853,17.75924,17.38465,17.13134,0.1542357
19.79945,17.67533,16.5222,16.03313,15.62837,0.1379891
23.09578,22.79214,20.47759,19.29765,18.74798,0.546699
20.43395,18.3364,17.25142,16.71741,16.3031,0.1089361
19.54569,18.1828,17.30174,16.89585,16.61559,0.1549979
24.51474,20.51883,18.66824,18.11066,17.45209,0.3345365
23.56322,22.07763,20.73756,19.72103,19.31899,0.5378903
19.44382,18.20186,17.57832,17.24597,16.98098,0.07396382
18.80149,17.20606,16.45512,16.05314,15.77163,0.07701337
24.83079,20.81645,19.12503,18.4718,17.96001,0.3524193
19.95308,18.37891,17.37876,16.92085,16.58998,0.1727177
24.66985,21.03756,19.0022,18.22248,17.87531,0.2100641
18.40519,16.64396,15.70383,15.24535,14.91937,0.09894329
21.10565,19.56881,17.97297,17.37512,16.97612,0.2959532
18.50923,16.97396,16.15437,15.71044,15.39291,0.08212022
23.06087,22.54526,20.00781,19.0569,18.60225,0.60091
22.70311,22.03486,20.91981,19.9651,19.30223,0.5747746
20.51689,18.46316,17.48598,17.03681,16.68161,0.09091448
19.13737,17.51624,16.66552,16.28181,16.00398,0.1052362
25.61653,21.92575,19.97116,18.96427,18.54887,0.5789388
25.55444,22.31852,20.7216,19.68949,19.10862,0.5651124
22.99308,21.71087,19.98182,19.0278,18.42536,0.5752287
19.43658,18.03036,17.53919,17.23541,17.10655,0.0888199
19.65213,17.59669,16.53107,16.07771,15.72215,0.126161
24.75301,22.75381,21.10111,20.0756,19.5745,0.5594032
25.84264,21.94119,20.23177,19.22753,18.8506,0.5357936
20.51247,18.8126,17.9196,17.50583,17.18161,0.08468816
20.00364,17.89353,16.74989,16.28425,15.93219,0.1456774
19.69725,18.43028,17.65543,17.17458,16.96552,0.1714839
23.80419,21.721,20.06536,19.051,18.9409,0.4310434
23.08889,22.40458,20.57104,19.54282,19.17685,0.5409957
23.07954,22.12688,20.5406,19.53774,19.33213,0.5820331
22.04781,21.92259,20.6393,19.8209,19.39137,0.5588101
21.87022,19.63396,17.97479,17.40055,17.00132,0.3118808
21.94703,19.88686,18.16855,17.54967,17.12831,0.324871
22.63574,22.101,20.35115,19.3466,18.97867,0.5456138
19.27649,18.2755,17.69377,17.27392,17.12186,0.1489099
23.0188,22.32405,21.04858,20.07796,19.64848,0.552479
19.01161,17.82136,17.13423,16.76904,16.51239,0.1550717
23.08387,21.03712,19.15818,18.46904,17.99695,0.3743233
20.5408,18.41557,17.24432,16.77702,16.41825,0.1534235
20.09922,18.47079,17.44847,16.92549,16.50577,0.09566182
26.65697,22.39424,20.98692,19.93058,19.68904,0.6997722
20.34352,18.56211,17.65084,17.24867,16.87414,0.1252705
19.10109,17.94835,17.43482,17.09564,16.89616,0.04844005
20.48141,18.61021,17.59237,17.15587,16.78011,0.1375089
22.43218,21.58519,20.36794,19.56307,18.9931,0.5379257
22.86201,20.62213,18.92628,18.32521,17.97391,0.31973
23.04855,22.30515,20.43488,19.58331,19.03863,0.456655
23.09214,21.1486,19.73682,18.91435,18.47966,0.5049583
19.14388,17.03916,15.84493,15.37367,15.00328,0.1536181
24.83323,21.99856,20.29963,19.48762,19.21988,0.4149255
18.70198,17.65989,17.27614,17.08569,17.03023,0.0289486
20.77166,18.29414,16.98821,16.49344,16.14014,0.1798479
25.31957,24.51187,22.55595,21.10801,20.02939,0.7746795
20.69744,18.83466,17.67013,17.18506,16.81527,0.1727178
23.52318,21.95033,20.41447,19.52572,18.87519,0.45241
21.30925,20.50247,19.17935,18.6363,18.3738,0.3878815
18.43146,17.35771,16.93609,16.66774,16.50429,0.04342113
23.64316,21.59377,19.81727,19.01863,18.54458,0.423031
19.50487,17.70002,16.76918,16.33918,15.98313,0.09629659
25.29985,22.15645,20.65249,19.50795,18.89809,0.5623215
19.93075,18.11281,17.26851,16.73676,16.36717,0.086874
20.02638,17.95942,17.04478,16.65164,16.37186,0.09778414
19.74142,17.82949,16.77725,16.34669,15.96699,0.1300534
22.76744,20.84913,19.16903,18.44911,18.07292,0.4160001
19.45749,17.63837,16.57561,16.12741,15.79733,0.1323857
23.10699,21.35927,19.49071,18.67272,18.16469,0.4956014
22.96023,22.44392,20.76634,19.88618,19.33949,0.5261551
19.74921,18.26807,17.34386,16.91312,16.5751,0.1313631
19.59142,18.38321,17.63831,17.23992,16.98355,0.1498052
24.41606,22.24267,20.50425,19.4493,19.04475,0.6112626
24.17651,22.75636,20.84233,19.71837,19.14474,0.5525691
21.99557,19.84398,18.34614,17.67642,17.20538,0.1731996
18.67687,17.57505,17.09365,16.81913,16.61357,0.03349871
22.9296,21.48382,19.64707,18.76126,18.23889,0.4996811
25.08872,21.77451,20.27103,19.26017,18.92126,0.5535232
19.97333,18.59927,17.76787,17.31261,16.94634,0.09683545
24.88441,23.14603,21.09325,20.03534,19.50502,0.5254832
24.96732,23.31934,21.17931,20.05165,19.52219,0.5648707
23.66825,21.5195,19.87649,19.08436,18.5837,0.4297978
22.56904,21.8879,20.25424,19.36049,18.85608,0.4939154
22.95488,22.00777,20.55015,19.70249,19.32957,0.4770806
21.52772,19.46125,17.91675,17.36023,16.99154,0.2506277
18.45618,17.10004,16.44844,16.11218,15.82543,0.03949982
25.85659,21.62993,19.94828,18.92204,18.32053,0.5419967
20.01292,17.85674,16.95,16.42582,16.0461,0.07243562
24.58889,22.81,20.89084,19.77811,19.19782,0.5312969
26.04142,23.46225,21.29712,20.07354,19.29559,0.8007826
19.44455,18.51897,18.015,17.67882,17.55364,0.1571475
18.41814,17.17549,16.63656,16.31784,16.1021,0.03836371
25.26447,22.09199,20.4738,19.56933,19.13844,0.4952677
24.70561,22.15199,20.88859,20.04582,19.51097,0.605373
20.49473,18.48085,17.50381,16.99588,16.61343,0.1090228
18.05681,16.13987,15.25437,14.85104,14.52787,0.05402919
24.57151,21.64109,20.17306,19.22674,18.89229,0.545736
22.85994,22.03717,20.46878,19.36949,18.60014,0.5993001
23.40129,22.1983,20.95766,19.90927,19.40994,0.5413598
23.03389,21.38271,19.67635,18.78849,18.4476,0.5000907
24.71471,22.41196,20.80538,19.97593,19.52935,0.5225713
23.44178,23.42797,21.1881,20.07621,19.5047,0.5361893
17.84077,16.87843,16.57702,16.31578,16.21686,0.05522292
23.44035,22.0856,20.52465,19.53917,19.07376,0.5499343
20.80909,18.87232,17.87224,17.44525,17.14177,0.1153233
22.38261,20.10677,18.49231,17.91898,17.59277,0.316084
17.7641,15.77689,14.85261,14.40569,14.05563,0.0269651
23.46961,22.08641,20.12248,18.88431,18.56579,0.6269907
22.74117,22.83775,20.74264,19.31753,18.8381,0.6375996
23.92477,21.85814,20.22338,19.40565,18.96658,0.4381319
25.35855,22.5411,20.76805,19.72157,19.318,0.5487874
20.43777,18.49724,17.41725,16.95439,16.54878,0.1445896
18.62741,17.37108,16.75495,16.38828,16.14667,0.09489857
22.4448,21.31429,20.1682,19.58442,19.19272,0.3090098
24.65373,23.63355,22.01478,20.28985,19.63909,0.71889
24.16539,21.70334,20.07979,19.30256,18.76928,0.4520561
22.10961,21.88675,21.29175,20.96683,20.54729,0.4858535
18.87807,17.47245,16.68009,16.22712,15.90947,0.1075916
20.85093,18.84986,17.79474,17.21278,16.77772,0.09969573
18.97596,17.3312,16.41892,15.98116,15.66378,0.1181085
19.06112,17.27134,16.34441,15.93505,15.62299,0.07910931
21.16506,18.91179,17.78493,17.2831,16.90589,0.1286689
21.29254,19.8955,18.27114,17.69303,17.22959,0.3208055
19.46948,18.01317,17.1056,16.6404,16.29405,0.129684
18.11231,16.17158,15.27453,14.82124,14.46451,0.0371129
22.71647,21.74969,19.7981,18.70718,18.23425,0.5447583
19.33196,18.01716,17.31059,16.95747,16.67483,0.08398818
19.93015,18.17168,17.35801,16.96521,16.6751,0.0443475
22.02433,20.46431,19.00158,18.63763,18.43297,0.3859881
22.22511,20.47528,19.37585,18.94452,18.57888,0.1212408
23.25995,20.90043,19.18731,18.53809,18.18779,0.405138
20.18338,18.43405,17.55633,17.08982,16.75795,0.06062414
22.69366,22.07934,20.40246,19.46981,19.01031,0.5116742
19.87082,18.42005,17.5026,17.0291,16.67747,0.1646179
15.82069,14.82276,14.3413,14.1126,13.92004,0.02162867
18.29066,16.99479,16.48043,16.15771,15.97627,0.03921085
19.5666,17.54713,16.45382,15.97732,15.58164,0.1224363
24.15893,21.94766,20.08208,19.234,18.78305,0.4909638
19.7428,17.87741,16.94707,16.50771,16.17781,0.0587039
26.19488,23.51134,21.40821,20.35932,19.60702,0.6842809
25.79688,23.0286,21.15213,19.89316,19.38979,0.6320071
23.06777,22.37303,20.90605,19.7629,19.22507,0.6932091
21.99674,20.48092,19.11383,18.58343,18.20362,0.1716755
20.34048,18.37305,17.14548,16.60557,16.24144,0.1802516
24.40615,22.45209,21.05014,20.04213,19.57461,0.5181367
19.65682,18.40302,17.72131,17.21622,17.02019,0.131692
20.44687,18.26374,17.10212,16.6072,16.24818,0.1645887
22.68555,22.65027,20.73805,19.73468,19.10065,0.6155442
20.58387,18.52194,17.31573,16.83692,16.48194,0.1712759
23.4211,20.3214,18.47227,17.85203,17.51889,0.3230633
23.12336,21.87435,19.57294,18.84854,18.32125,0.3661885
23.58643,21.25901,19.66529,18.72515,18.19019,0.4712887
24.14933,21.00637,19.35924,18.67344,18.27151,0.3945582
18.53941,17.43659,16.96689,16.66212,16.50374,0.07813486
24.15356,22.29591,20.83629,19.75902,19.1465,0.5968723
22.35943,21.49884,20.64664,19.84195,19.5331,0.5430411
19.03454,17.84141,17.34953,17.01541,16.87057,0.0755645
23.28675,19.5304,17.91551,17.31835,16.84773,0.2204064
21.24344,19.17968,18.01884,17.48381,17.05781,0.1254106
20.58173,18.68418,17.52999,17.03785,16.67543,0.1561866
23.39725,20.35069,18.71067,18.10285,17.74618,0.3090278
22.65853,21.56452,19.98637,18.70643,18.31516,0.6196743
19.66437,18.20431,17.22572,16.72754,16.41166,0.1791686
22.69619,21.25142,20.91599,20.61839,20.2175,0.05185701
24.12453,20.8706,19.06302,18.30412,17.87116,0.4166407
25.03607,21.66147,19.99879,18.9087,18.59619,0.5657489
21.01181,19.8976,18.81137,18.31646,17.96031,0.1777768
22.57281,20.73209,19.10197,18.18957,17.73637,0.4897921
20.18522,18.03958,16.99274,16.54378,16.18249,0.1151123
20.47545,18.65708,17.45759,16.90328,16.52139,0.1452266
22.69223,22.28649,20.55894,19.54971,18.95833,0.7206129
22.6923,22.78108,21.10995,20.0113,19.41199,0.5348991
20.60437,18.78505,17.7164,17.21778,16.80109,0.1664143
23.57592,21.99783,20.98869,20.27173,19.86965,0.6983041
20.40743,18.2127,16.97474,16.48593,16.13113,0.1798527
21.66071,20.52251,18.8677,18.20457,17.7543,0.328851
22.06329,22.46259,20.37742,21.04678,19.57513,0.3408708
19.20572,18.09703,17.64738,17.3227,17.13651,0.07232028
22.46401,23.94298,21.13919,19.82584,19.32803,0.7454544
23.21045,21.81257,20.44451,19.66914,19.19045,0.4449419
19.12211,18.17797,17.82643,17.72622,17.52042,0.0227506
17.07377,15.54805,14.8146,14.41728,14.11405,0.03854868
21.2293,19.77781,18.19163,17.52829,17.11285,0.4128739
19.72879,18.2227,17.45448,16.98873,16.65494,0.1212052
22.28833,21.78576,20.58146,19.75317,19.31404,0.723469
26.32305,21.16675,19.42697,18.71557,18.29295,0.398789
19.83719,18.33601,17.45475,17.03634,16.68314,0.1496987
19.12086,18.02803,17.54961,17.21422,17.12807,0.07344522
17.72834,16.48624,15.94128,15.61087,15.36078,0.03456711
25.42039,22.13673,20.63556,19.81916,19.6033,0.4630933
23.40661,22.56811,21.19287,19.80002,19.28443,0.7915779
22.37949,21.48131,20.56165,19.64912,19.23054,0.7483677
17.82759,17.04244,16.759,16.72562,16.62798,0.00940073
21.28957,18.89063,17.5795,17.0865,16.71602,0.1825603
24.41142,21.53539,19.92534,19.19563,18.89187,0.3758755
21.72291,20.30731,18.67364,18.01333,17.60848,0.3182521
23.84784,22.58377,22.15351,22.75779,22.82339,0.180648
24.63982,23.92791,21.75737,20.52836,19.83858,0.6413969
25.00161,23.5292,21.1554,20.02322,19.57362,0.6082211
23.27942,22.61315,21.09649,20.00643,19.40057,0.6283836
24.28243,22.65601,21.0803,20.10223,19.59745,0.6371282
19.53371,18.75589,18.2605,17.93995,17.8565,0.1572003
24.63593,24.68243,21.99164,20.55358,20.13242,0.5968874
24.52384,22.29611,20.73864,19.66278,19.33571,0.5344221
24.29613,22.77309,21.16699,19.90146,19.48906,0.5885291
19.96742,17.97201,16.85284,16.4046,16.06466,0.1431989
21.88661,22.28098,20.46385,19.34867,19.02906,0.6895215
22.79765,20.1912,18.42731,17.80451,17.3999,0.3357347
21.43164,21.08096,21.63709,21.25532,22.39749,0.04408396
19.49934,18.96061,18.36641,18.13175,17.7659,0.2782486
22.60343,20.68404,18.84687,18.08869,17.59614,0.4158779
26.70468,22.86894,20.59869,19.53819,18.79423,0.6985967
20.02889,18.37301,17.2231,16.69236,16.31458,0.1828943
21.90824,21.15612,20.26974,19.5024,19.28745,0.5764474
19.39737,18.30337,17.55364,17.12443,16.88873,0.1992645
22.65344,21.74647,19.92633,19.08779,18.525,0.4436987
22.68172,21.30146,19.65713,19.08402,18.66225,0.3077319
19.37627,17.6861,16.75171,16.28199,15.9126,0.120684
18.23177,17.05403,16.63202,16.37278,16.20138,0.03831249
22.69858,22.45128,21.05573,19.86905,19.29548,0.6135291
20.19933,18.30893,17.31898,16.79971,16.41408,0.07297239
20.61494,18.47017,17.14164,16.61358,16.18157,0.1764336
18.36831,17.00235,16.27052,15.85709,15.56701,0.09608167
22.99374,22.41014,21.41997,20.0938,19.87757,0.7185305
25.77727,22.95438,21.28555,20.20017,19.53336,0.5731366
26.62855,21.0979,19.5211,18.75109,18.2855,0.4504516
23.08919,21.66246,20.65509,19.70883,19.74498,0.6091233
23.01882,20.17465,18.73802,18.19267,17.79423,0.1874663
23.28004,21.87305,20.80288,19.9049,19.46588,0.6223077
25.08425,24.16797,22.54508,21.05252,19.99449,0.6788192
17.30767,15.42127,14.56831,14.15722,13.84582,0.0517788
19.4775,17.51512,16.55689,16.11598,15.75708,0.08463446
24.40618,22.64368,20.64721,19.38843,18.92769,0.5905934
19.47586,18.25917,17.64935,17.29277,17.05087,0.106981
19.89899,18.07123,16.93958,16.45739,16.08762,0.1614137
25.3218,22.26403,20.5828,19.79928,19.4229,0.5457221
19.30635,18.11354,17.45049,17.04832,16.8144,0.1116962
24.4473,22.80925,21.21992,20.15285,19.67842,0.6242345
19.08864,17.06855,16.09059,15.61028,15.20187,0.07743859
19.69425,18.31794,17.64972,17.21081,16.99666,0.06917492
23.10642,22.95254,20.53077,19.61055,19.19346,0.8338225
19.47871,17.62571,16.88785,16.44994,16.14513,0.04741794
19.6962,17.79824,16.81899,16.32304,15.92651,0.06325169
23.18143,21.45933,19.88478,18.87472,18.44763,0.523615
22.47594,21.94361,20.44417,19.54177,19.07351,0.5261999
22.34451,21.86831,21.70471,21.7182,20.52321,0.6791671
24.869,22.04801,20.43406,19.6585,19.01811,0.438523
22.84053,20.39944,18.65263,18.06597,17.73104,0.3248609
24.24887,21.65428,20.01899,19.24823,18.80849,0.4594583
22.23484,21.5459,19.82497,18.98425,18.43447,0.4722266
18.43043,17.24816,16.73124,16.4867,16.279,0.006282841
26.37865,21.28272,20.2907,19.41383,18.98752,0.5008558
25.63203,21.36018,19.64217,18.83603,18.34689,0.4846148
18.30378,17.4778,17.16031,17.01613,16.88112,0.02315128
19.0538,17.88034,17.42743,17.07866,16.88828,0.05483358
21.89058,20.8098,19.65364,19.23565,18.87643,0.3860052
22.99075,21.35653,19.69348,18.82249,18.38165,0.4220714
22.59492,20.23998,18.53787,17.92035,17.5481,0.3104749
20.86374,18.85014,17.70742,17.22201,16.97198,0.1888192
23.36026,22.03922,20.49769,19.50822,19.02504,0.4744639
21.58744,19.19932,17.82332,17.26714,16.92309,0.2517084
25.92279,22.12728,20.16139,19.19732,18.78089,0.5715964
23.99924,21.99268,20.27943,19.27669,18.60029,0.5819113
20.30318,18.81283,17.87266,17.34881,16.97509,0.08976006
21.36485,19.31905,17.88243,17.26975,16.85733,0.2109797
18.89236,17.22599,16.30219,15.87785,15.54697,0.1165711
25.53215,22.00806,20.53444,19.53733,19.09885,0.5116742
25.24836,23.23697,21.21511,20.11064,19.71926,0.5481378
24.15248,21.68618,20.18937,19.43707,18.89173,0.4361825
20.09851,18.40842,17.26091,16.72275,16.33291,0.1646344
19.58892,17.98738,17.08249,16.66446,16.30886,0.125584
23.2991,20.90416,18.99363,18.33286,17.95512,0.3579709
25.30674,22.75973,21.09275,20.06801,19.60516,0.4883208
23.36575,21.94493,21.01023,19.91716,19.42613,0.7263439
20.11018,18.38915,17.6334,17.18165,16.92933,0.09502017
22.65014,21.44993,19.99613,19.2075,18.66161,0.5439922
19.30239,17.90054,17.11262,16.66364,16.33702,0.1213931
24.11357,22.37551,20.89689,19.90593,19.31573,0.5241184
19.06049,17.15722,16.17834,15.67851,15.28477,0.05476647
17.94159,16.6496,16.00563,15.64483,15.36471,0.03446059
19.83428,17.90334,16.92566,16.5012,16.14511,0.1064986
21.64898,19.64812,18.29892,17.80274,17.38852,0.1918977
20.68374,18.69735,17.49783,16.96939,16.55197,0.1541486
25.63015,22.30146,20.83822,19.60102,19.13019,0.6436158
24.88938,22.94801,20.78,19.79886,19.36404,0.5147102
22.52787,22.41401,20.60385,19.65226,19.15022,0.5449793
22.60879,22.54503,20.73092,19.88984,19.48175,0.5008316
21.9404,20.57561,19.20462,18.69142,18.32667,0.3619991
23.00995,21.9959,20.22206,19.24242,18.70026,0.5324205
19.52857,17.96831,17.18061,16.71733,16.4081,0.06187386
23.18902,21.99313,20.37499,19.29595,18.65383,0.5597271
19.76837,17.68569,16.76708,16.37117,16.04427,0.09216689
21.14886,19.33527,17.90425,17.37216,17.00495,0.2652092
19.5963,17.69892,16.66602,16.10822,15.68855,0.09024068
20.60042,18.67329,17.50397,16.98094,16.66403,0.1967334
19.67085,18.23711,17.54917,17.14211,16.84025,0.09295561
23.31428,21.4537,19.74947,18.94956,18.54288,0.4775945
19.47154,17.532,16.45073,16.00079,15.61405,0.1254262
20.11292,18.39377,17.48771,17.04271,16.72986,0.1168778
24.00592,20.54317,19.36835,18.71489,18.20515,0.1688475
20.95842,18.95919,17.67434,17.19588,16.84216,0.2005697
19.87769,18.35581,17.61893,17.25599,16.96311,0.09292996
18.62209,16.74861,15.83243,15.39431,15.06781,0.08184823
17.85313,16.48477,15.91462,15.55956,15.33079,0.06163909
24.19404,22.18822,20.74509,19.54751,19.12733,0.7506093
18.80823,17.32681,16.67316,16.32655,16.15389,0.06989462
16.9911,15.17415,14.37363,13.99589,13.71774,0.03983419
24.09338,22.6741,21.03809,19.93688,19.35913,0.5064817
22.85574,22.03194,20.62865,19.8554,19.45425,0.5257568
22.20202,20.72111,19.27757,18.73614,18.32994,0.2960176
17.06971,15.19219,14.37104,13.96313,13.64906,0.0319376
23.80042,22.73893,20.76919,19.88357,19.31071,0.5287012
18.92198,17.66798,17.08704,16.7451,16.52658,0.05392269
20.82345,18.60601,17.52299,17.00655,16.54472,0.1050482
21.46104,20.49034,18.74799,18.07607,17.63454,0.4106959
24.72223,24.07584,21.71205,20.78057,19.82332,0.8727358
22.94832,23.11181,21.13803,20.16686,19.68121,0.4500618
25.26716,20.94946,19.19779,18.51439,18.07018,0.3722841
19.06664,17.94695,17.52779,17.22639,17.05749,0.0721067
22.25846,20.20755,18.45519,17.85969,17.39393,0.3532907
21.04967,19.13895,17.74565,17.17696,16.82849,0.2747526
19.58438,17.60575,16.52199,16.04822,15.67833,0.1253925
23.09054,22.85735,20.85676,19.89245,19.31774,0.4913589
23.02113,21.82136,20.65707,19.78721,19.38573,0.5750633
20.11629,18.34993,17.28759,16.84405,16.51774,0.1556086
24.99275,21.13642,19.67732,18.81211,18.45386,0.4933319
23.6931,22.40944,20.68736,19.6066,19.08223,0.5973266
25.21633,22.38723,20.55769,19.73029,19.35626,0.3234244
24.16631,22.36854,20.39401,19.38899,18.84174,0.5434204
24.78848,21.58929,19.81946,19.00687,18.53431,0.4464727
20.55509,18.5024,17.25141,16.77685,16.43557,0.1903572
23.68571,19.63033,18.19133,17.48669,16.98402,0.2269999
24.49653,20.45399,18.74911,18.08882,17.65527,0.3744827
22.34832,21.55654,20.1772,19.44146,19.13691,0.5302181
25.87755,23.25101,21.15787,19.98195,19.25057,0.6089982
20.09741,18.29237,17.4124,16.97715,16.65047,0.1051209
20.63586,18.86939,17.36156,16.80142,16.38964,0.2560846
25.33443,20.79112,19.07495,18.2593,17.78938,0.4610173
23.7552,22.07555,20.04303,19.06518,18.40235,0.5836644
19.40374,17.99455,17.54217,17.31659,17.16836,0.05008202
22.81713,20.46148,18.83752,18.22303,17.91891,0.3570816
19.80906,18.07502,17.11748,16.62487,16.24348,0.05906758
24.83232,22.39942,20.83315,19.76442,19.13346,0.4993244
23.68355,23.35007,21.25667,20.22871,19.75096,0.5197521
24.36609,21.10108,19.25107,18.63755,18.36184,0.3270001
23.14559,21.7422,21.04728,21.02164,22.05312,0.3315136
22.7579,21.7637,20.07693,19.16816,18.75579,0.50618
19.68059,18.48562,17.7522,17.35954,17.12668,0.1512439
20.24471,17.88456,16.68567,16.15274,15.77582,0.1352533
20.14917,18.18002,17.10327,16.63312,16.27533,0.1314835
18.72809,17.56031,16.98142,16.57126,16.40035,0.1045228
26.32031,22.1038,20.20038,19.2062,18.65146,0.53563
22.67696,19.85081,17.90156,16.79498,16.02905,0.9153443
25.44354,24.0619,21.5052,19.99985,19.54584,0.7302032
21.53378,19.31417,17.67767,17.03884,16.68083,0.3119271
23.0017,22.11804,20.73684,19.66466,19.23264,0.5784276
24.13764,22.88791,21.00364,19.8836,19.38639,0.5455383
20.34738,18.23363,17.17038,16.71479,16.40584,0.1364668
24.50997,22.21065,20.63133,19.55487,19.22273,0.5345374
20.49029,18.5515,17.39788,16.89931,16.53922,0.1448188
21.36225,19.60869,18.13638,17.61842,17.23051,0.2489098
22.50952,22.10299,21.52553,21.60624,20.91067,0.3062499
19.14583,18.07603,17.63521,17.34571,17.16308,0.05030813
19.2046,18.08488,17.49803,17.12994,16.87485,0.09806354
23.02787,22.01362,20.55261,19.51554,19.13069,0.5399897
17.37162,16.17903,15.5015,15.05806,14.78616,0.06492077
23.20514,22.25576,20.44301,19.57251,18.99579,0.5451277
24.20387,22.22399,20.5802,19.6946,19.67613,0.450693
19.24867,18.11444,17.65325,17.34384,17.16264,0.09134351
25.41228,22.17085,21.03885,20.03956,20.42935,0.3836905
22.54596,22.53708,20.84963,19.90441,19.44046,0.6215153
24.8526,23.02667,21.84807,20.56628,19.91892,0.6089118
23.43345,22.57002,20.81349,19.71677,19.30528,0.562028
19.09698,18.2434,17.99472,17.87978,17.78229,0.02321321
23.26892,22.13732,20.51833,19.61464,19.12041,0.484286
20.97549,20.45935,20.05078,19.10559,20.18387,0.08360136
19.45568,17.47262,16.46651,16.00808,15.6326,0.09642675
19.29782,18.26832,17.63864,17.24668,17.0844,0.1547036
17.15345,15.10307,14.18622,13.75776,13.43596,0.04812082
17.85801,27.85171,16.01663,15.67231,15.49606,0.07330353
22.05756,21.79999,20.7557,19.79911,19.31962,0.6754308
20.40089,17.9775,16.88818,16.35019,15.99371,0.1515995
21.11304,20.03057,19.52063,19.15372,18.97519,0.1267091
22.76379,22.57386,20.87057,19.75343,19.58142,0.6125901
18.17273,16.40747,15.49939,15.03498,14.64585,0.03846115
23.35674,21.42667,19.94684,19.13912,18.82183,0.4890786
22.35258,20.06695,18.55968,17.93645,17.55145,0.2480456
23.84862,21.57758,20.32555,19.70424,19.37744,0.3106551
25.37975,22.24656,20.56346,19.5212,19.09453,0.6568318
21.53348,20.19058,18.57333,17.95663,17.55837,0.2806664
20.76707,18.90556,17.75803,17.27671,16.9568,0.1867668
20.03699,17.99154,16.98931,16.51991,16.18568,0.1292191
20.45804,18.3608,17.27493,16.73625,16.31093,0.1380264
18.9566,17.31075,16.58164,16.22454,15.96636,0.04321067
18.82432,16.85036,15.93546,15.499,15.20179,0.05495768
22.42547,19.57562,18.00491,17.37142,16.97967,0.2260248
23.38108,21.62843,20.23323,19.46053,19.17927,0.4673436
23.73917,23.27417,20.98729,19.73389,19.32373,0.6472378
23.4349,21.83236,20.3933,19.20273,18.64798,0.6098041
23.85734,22.16666,20.51837,19.70284,19.3205,0.4296479
19.18951,17.18931,16.19463,15.74153,15.35997,0.06170123
22.61851,21.58308,20.14325,19.39619,19.01435,0.5254909
23.64503,22.61053,20.95663,19.76994,19.33008,0.6123493
19.70501,18.61074,17.58618,17.1202,16.75873,0.2787163
24.00855,22.57314,21.21548,20.15823,19.57297,0.5593243
23.7022,21.76571,20.73923,19.98647,19.62048,0.6374297
23.10851,19.74961,18.09479,17.47196,17.06529,0.3293764
21.39432,19.10565,17.73732,17.21638,16.88292,0.2052957
23.06284,20.59204,18.90217,18.32183,17.89309,0.3253097
22.68245,20.72038,18.97363,18.33351,17.88804,0.387307
25.85578,21.46138,19.63778,18.67375,18.06802,0.5227647
22.82002,21.4175,19.54306,18.87173,18.45578,0.3965011
20.10094,18.19467,17.13941,16.62159,16.25396,0.1472446
20.28917,18.41121,17.51764,17.09924,16.78052,0.08210304
24.41152,22.59207,20.85848,19.92034,19.55493,0.4672486
21.7683,19.76056,18.24737,17.72289,17.38528,0.2449236
23.82651,22.95207,21.31674,20.26044,19.61504,0.5366467
17.19102,15.37093,14.59004,14.17882,13.87102,0.04912869
19.87905,18.22159,24.80205,24.36182,16.70045,0.04085884
19.35204,17.48185,16.4097,15.92843,15.5369,0.1604318
20.05145,18.49343,17.61724,17.2055,16.86562,0.1127423
25.14807,21.7531,20.28908,19.46546,19.02611,0.4888103
18.96611,17.16937,16.25292,15.77902,15.41677,0.07428328
23.75075,21.93204,20.17631,19.35059,18.79032,0.4591263
21.49808,18.91603,17.49551,16.99743,16.60042,0.2285871
23.47133,23.20689,20.98052,19.72215,18.95479,0.6286113
26.53037,22.59274,20.60505,19.67317,19.19489,0.5568756
26.51131,21.67184,20.05782,19.11406,18.58207,0.4824217
17.28657,15.41316,14.54828,14.14082,13.83188,0.02608845
23.68063,23.02941,20.80066,19.49636,19.01302,0.6217658
25.90009,23.67946,22.00417,20.6715,19.95757,0.7350996
17.9047,16.34913,15.47342,15.04225,14.70302,0.1149159
22.8582,21.92042,20.30074,19.46548,19.11417,0.4634691
24.47994,22.12252,21.72885,21.79801,21.78406,0.1488589
23.23072,22.56336,20.73852,19.72771,19.23623,0.5058527
22.55661,21.39684,20.59672,19.74226,19.54971,0.6678603
24.5251,21.49331,19.97068,19.15964,18.65246,0.4789997
20.07437,18.43518,17.25632,16.72004,16.38087,0.1748581
21.3405,19.10138,17.96894,17.48213,17.10244,0.1380182
23.51822,20.36541,18.72417,18.1065,17.68205,0.3072538
21.05459,20.49163,20.03899,20.39193,19.65329,0.3375096
25.38523,24.70683,21.79601,20.25853,19.80771,0.5754844
23.35514,24.70351,21.20759,20.00159,19.4278,0.7652043
19.6991,17.83941,16.9284,16.51654,16.19225,0.1029902
22.30394,21.13272,20.14571,19.32821,19.04712,0.5669125
25.233,22.03329,20.87498,20.05688,20.34643,0.5961981
18.98894,17.53931,16.65826,16.22338,15.85466,0.1150056
25.00365,21.04186,19.2983,18.64891,18.31404,0.3930419
19.58864,18.22024,17.55367,17.17058,16.93989,0.08603808
18.3359,16.77431,15.95771,15.55804,15.23488,0.08159836
23.55564,22.44286,20.64523,19.50886,19.02793,0.5708537
24.65196,22.06295,20.28575,19.31281,18.92198,0.5977201
19.3008,17.31907,16.32161,15.87641,15.5236,0.08043738
20.02107,18.04181,17.10134,16.73124,16.33044,0.1084686
19.60586,18.17074,17.27391,16.83142,16.51841,0.1352576
24.34387,22.45771,20.66511,19.68181,19.25728,0.4779448
21.80814,20.68879,19.42924,18.84544,18.52652,0.3548851
20.72142,19.61129,18.55966,18.06519,17.59603,0.267607
20.13053,18.38539,17.57487,17.18371,16.88173,0.05382016
20.67356,18.76517,17.71502,17.27495,16.96968,0.1515657
26.35197,22.24594,20.67313,19.72534,19.15418,0.5282828
18.90413,17.63538,17.13349,16.85226,16.71968,0.04234997
21.98564,21.02362,19.93143,19.60534,19.17101,0.363914
23.37458,22.60549,20.3238,19.24281,18.5754,0.5723159
22.80576,21.58863,19.49428,18.81918,18.30724,0.3608901
23.22031,24.62552,21.74008,20.49155,20.05302,0.6487078
26.74011,22.42942,20.86035,19.91945,19.32851,0.5165485
24.92921,20.73062,19.02939,18.37249,17.92148,0.3174
19.25171,17.93428,17.24924,16.85803,16.52979,0.0835692
20.12447,18.18899,17.04119,16.56453,16.18367,0.1457813
24.55772,22.022,20.77616,19.69987,19.22935,0.5223387
21.88373,19.54581,17.99624,17.40781,17.05078,0.2624263
21.87036,20.23728,18.72507,18.0849,17.71202,0.3654178
19.538,17.462,16.32395,15.82749,15.42751,0.1210181
24.27571,22.42873,20.80594,19.79096,19.2837,0.5688621
23.38226,22.16935,20.49247,19.54117,19.0488,0.496919
17.92732,16.10094,15.2147,14.76278,14.40327,0.03769721
22.43151,22.01469,21.24487,20.57928,19.66266,0.7606358
19.80257,17.55269,16.44995,15.98984,15.6017,0.1210921
25.85791,21.82464,20.03244,19.16932,18.46518,0.4912473
19.05211,17.99501,17.66289,17.35952,17.28909,0.06304429
20.99016,18.90373,17.60553,17.10963,16.7472,0.1924806
19.41234,18.22713,17.69289,17.39161,17.22241,0.09578895
20.10346,18.48272,17.65894,17.15915,16.80246,0.08181598
23.70706,21.56715,19.99258,19.13394,18.69005,0.4762655
19.93825,18.29563,17.40838,16.88456,16.49797,0.0629468
21.55347,20.19824,18.47474,17.8266,17.45963,0.3547997
20.16206,19.4669,18.74189,18.42411,18.04448,0.2686578
26.69824,22.06478,20.44954,19.66428,19.05725,0.531063
25.42049,20.82511,18.36101,17.46963,17.19226,0.4615061
23.38072,22.19099,20.45301,19.33831,18.80938,0.6130535
19.70499,18.19396,17.37883,16.92132,16.63044,0.08737327
27.18015,23.46825,21.41555,20.50801,20.02238,0.5587245
22.78419,21.45237,19.69532,18.8887,18.56428,0.4482894
19.77097,17.7846,16.74534,16.27003,15.87944,0.09886554
26.83742,22.47305,20.83687,19.77281,19.38007,0.5253075
19.36442,17.4384,16.43308,16.00176,15.62666,0.1025254
19.85394,18.39481,17.57649,17.16612,16.84027,0.1030281
21.45148,18.99779,17.88641,17.37587,16.95667,0.1180808
24.37783,22.46973,20.65507,19.76984,19.48017,0.503247
23.29602,21.8085,20.74725,19.93244,19.26771,0.5937483
22.21701,19.54331,18.05224,17.501,17.11674,0.2395941
19.54968,17.69725,16.68826,16.27668,15.9399,0.1203461
24.06555,23.53138,21.53685,20.48261,19.72208,0.7265283
22.05672,21.41987,20.62613,19.61494,19.00177,0.6310809
21.90066,21.64231,19.03972,18.33663,17.96401,0.4665868
19.95617,17.9929,16.84732,16.3603,15.94058,0.1213164
18.54518,17.13739,16.45142,16.11142,15.79209,0.08082716
20.69031,18.81069,17.70199,17.19536,16.78771,0.1376946
22.44903,20.61931,18.84364,18.16405,17.7808,0.37024
19.39378,18.07857,17.49325,17.11494,16.8919,0.1000815
21.03812,18.86944,17.44801,16.88894,16.51903,0.2192927
19.93491,18.29324,17.45969,17.06526,16.75317,0.08654288
20.22427,18.64745,17.4847,16.96739,16.64857,0.2172145
24.14083,22.36421,20.72515,19.6779,19.3348,0.530291
19.51281,18.10851,17.56168,17.26458,17.13512,0.1037819
24.92365,22.69363,21.1174,19.91906,19.42405,0.6016815
23.04053,20.72833,18.9631,18.30153,17.89524,0.3166117
23.28252,22.37188,21.59638,21.55608,21.32451,0.3064041
26.46831,21.95006,20.12104,19.18283,18.60377,0.4864807
24.10472,21.65364,20.01624,19.24347,18.86249,0.4093326
20.28893,18.2167,17.15324,16.59993,16.10005,0.05917832
23.25967,22.36788,20.76235,19.73488,19.21178,0.6005614
22.28573,21.36617,19.83873,19.04244,18.62381,0.4700384
22.55936,20.45976,18.63974,17.98835,17.63856,0.3645581
19.81358,18.20647,17.64257,17.28263,17.14613,0.08541124
18.67317,16.71459,15.65859,15.14109,14.74427,0.1115411
20.8197,18.58261,17.48516,17.04243,16.67071,0.1243218
23.76388,21.88605,20.31453,19.95852,19.37008,0.4518956
21.5686,21.55554,19.74146,18.79427,18.27805,0.572225
20.48276,18.5176,17.52137,17.10773,16.75738,0.1249037
20.05604,18.38222,17.7288,17.31627,16.92217,0.06538387
23.15662,21.58446,20.60539,20.0464,19.65063,0.6115341
23.98709,23.4065,21.45928,20.10917,19.59148,0.6011155
19.89895,17.8597,16.89327,16.47088,16.13621,0.09136865
19.41513,17.53132,16.5784,16.15435,15.7886,0.1026829
22.71392,22.48835,21.55968,20.18874,19.46285,0.8050875
24.33539,22.0542,20.29786,19.53474,19.13129,0.3713812
23.93889,22.86827,20.88912,19.67955,19.48545,0.6378962
17.9216,16.85208,16.53353,16.30932,16.16315,0.0424368
25.32767,24.51677,21.1617,20.0618,19.58938,0.5589536
20.73676,18.87608,17.8095,17.32741,16.97169,0.1464401
24.43585,22.36417,20.65587,19.78721,19.34901,0.4419418
19.00873,17.84218,17.30995,16.94777,16.75808,0.08041508
23.43214,20.07077,18.52086,17.9142,17.62577,0.2690376
20.58103,18.66334,17.5109,17.01492,16.64437,0.1724095
25.70497,21.93823,20.4971,19.38412,19.06715,0.5757608
23.13976,21.41013,19.82452,19.01476,18.55933,0.4628894
21.42317,19.33129,17.88961,17.26177,16.81327,0.2101504
21.91367,19.97848,18.31813,17.69957,17.35999,0.3284812
20.83894,18.7825,17.64302,17.03308,16.53287,0.09942516
20.84675,18.71995,17.60611,17.11392,16.70932,0.1219135
23.32193,22.29519,20.69856,19.59748,19.28211,0.5346025
23.88084,23.06389,21.00652,19.87315,19.18142,0.6080765
20.8549,18.99213,18.01376,17.45855,17.11224,0.1203614
18.92652,16.94738,15.95187,15.52648,15.18655,0.09441807
22.657,21.61564,20.30946,19.57277,19.09065,0.5243968
21.18609,19.3657,17.85612,17.32059,16.96071,0.2613816
21.42373,19.37052,17.77344,17.20946,16.84984,0.266476
18.79145,16.90855,16.02695,15.61817,15.29279,0.06379701
22.40126,20.55805,18.68406,17.99796,17.56249,0.3825409
19.36542,17.62642,16.92986,16.61403,16.37551,0.07562018
23.70456,21.44769,20.43282,19.70142,19.36277,0.2470748
24.59803,21.93904,20.28252,19.42766,19.09354,0.4972978
18.95382,17.99921,17.37481,16.93092,16.67104,0.1664092
23.1371,21.64542,19.91748,19.11554,18.66379,0.4241439
23.22279,21.3343,19.33288,18.58919,18.09712,0.4137394
20.07712,18.33148,17.36353,16.89085,16.56011,0.1399496
24.67479,21.03469,19.30926,18.56428,18.04923,0.4378827
22.91154,20.79496,19.0199,18.4058,17.98174,0.3490829
21.65192,21.21322,20.40852,19.65938,19.11092,0.6284307
17.98982,16.81328,16.10976,15.70084,15.41119,0.0833296
24.0369,22.41942,20.63571,19.56842,19.06432,0.5800053
25.06565,23.42922,21.26766,20.14209,19.46004,0.6221085
18.31139,17.06909,16.5393,16.21875,16.03977,0.05285931
23.36764,21.02902,19.2051,18.34966,17.99517,0.4656132
23.09014,21.062,19.202,18.51786,18.08732,0.3983428
18.85464,17.31442,16.53021,16.10757,15.77984,0.08154573
23.91392,22.27622,20.4718,19.34868,18.8971,0.5347992
23.30391,22.97755,21.35116,20.06566,19.91289,0.5734949
21.45378,18.98453,17.53772,16.9951,16.64721,0.2277537
23.3134,22.19295,20.53571,19.43465,18.95857,0.5416005
22.52516,20.22355,18.40972,17.71103,17.21413,0.3120861
22.94538,24.39309,21.63112,20.40667,20.30463,0.6866682
23.29653,22.37539,20.46676,19.57456,19.27781,0.4762556
24.20089,22.08163,20.31372,19.37039,18.74175,0.4583145
20.10282,18.21984,17.31047,16.89781,16.57102,0.08479919
19.75964,18.1987,17.43695,17.05333,16.79128,0.09653199
18.18591,17.25832,17.01682,16.73008,16.67341,0.07243424
20.37861,18.38883,16.99981,16.4709,16.0738,0.2021881
22.16297,21.74115,20.73639,19.86924,19.5299,0.5940785
26.02937,21.77571,20.13467,19.32948,18.8657,0.4905096
24.25326,22.61367,21.00915,19.90257,19.44126,0.5971907
19.0787,17.72452,16.95472,16.54229,16.27574,0.09477089
19.49487,17.74269,16.60187,16.13243,15.83847,0.1699435
18.60726,17.34799,16.83561,16.53952,16.3672,0.05904239
19.01119,17.34459,16.55961,16.16784,15.88974,0.1236568
22.15185,20.70909,18.96346,18.3511,17.9433,0.3297113
25.07571,22.34356,20.53871,19.63628,18.99836,0.4907317
23.64913,23.03078,21.06048,20.06165,19.37605,0.6121038
24.65424,22.46235,20.87565,19.84243,19.38212,0.5429373
20.29533,18.72936,17.9411,17.52498,17.22732,0.06802198
23.87047,22.05602,20.83477,20.0364,19.74221,0.5390519
19.65742,18.2197,17.61945,17.2279,17.01943,0.06898671
22.39639,21.887,20.68046,19.92408,19.14336,0.4712389
25.1618,22.12033,21.316,20.12944,19.77487,0.7656346
